Name,Best LB,Best UB,Status,Selected
Falkenauer_u120_00.txt,48,48,Solved,1
Falkenauer_u120_01.txt,49,49,Solved,0
Falkenauer_u120_02.txt,46,46,Solved,1
Falkenauer_u120_03.txt,49,49,Solved,1
Falkenauer_u120_04.txt,50,50,Solved,0
Falkenauer_u120_05.txt,48,48,Solved,1
Falkenauer_u120_06.txt,48,48,Solved,1
Falkenauer_u120_07.txt,49,49,Solved,1
Falkenauer_u120_08.txt,50,50,Solved,1
Falkenauer_u120_09.txt,46,46,Solved,1
Falkenauer_u120_10.txt,52,52,Solved,0
Falkenauer_u120_11.txt,49,49,Solved,1
Falkenauer_u120_12.txt,48,48,Solved,1
Falkenauer_u120_13.txt,49,49,Solved,0
Falkenauer_u120_14.txt,50,50,Solved,0
Falkenauer_u120_15.txt,48,48,Solved,1
Falkenauer_u120_16.txt,52,52,Solved,0
Falkenauer_u120_17.txt,52,52,Solved,1
Falkenauer_u120_18.txt,49,49,Solved,1
Falkenauer_u120_19.txt,49,49,Solved,1
Falkenauer_u250_00.txt,99,99,Solved,1
Falkenauer_u250_01.txt,100,100,Solved,1
Falkenauer_u250_02.txt,102,102,Solved,1
Falkenauer_u250_03.txt,100,100,Solved,1
Falkenauer_u250_04.txt,101,101,Solved,1
Falkenauer_u250_05.txt,101,101,Solved,1
Falkenauer_u250_06.txt,102,102,Solved,1
Falkenauer_u250_07.txt,103,103,Solved,1
Falkenauer_u250_08.txt,105,105,Solved,1
Falkenauer_u250_09.txt,101,101,Solved,1
Falkenauer_u250_10.txt,105,105,Solved,1
Falkenauer_u250_11.txt,101,101,Solved,1
Falkenauer_u250_12.txt,105,105,Solved,1
Falkenauer_u250_13.txt,103,103,Solved,1
Falkenauer_u250_14.txt,100,100,Solved,1
Falkenauer_u250_15.txt,105,105,Solved,1
Falkenauer_u250_16.txt,97,97,Solved,1
Falkenauer_u250_17.txt,100,100,Solved,1
Falkenauer_u250_18.txt,100,100,Solved,1
Falkenauer_u250_19.txt,102,102,Solved,1
Falkenauer_u500_00.txt,198,198,Solved,1
Falkenauer_u500_01.txt,201,201,Solved,1
Falkenauer_u500_02.txt,202,202,Solved,1
Falkenauer_u500_03.txt,204,204,Solved,1
Falkenauer_u500_04.txt,206,206,Solved,1
Falkenauer_u500_05.txt,206,206,Solved,1
Falkenauer_u500_06.txt,207,207,Solved,1
Falkenauer_u500_07.txt,204,204,Solved,1
Falkenauer_u500_08.txt,196,196,Solved,1
Falkenauer_u500_09.txt,202,202,Solved,1
Falkenauer_u500_10.txt,200,200,Solved,1
Falkenauer_u500_11.txt,200,200,Solved,1
Falkenauer_u500_12.txt,199,199,Solved,1
Falkenauer_u500_13.txt,196,196,Solved,1
Falkenauer_u500_14.txt,204,204,Solved,1
Falkenauer_u500_15.txt,201,201,Solved,1
Falkenauer_u500_16.txt,202,202,Solved,1
Falkenauer_u500_17.txt,198,198,Solved,1
Falkenauer_u500_18.txt,202,202,Solved,1
Falkenauer_u500_19.txt,196,196,Solved,1
Falkenauer_u1000_00.txt,399,399,Solved,1
Falkenauer_u1000_01.txt,406,406,Solved,1
Falkenauer_u1000_02.txt,411,411,Solved,1
Falkenauer_u1000_03.txt,411,411,Solved,1
Falkenauer_u1000_04.txt,397,397,Solved,1
Falkenauer_u1000_05.txt,399,399,Solved,1
Falkenauer_u1000_06.txt,395,395,Solved,1
Falkenauer_u1000_07.txt,404,404,Solved,1
Falkenauer_u1000_08.txt,399,399,Solved,1
Falkenauer_u1000_09.txt,397,397,Solved,1
Falkenauer_u1000_10.txt,400,400,Solved,1
Falkenauer_u1000_11.txt,401,401,Solved,1
Falkenauer_u1000_12.txt,393,393,Solved,1
Falkenauer_u1000_13.txt,396,396,Solved,1
Falkenauer_u1000_14.txt,394,394,Solved,1
Falkenauer_u1000_15.txt,402,402,Solved,1
Falkenauer_u1000_16.txt,404,404,Solved,1
Falkenauer_u1000_17.txt,404,404,Solved,1
Falkenauer_u1000_18.txt,399,399,Solved,1
Falkenauer_u1000_19.txt,400,400,Solved,1
Falkenauer_t60_00.txt,20,20,Solved,1
Falkenauer_t60_01.txt,20,20,Solved,1
Falkenauer_t60_02.txt,20,20,Solved,1
Falkenauer_t60_03.txt,20,20,Solved,1
Falkenauer_t60_04.txt,20,20,Solved,1
Falkenauer_t60_05.txt,20,20,Solved,1
Falkenauer_t60_06.txt,20,20,Solved,1
Falkenauer_t60_07.txt,20,20,Solved,1
Falkenauer_t60_08.txt,20,20,Solved,1
Falkenauer_t60_09.txt,20,20,Solved,1
Falkenauer_t60_10.txt,20,20,Solved,1
Falkenauer_t60_11.txt,20,20,Solved,1
Falkenauer_t60_12.txt,20,20,Solved,1
Falkenauer_t60_13.txt,20,20,Solved,1
Falkenauer_t60_14.txt,20,20,Solved,1
Falkenauer_t60_15.txt,20,20,Solved,1
Falkenauer_t60_16.txt,20,20,Solved,1
Falkenauer_t60_17.txt,20,20,Solved,1
Falkenauer_t60_18.txt,20,20,Solved,1
Falkenauer_t60_19.txt,20,20,Solved,1
Falkenauer_t120_00.txt,40,40,Solved,1
Falkenauer_t120_01.txt,40,40,Solved,1
Falkenauer_t120_02.txt,40,40,Solved,1
Falkenauer_t120_03.txt,40,40,Solved,1
Falkenauer_t120_04.txt,40,40,Solved,1
Falkenauer_t120_05.txt,40,40,Solved,1
Falkenauer_t120_06.txt,40,40,Solved,1
Falkenauer_t120_07.txt,40,40,Solved,1
Falkenauer_t120_08.txt,40,40,Solved,1
Falkenauer_t120_09.txt,40,40,Solved,1
Falkenauer_t120_10.txt,40,40,Solved,1
Falkenauer_t120_11.txt,40,40,Solved,1
Falkenauer_t120_12.txt,40,40,Solved,1
Falkenauer_t120_13.txt,40,40,Solved,1
Falkenauer_t120_14.txt,40,40,Solved,1
Falkenauer_t120_15.txt,40,40,Solved,1
Falkenauer_t120_16.txt,40,40,Solved,1
Falkenauer_t120_17.txt,40,40,Solved,1
Falkenauer_t120_18.txt,40,40,Solved,1
Falkenauer_t120_19.txt,40,40,Solved,1
Falkenauer_t249_00.txt,83,83,Solved,1
Falkenauer_t249_01.txt,83,83,Solved,1
Falkenauer_t249_02.txt,83,83,Solved,1
Falkenauer_t249_03.txt,83,83,Solved,1
Falkenauer_t249_04.txt,83,83,Solved,1
Falkenauer_t249_05.txt,83,83,Solved,1
Falkenauer_t249_06.txt,83,83,Solved,1
Falkenauer_t249_07.txt,83,83,Solved,1
Falkenauer_t249_08.txt,83,83,Solved,1
Falkenauer_t249_09.txt,83,83,Solved,1
Falkenauer_t249_10.txt,83,83,Solved,1
Falkenauer_t249_11.txt,83,83,Solved,1
Falkenauer_t249_12.txt,83,83,Solved,1
Falkenauer_t249_13.txt,83,83,Solved,1
Falkenauer_t249_14.txt,83,83,Solved,1
Falkenauer_t249_15.txt,83,83,Solved,1
Falkenauer_t249_16.txt,83,83,Solved,1
Falkenauer_t249_17.txt,83,83,Solved,1
Falkenauer_t249_18.txt,83,83,Solved,1
Falkenauer_t249_19.txt,83,83,Solved,1
Falkenauer_t501_00.txt,167,167,Solved,1
Falkenauer_t501_01.txt,167,167,Solved,1
Falkenauer_t501_02.txt,167,167,Solved,1
Falkenauer_t501_03.txt,167,167,Solved,1
Falkenauer_t501_04.txt,167,167,Solved,1
Falkenauer_t501_05.txt,167,167,Solved,1
Falkenauer_t501_06.txt,167,167,Solved,1
Falkenauer_t501_07.txt,167,167,Solved,1
Falkenauer_t501_08.txt,167,167,Solved,1
Falkenauer_t501_09.txt,167,167,Solved,1
Falkenauer_t501_10.txt,167,167,Solved,1
Falkenauer_t501_11.txt,167,167,Solved,1
Falkenauer_t501_12.txt,167,167,Solved,1
Falkenauer_t501_13.txt,167,167,Solved,1
Falkenauer_t501_14.txt,167,167,Solved,1
Falkenauer_t501_15.txt,167,167,Solved,1
Falkenauer_t501_16.txt,167,167,Solved,1
Falkenauer_t501_17.txt,167,167,Solved,1
Falkenauer_t501_18.txt,167,167,Solved,1
Falkenauer_t501_19.txt,167,167,Solved,1
N1C1W1_A.txt,25,25,Solved,0
N1C1W1_B.txt,31,31,Solved,0
N1C1W1_C.txt,20,20,Solved,1
N1C1W1_D.txt,28,28,Solved,0
N1C1W1_E.txt,26,26,Solved,0
N1C1W1_F.txt,27,27,Solved,0
N1C1W1_G.txt,25,25,Solved,0
N1C1W1_H.txt,31,31,Solved,0
N1C1W1_I.txt,25,25,Solved,1
N1C1W1_J.txt,26,26,Solved,0
N1C1W1_K.txt,26,26,Solved,1
N1C1W1_L.txt,33,33,Solved,0
N1C1W1_M.txt,30,30,Solved,0
N1C1W1_N.txt,25,25,Solved,1
N1C1W1_O.txt,32,32,Solved,0
N1C1W1_P.txt,26,26,Solved,0
N1C1W1_Q.txt,28,28,Solved,0
N1C1W1_R.txt,25,25,Solved,1
N1C1W1_S.txt,28,28,Solved,0
N1C1W1_T.txt,28,28,Solved,0
N1C1W2_A.txt,29,29,Solved,1
N1C1W2_B.txt,30,30,Solved,0
N1C1W2_C.txt,33,33,Solved,0
N1C1W2_D.txt,31,31,Solved,0
N1C1W2_E.txt,36,36,Solved,1
N1C1W2_F.txt,30,30,Solved,0
N1C1W2_G.txt,30,30,Solved,0
N1C1W2_H.txt,33,33,Solved,0
N1C1W2_I.txt,35,35,Solved,0
N1C1W2_J.txt,34,34,Solved,1
N1C1W2_K.txt,35,35,Solved,0
N1C1W2_L.txt,31,31,Solved,0
N1C1W2_M.txt,30,30,Solved,0
N1C1W2_N.txt,33,33,Solved,0
N1C1W2_O.txt,29,29,Solved,0
N1C1W2_P.txt,33,33,Solved,0
N1C1W2_Q.txt,36,36,Solved,0
N1C1W2_R.txt,34,34,Solved,0
N1C1W2_S.txt,37,37,Solved,0
N1C1W2_T.txt,38,38,Solved,0
N1C1W4_A.txt,35,35,Solved,1
N1C1W4_B.txt,40,40,Solved,0
N1C1W4_C.txt,36,36,Solved,0
N1C1W4_D.txt,38,38,Solved,0
N1C1W4_E.txt,38,38,Solved,0
N1C1W4_F.txt,32,32,Solved,0
N1C1W4_G.txt,37,37,Solved,1
N1C1W4_H.txt,40,40,Solved,0
N1C1W4_I.txt,35,35,Solved,0
N1C1W4_J.txt,37,37,Solved,0
N1C1W4_K.txt,41,41,Solved,0
N1C1W4_L.txt,35,35,Solved,0
N1C1W4_M.txt,41,41,Solved,0
N1C1W4_N.txt,39,39,Solved,0
N1C1W4_O.txt,34,34,Solved,0
N1C1W4_P.txt,38,38,Solved,0
N1C1W4_Q.txt,34,34,Solved,0
N1C1W4_R.txt,38,38,Solved,0
N1C1W4_S.txt,36,36,Solved,1
N1C1W4_T.txt,42,42,Solved,0
N1C2W1_A.txt,21,21,Solved,0
N1C2W1_B.txt,26,26,Solved,0
N1C2W1_C.txt,23,23,Solved,1
N1C2W1_D.txt,21,21,Solved,0
N1C2W1_E.txt,17,17,Solved,0
N1C2W1_F.txt,22,22,Solved,0
N1C2W1_G.txt,21,21,Solved,1
N1C2W1_H.txt,23,23,Solved,0
N1C2W1_I.txt,27,27,Solved,0
N1C2W1_J.txt,27,27,Solved,0
N1C2W1_K.txt,24,24,Solved,0
N1C2W1_L.txt,25,25,Solved,0
N1C2W1_M.txt,26,26,Solved,0
N1C2W1_N.txt,21,21,Solved,1
N1C2W1_O.txt,15,15,Solved,0
N1C2W1_P.txt,21,21,Solved,0
N1C2W1_Q.txt,24,24,Solved,0
N1C2W1_R.txt,23,23,Solved,0
N1C2W1_S.txt,22,22,Solved,1
N1C2W1_T.txt,22,22,Solved,0
N1C2W2_A.txt,24,24,Solved,0
N1C2W2_B.txt,27,27,Solved,0
N1C2W2_C.txt,29,29,Solved,0
N1C2W2_D.txt,24,24,Solved,0
N1C2W2_E.txt,33,33,Solved,0
N1C2W2_F.txt,26,26,Solved,1
N1C2W2_G.txt,29,29,Solved,0
N1C2W2_H.txt,23,23,Solved,1
N1C2W2_I.txt,25,25,Solved,0
N1C2W2_J.txt,25,25,Solved,0
N1C2W2_K.txt,29,29,Solved,0
N1C2W2_L.txt,30,30,Solved,0
N1C2W2_M.txt,30,30,Solved,0
N1C2W2_N.txt,26,26,Solved,0
N1C2W2_O.txt,29,29,Solved,1
N1C2W2_P.txt,23,23,Solved,0
N1C2W2_Q.txt,30,30,Solved,0
N1C2W2_R.txt,25,25,Solved,0
N1C2W2_S.txt,24,24,Solved,0
N1C2W2_T.txt,26,26,Solved,1
N1C2W4_A.txt,29,29,Solved,0
N1C2W4_B.txt,32,32,Solved,1
N1C2W4_C.txt,30,30,Solved,0
N1C2W4_D.txt,28,28,Solved,1
N1C2W4_E.txt,30,30,Solved,0
N1C2W4_F.txt,32,32,Solved,0
N1C2W4_G.txt,30,30,Solved,1
N1C2W4_H.txt,30,30,Solved,0
N1C2W4_I.txt,35,35,Solved,0
N1C2W4_J.txt,30,30,Solved,0
N1C2W4_K.txt,32,32,Solved,0
N1C2W4_L.txt,31,31,Solved,1
N1C2W4_M.txt,31,31,Solved,0
N1C2W4_N.txt,32,32,Solved,0
N1C2W4_O.txt,30,30,Solved,0
N1C2W4_P.txt,28,28,Solved,0
N1C2W4_Q.txt,33,33,Solved,0
N1C2W4_R.txt,35,35,Solved,0
N1C2W4_S.txt,38,38,Solved,0
N1C2W4_T.txt,29,29,Solved,1
N1C3W1_A.txt,16,16,Solved,1
N1C3W1_B.txt,16,16,Solved,0
N1C3W1_C.txt,17,17,Solved,1
N1C3W1_D.txt,19,19,Solved,0
N1C3W1_E.txt,16,16,Solved,0
N1C3W1_F.txt,20,20,Solved,0
N1C3W1_G.txt,15,15,Solved,0
N1C3W1_H.txt,19,19,Solved,0
N1C3W1_I.txt,17,17,Solved,0
N1C3W1_J.txt,16,16,Solved,0
N1C3W1_K.txt,17,17,Solved,0
N1C3W1_L.txt,17,17,Solved,0
N1C3W1_M.txt,17,17,Solved,0
N1C3W1_N.txt,20,20,Solved,1
N1C3W1_O.txt,16,16,Solved,0
N1C3W1_P.txt,19,19,Solved,0
N1C3W1_Q.txt,20,20,Solved,0
N1C3W1_R.txt,21,21,Solved,1
N1C3W1_S.txt,16,16,Solved,0
N1C3W1_T.txt,18,18,Solved,0
N1C3W2_A.txt,19,19,Solved,0
N1C3W2_B.txt,20,20,Solved,1
N1C3W2_C.txt,22,22,Solved,0
N1C3W2_D.txt,20,20,Solved,0
N1C3W2_E.txt,21,21,Solved,0
N1C3W2_F.txt,23,23,Solved,1
N1C3W2_G.txt,23,23,Solved,1
N1C3W2_H.txt,23,23,Solved,1
N1C3W2_I.txt,19,19,Solved,1
N1C3W2_J.txt,22,22,Solved,1
N1C3W2_K.txt,21,21,Solved,1
N1C3W2_L.txt,21,21,Solved,0
N1C3W2_M.txt,21,21,Solved,1
N1C3W2_N.txt,22,22,Solved,0
N1C3W2_O.txt,21,21,Solved,0
N1C3W2_P.txt,18,18,Solved,1
N1C3W2_Q.txt,19,19,Solved,0
N1C3W2_R.txt,19,19,Solved,1
N1C3W2_S.txt,21,21,Solved,0
N1C3W2_T.txt,22,22,Solved,1
N1C3W4_A.txt,21,21,Solved,1
N1C3W4_B.txt,22,22,Solved,1
N1C3W4_C.txt,24,24,Solved,0
N1C3W4_D.txt,21,21,Solved,1
N1C3W4_E.txt,23,23,Solved,1
N1C3W4_F.txt,21,21,Solved,1
N1C3W4_G.txt,23,23,Solved,1
N1C3W4_H.txt,23,23,Solved,0
N1C3W4_I.txt,23,23,Solved,1
N1C3W4_J.txt,22,22,Solved,1
N1C3W4_K.txt,24,24,Solved,1
N1C3W4_L.txt,20,20,Solved,1
N1C3W4_M.txt,21,21,Solved,0
N1C3W4_N.txt,21,21,Solved,0
N1C3W4_O.txt,22,22,Solved,1
N1C3W4_P.txt,25,25,Solved,0
N1C3W4_Q.txt,25,25,Solved,0
N1C3W4_R.txt,22,22,Solved,0
N1C3W4_S.txt,22,22,Solved,0
N1C3W4_T.txt,24,24,Solved,1
N2C1W1_A.txt,48,48,Solved,1
N2C1W1_B.txt,49,49,Solved,1
N2C1W1_C.txt,46,46,Solved,0
N2C1W1_D.txt,50,50,Solved,1
N2C1W1_E.txt,58,58,Solved,1
N2C1W1_F.txt,50,50,Solved,1
N2C1W1_G.txt,60,60,Solved,1
N2C1W1_H.txt,52,52,Solved,1
N2C1W1_I.txt,62,62,Solved,0
N2C1W1_J.txt,59,59,Solved,0
N2C1W1_K.txt,55,55,Solved,0
N2C1W1_L.txt,55,55,Solved,0
N2C1W1_M.txt,46,46,Solved,0
N2C1W1_N.txt,48,48,Solved,0
N2C1W1_O.txt,48,48,Solved,1
N2C1W1_P.txt,54,54,Solved,0
N2C1W1_Q.txt,46,46,Solved,0
N2C1W1_R.txt,56,56,Solved,0
N2C1W1_S.txt,45,45,Solved,0
N2C1W1_T.txt,52,52,Solved,0
N2C1W2_A.txt,64,64,Solved,1
N2C1W2_B.txt,61,61,Solved,0
N2C1W2_C.txt,68,68,Solved,0
N2C1W2_D.txt,74,74,Solved,0
N2C1W2_E.txt,65,65,Solved,0
N2C1W2_F.txt,65,65,Solved,1
N2C1W2_G.txt,73,73,Solved,0
N2C1W2_H.txt,70,70,Solved,0
N2C1W2_I.txt,67,67,Solved,0
N2C1W2_J.txt,67,67,Solved,0
N2C1W2_K.txt,72,72,Solved,0
N2C1W2_L.txt,62,62,Solved,1
N2C1W2_M.txt,65,65,Solved,0
N2C1W2_N.txt,64,64,Solved,1
N2C1W2_O.txt,64,64,Solved,0
N2C1W2_P.txt,68,68,Solved,0
N2C1W2_Q.txt,65,65,Solved,0
N2C1W2_R.txt,67,67,Solved,0
N2C1W2_S.txt,66,66,Solved,0
N2C1W2_T.txt,66,66,Solved,0
N2C1W4_A.txt,73,73,Solved,1
N2C1W4_B.txt,71,71,Solved,1
N2C1W4_C.txt,77,77,Solved,0
N2C1W4_D.txt,82,82,Solved,0
N2C1W4_E.txt,73,73,Solved,1
N2C1W4_F.txt,77,77,Solved,0
N2C1W4_G.txt,71,71,Solved,0
N2C1W4_H.txt,75,75,Solved,0
N2C1W4_I.txt,73,73,Solved,0
N2C1W4_J.txt,74,74,Solved,0
N2C1W4_K.txt,70,70,Solved,0
N2C1W4_L.txt,75,75,Solved,1
N2C1W4_M.txt,72,72,Solved,1
N2C1W4_N.txt,71,71,Solved,0
N2C1W4_O.txt,80,80,Solved,0
N2C1W4_P.txt,67,67,Solved,0
N2C1W4_Q.txt,75,75,Solved,0
N2C1W4_R.txt,70,70,Solved,0
N2C1W4_S.txt,80,80,Solved,0
N2C1W4_T.txt,70,70,Solved,0
N2C2W1_A.txt,42,42,Solved,1
N2C2W1_B.txt,50,50,Solved,0
N2C2W1_C.txt,40,40,Solved,0
N2C2W1_D.txt,42,42,Solved,0
N2C2W1_E.txt,40,40,Solved,0
N2C2W1_F.txt,49,49,Solved,1
N2C2W1_G.txt,45,45,Solved,0
N2C2W1_H.txt,46,46,Solved,1
N2C2W1_I.txt,45,45,Solved,1
N2C2W1_J.txt,42,42,Solved,0
N2C2W1_K.txt,41,41,Solved,0
N2C2W1_L.txt,49,49,Solved,0
N2C2W1_M.txt,44,44,Solved,1
N2C2W1_N.txt,43,43,Solved,1
N2C2W1_O.txt,50,50,Solved,0
N2C2W1_P.txt,46,46,Solved,0
N2C2W1_Q.txt,49,49,Solved,0
N2C2W1_R.txt,41,41,Solved,0
N2C2W1_S.txt,43,43,Solved,1
N2C2W1_T.txt,39,39,Solved,0
N2C2W2_A.txt,52,52,Solved,0
N2C2W2_B.txt,56,56,Solved,1
N2C2W2_C.txt,53,53,Solved,0
N2C2W2_D.txt,51,51,Solved,0
N2C2W2_E.txt,54,54,Solved,1
N2C2W2_F.txt,48,48,Solved,1
N2C2W2_G.txt,53,53,Solved,0
N2C2W2_H.txt,53,53,Solved,0
N2C2W2_I.txt,49,49,Solved,1
N2C2W2_J.txt,56,56,Solved,0
N2C2W2_K.txt,50,50,Solved,1
N2C2W2_L.txt,52,52,Solved,1
N2C2W2_M.txt,54,54,Solved,1
N2C2W2_N.txt,51,51,Solved,0
N2C2W2_O.txt,50,50,Solved,1
N2C2W2_P.txt,50,50,Solved,1
N2C2W2_Q.txt,54,54,Solved,0
N2C2W2_R.txt,51,51,Solved,1
N2C2W2_S.txt,58,58,Solved,0
N2C2W2_T.txt,56,56,Solved,0
N2C2W4_A.txt,57,57,Solved,1
N2C2W4_B.txt,60,60,Solved,0
N2C2W4_C.txt,65,65,Solved,0
N2C2W4_D.txt,61,61,Solved,0
N2C2W4_E.txt,60,60,Solved,0
N2C2W4_F.txt,57,57,Solved,0
N2C2W4_G.txt,61,61,Solved,0
N2C2W4_H.txt,61,61,Solved,0
N2C2W4_I.txt,58,58,Solved,1
N2C2W4_J.txt,60,60,Solved,0
N2C2W4_K.txt,59,59,Solved,0
N2C2W4_L.txt,57,57,Solved,0
N2C2W4_M.txt,60,60,Solved,0
N2C2W4_N.txt,63,63,Solved,0
N2C2W4_O.txt,62,62,Solved,0
N2C2W4_P.txt,60,60,Solved,1
N2C2W4_Q.txt,62,62,Solved,0
N2C2W4_R.txt,56,56,Solved,1
N2C2W4_S.txt,55,55,Solved,1
N2C2W4_T.txt,57,57,Solved,1
N2C3W1_A.txt,35,35,Solved,0
N2C3W1_B.txt,35,35,Solved,0
N2C3W1_C.txt,35,35,Solved,0
N2C3W1_D.txt,37,37,Solved,0
N2C3W1_E.txt,34,34,Solved,0
N2C3W1_F.txt,35,35,Solved,0
N2C3W1_G.txt,33,33,Solved,0
N2C3W1_H.txt,35,35,Solved,0
N2C3W1_I.txt,34,34,Solved,0
N2C3W1_J.txt,33,33,Solved,0
N2C3W1_K.txt,36,36,Solved,0
N2C3W1_L.txt,35,35,Solved,0
N2C3W1_M.txt,31,31,Solved,0
N2C3W1_N.txt,32,32,Solved,0
N2C3W1_O.txt,35,35,Solved,0
N2C3W1_P.txt,35,35,Solved,0
N2C3W1_Q.txt,34,34,Solved,0
N2C3W1_R.txt,33,33,Solved,0
N2C3W1_S.txt,36,36,Solved,0
N2C3W1_T.txt,35,35,Solved,0
N2C3W2_A.txt,41,41,Solved,1
N2C3W2_B.txt,43,43,Solved,1
N2C3W2_C.txt,41,41,Solved,1
N2C3W2_D.txt,41,41,Solved,1
N2C3W2_E.txt,39,39,Solved,1
N2C3W2_F.txt,39,39,Solved,1
N2C3W2_G.txt,41,41,Solved,0
N2C3W2_H.txt,38,38,Solved,0
N2C3W2_I.txt,44,44,Solved,1
N2C3W2_J.txt,43,43,Solved,1
N2C3W2_K.txt,42,42,Solved,0
N2C3W2_L.txt,41,41,Solved,1
N2C3W2_M.txt,43,43,Solved,1
N2C3W2_N.txt,41,41,Solved,1
N2C3W2_O.txt,45,45,Solved,1
N2C3W2_P.txt,41,41,Solved,0
N2C3W2_Q.txt,41,41,Solved,1
N2C3W2_R.txt,40,40,Solved,1
N2C3W2_S.txt,43,43,Solved,1
N2C3W2_T.txt,43,43,Solved,0
N2C3W4_A.txt,43,43,Solved,1
N2C3W4_B.txt,45,45,Solved,1
N2C3W4_C.txt,42,42,Solved,1
N2C3W4_D.txt,44,44,Solved,1
N2C3W4_E.txt,47,47,Solved,0
N2C3W4_F.txt,45,45,Solved,1
N2C3W4_G.txt,44,44,Solved,1
N2C3W4_H.txt,44,44,Solved,1
N2C3W4_I.txt,44,44,Solved,1
N2C3W4_J.txt,43,43,Solved,1
N2C3W4_K.txt,47,47,Solved,1
N2C3W4_L.txt,45,45,Solved,1
N2C3W4_M.txt,44,44,Solved,1
N2C3W4_N.txt,45,45,Solved,1
N2C3W4_O.txt,45,45,Solved,1
N2C3W4_P.txt,45,45,Solved,1
N2C3W4_Q.txt,46,46,Solved,1
N2C3W4_R.txt,42,42,Solved,1
N2C3W4_S.txt,42,42,Solved,1
N2C3W4_T.txt,46,46,Solved,1
N3C1W1_A.txt,105,105,Solved,1
N3C1W1_B.txt,114,114,Solved,1
N3C1W1_C.txt,99,99,Solved,0
N3C1W1_D.txt,108,108,Solved,0
N3C1W1_E.txt,98,98,Solved,1
N3C1W1_F.txt,113,113,Solved,0
N3C1W1_G.txt,111,111,Solved,0
N3C1W1_H.txt,104,104,Solved,1
N3C1W1_I.txt,100,100,Solved,0
N3C1W1_J.txt,108,108,Solved,0
N3C1W1_K.txt,102,102,Solved,1
N3C1W1_L.txt,97,97,Solved,0
N3C1W1_M.txt,106,106,Solved,1
N3C1W1_N.txt,93,93,Solved,0
N3C1W1_O.txt,98,98,Solved,1
N3C1W1_P.txt,108,108,Solved,0
N3C1W1_Q.txt,98,98,Solved,1
N3C1W1_R.txt,99,99,Solved,1
N3C1W1_S.txt,100,100,Solved,1
N3C1W1_T.txt,102,102,Solved,0
N3C1W2_A.txt,125,125,Solved,0
N3C1W2_B.txt,126,126,Solved,0
N3C1W2_C.txt,125,125,Solved,0
N3C1W2_D.txt,139,139,Solved,0
N3C1W2_E.txt,132,132,Solved,0
N3C1W2_F.txt,123,123,Solved,0
N3C1W2_G.txt,132,132,Solved,1
N3C1W2_H.txt,129,129,Solved,1
N3C1W2_I.txt,126,126,Solved,0
N3C1W2_J.txt,126,126,Solved,1
N3C1W2_K.txt,120,120,Solved,1
N3C1W2_L.txt,136,136,Solved,0
N3C1W2_M.txt,136,136,Solved,0
N3C1W2_N.txt,136,136,Solved,0
N3C1W2_O.txt,127,127,Solved,0
N3C1W2_P.txt,126,126,Solved,1
N3C1W2_Q.txt,135,135,Solved,0
N3C1W2_R.txt,123,123,Solved,1
N3C1W2_S.txt,130,130,Solved,1
N3C1W2_T.txt,136,136,Solved,0
N3C1W4_A.txt,149,149,Solved,0
N3C1W4_B.txt,149,149,Solved,0
N3C1W4_C.txt,146,146,Solved,0
N3C1W4_D.txt,148,148,Solved,0
N3C1W4_E.txt,142,142,Solved,1
N3C1W4_F.txt,140,140,Solved,1
N3C1W4_G.txt,148,148,Solved,1
N3C1W4_H.txt,141,141,Solved,1
N3C1W4_I.txt,140,140,Solved,1
N3C1W4_J.txt,142,142,Solved,0
N3C1W4_K.txt,147,147,Solved,0
N3C1W4_L.txt,148,148,Solved,0
N3C1W4_M.txt,149,149,Solved,0
N3C1W4_N.txt,148,148,Solved,0
N3C1W4_O.txt,143,143,Solved,1
N3C1W4_P.txt,143,143,Solved,0
N3C1W4_Q.txt,146,146,Solved,0
N3C1W4_R.txt,145,145,Solved,0
N3C1W4_S.txt,145,145,Solved,0
N3C1W4_T.txt,146,146,Solved,0
N3C2W1_A.txt,91,91,Solved,1
N3C2W1_B.txt,82,82,Solved,1
N3C2W1_C.txt,84,84,Solved,0
N3C2W1_D.txt,85,85,Solved,0
N3C2W1_E.txt,87,87,Solved,0
N3C2W1_F.txt,88,88,Solved,0
N3C2W1_G.txt,87,87,Solved,1
N3C2W1_H.txt,87,87,Solved,1
N3C2W1_I.txt,87,87,Solved,0
N3C2W1_J.txt,87,87,Solved,1
N3C2W1_K.txt,77,77,Solved,1
N3C2W1_L.txt,91,91,Solved,1
N3C2W1_M.txt,85,85,Solved,0
N3C2W1_N.txt,91,91,Solved,0
N3C2W1_O.txt,82,82,Solved,0
N3C2W1_P.txt,88,88,Solved,0
N3C2W1_Q.txt,82,82,Solved,0
N3C2W1_R.txt,82,82,Solved,1
N3C2W1_S.txt,89,89,Solved,0
N3C2W1_T.txt,83,83,Solved,0
N3C2W2_A.txt,107,107,Solved,0
N3C2W2_B.txt,105,105,Solved,0
N3C2W2_C.txt,104,104,Solved,1
N3C2W2_D.txt,107,107,Solved,0
N3C2W2_E.txt,116,116,Solved,1
N3C2W2_F.txt,106,106,Solved,1
N3C2W2_G.txt,102,102,Solved,1
N3C2W2_H.txt,117,117,Solved,0
N3C2W2_I.txt,102,102,Solved,1
N3C2W2_J.txt,107,107,Solved,1
N3C2W2_K.txt,110,110,Solved,0
N3C2W2_L.txt,105,105,Solved,0
N3C2W2_M.txt,108,108,Solved,0
N3C2W2_N.txt,105,105,Solved,1
N3C2W2_O.txt,107,107,Solved,0
N3C2W2_P.txt,107,107,Solved,1
N3C2W2_Q.txt,105,105,Solved,0
N3C2W2_R.txt,110,110,Solved,0
N3C2W2_S.txt,107,107,Solved,0
N3C2W2_T.txt,107,107,Solved,1
N3C2W4_A.txt,113,113,Solved,1
N3C2W4_B.txt,112,112,Solved,1
N3C2W4_C.txt,132,132,Solved,0
N3C2W4_D.txt,114,114,Solved,1
N3C2W4_E.txt,110,110,Solved,1
N3C2W4_F.txt,115,115,Solved,0
N3C2W4_G.txt,122,122,Solved,0
N3C2W4_H.txt,113,113,Solved,1
N3C2W4_I.txt,115,115,Solved,0
N3C2W4_J.txt,120,120,Solved,0
N3C2W4_K.txt,117,117,Solved,1
N3C2W4_L.txt,116,116,Solved,0
N3C2W4_M.txt,120,120,Solved,0
N3C2W4_N.txt,117,117,Solved,1
N3C2W4_O.txt,113,113,Solved,1
N3C2W4_P.txt,122,122,Solved,0
N3C2W4_Q.txt,118,118,Solved,0
N3C2W4_R.txt,123,123,Solved,0
N3C2W4_S.txt,118,118,Solved,1
N3C2W4_T.txt,119,119,Solved,1
N3C3W1_A.txt,66,66,Solved,0
N3C3W1_B.txt,71,71,Solved,0
N3C3W1_C.txt,69,69,Solved,0
N3C3W1_D.txt,63,63,Solved,0
N3C3W1_E.txt,68,68,Solved,1
N3C3W1_F.txt,69,69,Solved,0
N3C3W1_G.txt,65,65,Solved,0
N3C3W1_H.txt,69,69,Solved,0
N3C3W1_I.txt,68,68,Solved,1
N3C3W1_J.txt,65,65,Solved,0
N3C3W1_K.txt,63,63,Solved,0
N3C3W1_L.txt,68,68,Solved,0
N3C3W1_M.txt,71,71,Solved,0
N3C3W1_N.txt,69,69,Solved,0
N3C3W1_O.txt,66,66,Solved,0
N3C3W1_P.txt,72,72,Solved,0
N3C3W1_Q.txt,73,73,Solved,0
N3C3W1_R.txt,66,66,Solved,0
N3C3W1_S.txt,68,68,Solved,0
N3C3W1_T.txt,70,70,Solved,0
N3C3W2_A.txt,84,84,Solved,1
N3C3W2_B.txt,81,81,Solved,1
N3C3W2_C.txt,82,82,Solved,1
N3C3W2_D.txt,79,79,Solved,1
N3C3W2_E.txt,79,79,Solved,1
N3C3W2_F.txt,81,81,Solved,1
N3C3W2_G.txt,81,81,Solved,1
N3C3W2_H.txt,82,82,Solved,1
N3C3W2_I.txt,79,79,Solved,1
N3C3W2_J.txt,83,83,Solved,1
N3C3W2_K.txt,83,83,Solved,1
N3C3W2_L.txt,82,82,Solved,1
N3C3W2_M.txt,83,83,Solved,1
N3C3W2_N.txt,77,77,Solved,1
N3C3W2_O.txt,82,82,Solved,1
N3C3W2_P.txt,80,80,Solved,1
N3C3W2_Q.txt,76,76,Solved,1
N3C3W2_R.txt,79,79,Solved,1
N3C3W2_S.txt,80,80,Solved,1
N3C3W2_T.txt,79,79,Solved,1
N3C3W4_A.txt,89,89,Solved,1
N3C3W4_B.txt,88,88,Solved,1
N3C3W4_C.txt,88,88,Solved,1
N3C3W4_D.txt,87,87,Solved,1
N3C3W4_E.txt,85,85,Solved,1
N3C3W4_F.txt,84,84,Solved,1
N3C3W4_G.txt,94,94,Solved,1
N3C3W4_H.txt,84,84,Solved,1
N3C3W4_I.txt,92,92,Solved,1
N3C3W4_J.txt,88,88,Solved,1
N3C3W4_K.txt,89,89,Solved,1
N3C3W4_L.txt,90,90,Solved,1
N3C3W4_M.txt,88,88,Solved,1
N3C3W4_N.txt,87,87,Solved,1
N3C3W4_O.txt,87,87,Solved,1
N3C3W4_P.txt,86,86,Solved,1
N3C3W4_Q.txt,87,87,Solved,1
N3C3W4_R.txt,87,87,Solved,1
N3C3W4_S.txt,84,84,Solved,1
N3C3W4_T.txt,85,85,Solved,1
N4C1W1_A.txt,240,240,Solved,1
N4C1W1_B.txt,262,262,Solved,0
N4C1W1_C.txt,241,241,Solved,1
N4C1W1_D.txt,246,246,Solved,1
N4C1W1_E.txt,272,272,Solved,0
N4C1W1_F.txt,265,265,Solved,1
N4C1W1_G.txt,259,259,Solved,1
N4C1W1_H.txt,251,251,Solved,0
N4C1W1_I.txt,262,262,Solved,1
N4C1W1_J.txt,288,288,Solved,0
N4C1W1_K.txt,253,253,Solved,0
N4C1W1_L.txt,258,258,Solved,0
N4C1W1_M.txt,246,246,Solved,1
N4C1W1_N.txt,256,256,Solved,0
N4C1W1_O.txt,258,258,Solved,1
N4C1W1_P.txt,271,271,Solved,0
N4C1W1_Q.txt,277,277,Solved,0
N4C1W1_R.txt,254,254,Solved,1
N4C1W1_S.txt,261,261,Solved,1
N4C1W1_T.txt,256,256,Solved,1
N4C1W2_A.txt,317,317,Solved,1
N4C1W2_B.txt,328,328,Solved,0
N4C1W2_C.txt,319,319,Solved,1
N4C1W2_D.txt,327,327,Solved,0
N4C1W2_E.txt,310,310,Solved,1
N4C1W2_F.txt,321,321,Solved,0
N4C1W2_G.txt,307,307,Solved,1
N4C1W2_H.txt,315,315,Solved,0
N4C1W2_I.txt,304,304,Solved,1
N4C1W2_J.txt,311,311,Solved,1
N4C1W2_K.txt,311,311,Solved,1
N4C1W2_L.txt,316,316,Solved,0
N4C1W2_M.txt,330,330,Solved,1
N4C1W2_N.txt,311,311,Solved,1
N4C1W2_O.txt,319,319,Solved,1
N4C1W2_P.txt,317,317,Solved,1
N4C1W2_Q.txt,319,319,Solved,1
N4C1W2_R.txt,319,319,Solved,1
N4C1W2_S.txt,312,312,Solved,1
N4C1W2_T.txt,323,323,Solved,1
N4C1W4_A.txt,368,368,Solved,0
N4C1W4_B.txt,349,349,Solved,0
N4C1W4_C.txt,365,365,Solved,0
N4C1W4_D.txt,359,359,Solved,0
N4C1W4_E.txt,373,373,Solved,0
N4C1W4_F.txt,369,369,Solved,0
N4C1W4_G.txt,362,362,Solved,0
N4C1W4_H.txt,359,359,Solved,1
N4C1W4_I.txt,359,359,Solved,1
N4C1W4_J.txt,368,368,Solved,0
N4C1W4_K.txt,371,371,Solved,0
N4C1W4_L.txt,355,355,Solved,1
N4C1W4_M.txt,360,360,Solved,0
N4C1W4_N.txt,363,363,Solved,0
N4C1W4_O.txt,351,351,Solved,1
N4C1W4_P.txt,363,363,Solved,0
N4C1W4_Q.txt,359,359,Solved,1
N4C1W4_R.txt,370,370,Solved,0
N4C1W4_S.txt,359,359,Solved,1
N4C1W4_T.txt,355,355,Solved,1
N4C2W1_A.txt,210,210,Solved,0
N4C2W1_B.txt,213,213,Solved,0
N4C2W1_C.txt,213,213,Solved,0
N4C2W1_D.txt,200,200,Solved,1
N4C2W1_E.txt,215,215,Solved,1
N4C2W1_F.txt,203,203,Solved,0
N4C2W1_G.txt,211,211,Solved,1
N4C2W1_H.txt,215,215,Solved,0
N4C2W1_I.txt,209,209,Solved,1
N4C2W1_J.txt,202,202,Solved,1
N4C2W1_K.txt,210,210,Solved,1
N4C2W1_L.txt,209,209,Solved,1
N4C2W1_M.txt,217,217,Solved,1
N4C2W1_N.txt,210,210,Solved,0
N4C2W1_O.txt,212,212,Solved,0
N4C2W1_P.txt,212,212,Solved,1
N4C2W1_Q.txt,210,210,Solved,0
N4C2W1_R.txt,212,212,Solved,1
N4C2W1_S.txt,210,210,Solved,0
N4C2W1_T.txt,212,212,Solved,0
N4C2W2_A.txt,253,253,Solved,0
N4C2W2_B.txt,254,254,Solved,1
N4C2W2_C.txt,249,249,Solved,1
N4C2W2_D.txt,258,258,Solved,1
N4C2W2_E.txt,257,257,Solved,0
N4C2W2_F.txt,272,272,Solved,0
N4C2W2_G.txt,252,252,Solved,0
N4C2W2_H.txt,255,255,Solved,1
N4C2W2_I.txt,262,262,Solved,0
N4C2W2_J.txt,256,256,Solved,0
N4C2W2_K.txt,259,259,Solved,1
N4C2W2_L.txt,263,263,Solved,0
N4C2W2_M.txt,261,261,Solved,1
N4C2W2_N.txt,264,264,Solved,1
N4C2W2_O.txt,253,253,Solved,1
N4C2W2_P.txt,266,266,Solved,0
N4C2W2_Q.txt,257,257,Solved,1
N4C2W2_R.txt,256,256,Solved,0
N4C2W2_S.txt,273,273,Solved,0
N4C2W2_T.txt,256,256,Solved,1
N4C2W4_A.txt,293,293,Solved,1
N4C2W4_B.txt,281,281,Solved,1
N4C2W4_C.txt,295,295,Solved,1
N4C2W4_D.txt,295,295,Solved,0
N4C2W4_E.txt,287,287,Solved,1
N4C2W4_F.txt,304,304,Solved,0
N4C2W4_G.txt,291,291,Solved,1
N4C2W4_H.txt,296,296,Solved,0
N4C2W4_I.txt,287,287,Solved,1
N4C2W4_J.txt,300,300,Solved,0
N4C2W4_K.txt,289,289,Solved,1
N4C2W4_L.txt,297,297,Solved,1
N4C2W4_M.txt,287,287,Solved,1
N4C2W4_N.txt,299,299,Solved,0
N4C2W4_O.txt,293,293,Solved,1
N4C2W4_P.txt,301,301,Solved,1
N4C2W4_Q.txt,293,293,Solved,0
N4C2W4_R.txt,300,300,Solved,0
N4C2W4_S.txt,293,293,Solved,0
N4C2W4_T.txt,287,287,Solved,0
N4C3W1_A.txt,164,164,Solved,0
N4C3W1_B.txt,165,165,Solved,0
N4C3W1_C.txt,166,166,Solved,0
N4C3W1_D.txt,158,158,Solved,0
N4C3W1_E.txt,165,165,Solved,0
N4C3W1_F.txt,164,164,Solved,0
N4C3W1_G.txt,169,169,Solved,0
N4C3W1_H.txt,170,170,Solved,0
N4C3W1_I.txt,167,167,Solved,1
N4C3W1_J.txt,169,169,Solved,0
N4C3W1_K.txt,164,164,Solved,0
N4C3W1_L.txt,163,163,Solved,0
N4C3W1_M.txt,167,167,Solved,0
N4C3W1_N.txt,176,176,Solved,0
N4C3W1_O.txt,169,169,Solved,0
N4C3W1_P.txt,167,167,Solved,0
N4C3W1_Q.txt,176,176,Solved,0
N4C3W1_R.txt,167,167,Solved,1
N4C3W1_S.txt,168,168,Solved,0
N4C3W1_T.txt,173,173,Solved,0
N4C3W2_A.txt,203,203,Solved,1
N4C3W2_B.txt,203,203,Solved,1
N4C3W2_C.txt,201,201,Solved,1
N4C3W2_D.txt,201,201,Solved,1
N4C3W2_E.txt,200,200,Solved,1
N4C3W2_F.txt,209,209,Solved,1
N4C3W2_G.txt,201,201,Solved,1
N4C3W2_H.txt,201,201,Solved,1
N4C3W2_I.txt,198,198,Solved,1
N4C3W2_J.txt,204,204,Solved,1
N4C3W2_K.txt,204,204,Solved,1
N4C3W2_L.txt,201,201,Solved,1
N4C3W2_M.txt,198,198,Solved,1
N4C3W2_N.txt,198,198,Solved,1
N4C3W2_O.txt,209,209,Solved,1
N4C3W2_P.txt,202,202,Solved,1
N4C3W2_Q.txt,199,199,Solved,1
N4C3W2_R.txt,194,194,Solved,1
N4C3W2_S.txt,196,196,Solved,1
N4C3W2_T.txt,195,195,Solved,1
N4C3W4_A.txt,216,216,Solved,1
N4C3W4_B.txt,215,215,Solved,1
N4C3W4_C.txt,218,218,Solved,1
N4C3W4_D.txt,215,215,Solved,1
N4C3W4_E.txt,219,219,Solved,1
N4C3W4_F.txt,222,222,Solved,1
N4C3W4_G.txt,222,222,Solved,1
N4C3W4_H.txt,219,219,Solved,1
N4C3W4_I.txt,224,224,Solved,1
N4C3W4_J.txt,213,213,Solved,1
N4C3W4_K.txt,215,215,Solved,1
N4C3W4_L.txt,219,219,Solved,1
N4C3W4_M.txt,216,216,Solved,1
N4C3W4_N.txt,225,225,Solved,1
N4C3W4_O.txt,226,226,Solved,1
N4C3W4_P.txt,219,219,Solved,1
N4C3W4_Q.txt,222,222,Solved,1
N4C3W4_R.txt,214,214,Solved,1
N4C3W4_S.txt,216,216,Solved,1
N4C3W4_T.txt,216,216,Solved,1
N1W1B1R0.txt,18,18,Solved,1
N1W1B1R1.txt,18,18,Solved,1
N1W1B1R2.txt,19,19,Solved,1
N1W1B1R3.txt,18,18,Solved,1
N1W1B1R4.txt,17,17,Solved,1
N1W1B1R5.txt,17,17,Solved,1
N1W1B1R6.txt,17,17,Solved,1
N1W1B1R7.txt,17,17,Solved,1
N1W1B1R8.txt,18,18,Solved,1
N1W1B1R9.txt,17,17,Solved,1
N1W1B2R0.txt,17,17,Solved,1
N1W1B2R1.txt,17,17,Solved,1
N1W1B2R2.txt,17,17,Solved,1
N1W1B2R3.txt,16,16,Solved,1
N1W1B2R4.txt,17,17,Solved,1
N1W1B2R5.txt,17,17,Solved,1
N1W1B2R6.txt,17,17,Solved,1
N1W1B2R7.txt,18,18,Solved,1
N1W1B2R8.txt,16,16,Solved,1
N1W1B2R9.txt,18,18,Solved,1
N1W1B3R0.txt,17,17,Solved,0
N1W1B3R1.txt,17,17,Solved,1
N1W1B3R2.txt,15,15,Solved,0
N1W1B3R3.txt,16,16,Solved,1
N1W1B3R4.txt,19,19,Solved,0
N1W1B3R5.txt,16,16,Solved,0
N1W1B3R6.txt,16,16,Solved,0
N1W1B3R7.txt,18,18,Solved,1
N1W1B3R8.txt,16,16,Solved,0
N1W1B3R9.txt,17,17,Solved,0
N1W2B1R0.txt,11,11,Solved,1
N1W2B1R1.txt,11,11,Solved,1
N1W2B1R2.txt,11,11,Solved,0
N1W2B1R3.txt,11,11,Solved,1
N1W2B1R4.txt,11,11,Solved,1
N1W2B1R5.txt,10,10,Solved,1
N1W2B1R6.txt,11,11,Solved,0
N1W2B1R7.txt,11,11,Solved,0
N1W2B1R8.txt,10,10,Solved,1
N1W2B1R9.txt,11,11,Solved,0
N1W2B2R0.txt,10,10,Solved,1
N1W2B2R1.txt,11,11,Solved,0
N1W2B2R2.txt,10,10,Solved,0
N1W2B2R3.txt,11,11,Solved,0
N1W2B2R4.txt,10,10,Solved,1
N1W2B2R5.txt,10,10,Solved,1
N1W2B2R6.txt,10,10,Solved,0
N1W2B2R7.txt,10,10,Solved,0
N1W2B2R8.txt,11,11,Solved,0
N1W2B2R9.txt,11,11,Solved,0
N1W2B3R0.txt,10,10,Solved,0
N1W2B3R1.txt,11,11,Solved,0
N1W2B3R2.txt,10,10,Solved,0
N1W2B3R3.txt,11,11,Solved,0
N1W2B3R4.txt,10,10,Solved,0
N1W2B3R5.txt,10,10,Solved,0
N1W2B3R6.txt,11,11,Solved,0
N1W2B3R7.txt,10,10,Solved,0
N1W2B3R8.txt,11,11,Solved,0
N1W2B3R9.txt,10,10,Solved,0
N1W3B1R0.txt,7,7,Solved,1
N1W3B1R1.txt,8,8,Solved,0
N1W3B1R2.txt,7,7,Solved,1
N1W3B1R3.txt,8,8,Solved,0
N1W3B1R4.txt,8,8,Solved,0
N1W3B1R5.txt,8,8,Solved,0
N1W3B1R6.txt,8,8,Solved,0
N1W3B1R7.txt,8,8,Solved,0
N1W3B1R8.txt,7,7,Solved,1
N1W3B1R9.txt,8,8,Solved,0
N1W3B2R0.txt,8,8,Solved,0
N1W3B2R1.txt,8,8,Solved,0
N1W3B2R2.txt,8,8,Solved,0
N1W3B2R3.txt,7,7,Solved,1
N1W3B2R4.txt,7,7,Solved,0
N1W3B2R5.txt,7,7,Solved,0
N1W3B2R6.txt,8,8,Solved,0
N1W3B2R7.txt,8,8,Solved,0
N1W3B2R8.txt,8,8,Solved,0
N1W3B2R9.txt,8,8,Solved,0
N1W3B3R0.txt,7,7,Solved,0
N1W3B3R1.txt,8,8,Solved,0
N1W3B3R2.txt,7,7,Solved,0
N1W3B3R3.txt,8,8,Solved,0
N1W3B3R4.txt,8,8,Solved,0
N1W3B3R5.txt,7,7,Solved,0
N1W3B3R6.txt,7,7,Solved,0
N1W3B3R7.txt,8,8,Solved,0
N1W3B3R8.txt,7,7,Solved,0
N1W3B3R9.txt,7,7,Solved,0
N1W4B1R0.txt,6,6,Solved,0
N1W4B1R1.txt,6,6,Solved,0
N1W4B1R2.txt,6,6,Solved,0
N1W4B1R3.txt,6,6,Solved,0
N1W4B1R4.txt,6,6,Solved,0
N1W4B1R5.txt,6,6,Solved,0
N1W4B1R6.txt,6,6,Solved,0
N1W4B1R7.txt,6,6,Solved,0
N1W4B1R8.txt,6,6,Solved,0
N1W4B1R9.txt,6,6,Solved,0
N1W4B2R0.txt,6,6,Solved,0
N1W4B2R1.txt,6,6,Solved,0
N1W4B2R2.txt,6,6,Solved,0
N1W4B2R3.txt,6,6,Solved,0
N1W4B2R4.txt,6,6,Solved,0
N1W4B2R5.txt,6,6,Solved,1
N1W4B2R6.txt,6,6,Solved,0
N1W4B2R7.txt,6,6,Solved,0
N1W4B2R8.txt,6,6,Solved,1
N1W4B2R9.txt,6,6,Solved,0
N1W4B3R0.txt,6,6,Solved,0
N1W4B3R1.txt,6,6,Solved,0
N1W4B3R2.txt,7,7,Solved,0
N1W4B3R3.txt,6,6,Solved,0
N1W4B3R4.txt,6,6,Solved,0
N1W4B3R5.txt,7,7,Solved,0
N1W4B3R6.txt,6,6,Solved,0
N1W4B3R7.txt,6,6,Solved,0
N1W4B3R8.txt,6,6,Solved,0
N1W4B3R9.txt,6,6,Solved,0
N2W1B1R0.txt,34,34,Solved,1
N2W1B1R1.txt,34,34,Solved,1
N2W1B1R2.txt,34,34,Solved,1
N2W1B1R3.txt,34,34,Solved,1
N2W1B1R4.txt,34,34,Solved,1
N2W1B1R5.txt,34,34,Solved,1
N2W1B1R6.txt,34,34,Solved,1
N2W1B1R7.txt,34,34,Solved,1
N2W1B1R8.txt,34,34,Solved,1
N2W1B1R9.txt,34,34,Solved,1
N2W1B2R0.txt,36,36,Solved,1
N2W1B2R1.txt,33,33,Solved,1
N2W1B2R2.txt,35,35,Solved,1
N2W1B2R3.txt,35,35,Solved,1
N2W1B2R4.txt,33,33,Solved,1
N2W1B2R5.txt,34,34,Solved,1
N2W1B2R6.txt,35,35,Solved,1
N2W1B2R7.txt,33,33,Solved,1
N2W1B2R8.txt,34,34,Solved,1
N2W1B2R9.txt,33,33,Solved,1
N2W1B3R0.txt,35,35,Solved,0
N2W1B3R1.txt,32,32,Solved,1
N2W1B3R2.txt,35,35,Solved,1
N2W1B3R3.txt,33,33,Solved,0
N2W1B3R4.txt,34,34,Solved,0
N2W1B3R5.txt,34,34,Solved,0
N2W1B3R6.txt,31,31,Solved,0
N2W1B3R7.txt,30,30,Solved,1
N2W1B3R8.txt,34,34,Solved,0
N2W1B3R9.txt,29,29,Solved,1
N2W2B1R0.txt,20,20,Solved,1
N2W2B1R1.txt,20,20,Solved,1
N2W2B1R2.txt,21,21,Solved,1
N2W2B1R3.txt,21,21,Solved,1
N2W2B1R4.txt,21,21,Solved,1
N2W2B1R5.txt,21,21,Solved,1
N2W2B1R6.txt,21,21,Solved,1
N2W2B1R7.txt,21,21,Solved,1
N2W2B1R8.txt,21,21,Solved,1
N2W2B1R9.txt,20,20,Solved,1
N2W2B2R0.txt,21,21,Solved,0
N2W2B2R1.txt,21,21,Solved,0
N2W2B2R2.txt,21,21,Solved,0
N2W2B2R3.txt,22,22,Solved,0
N2W2B2R4.txt,22,22,Solved,1
N2W2B2R5.txt,20,20,Solved,1
N2W2B2R6.txt,21,21,Solved,0
N2W2B2R7.txt,20,20,Solved,0
N2W2B2R8.txt,21,21,Solved,1
N2W2B2R9.txt,20,20,Solved,1
N2W2B3R0.txt,21,21,Solved,0
N2W2B3R1.txt,20,20,Solved,0
N2W2B3R2.txt,21,21,Solved,0
N2W2B3R3.txt,19,19,Solved,0
N2W2B3R4.txt,21,21,Solved,0
N2W2B3R5.txt,21,21,Solved,0
N2W2B3R6.txt,20,20,Solved,0
N2W2B3R7.txt,21,21,Solved,1
N2W2B3R8.txt,20,20,Solved,0
N2W2B3R9.txt,20,20,Solved,0
N2W3B1R0.txt,15,15,Solved,0
N2W3B1R1.txt,15,15,Solved,0
N2W3B1R2.txt,15,15,Solved,1
N2W3B1R3.txt,14,14,Solved,1
N2W3B1R4.txt,15,15,Solved,0
N2W3B1R5.txt,15,15,Solved,0
N2W3B1R6.txt,15,15,Solved,0
N2W3B1R7.txt,14,14,Solved,1
N2W3B1R8.txt,15,15,Solved,0
N2W3B1R9.txt,15,15,Solved,0
N2W3B2R0.txt,15,15,Solved,0
N2W3B2R1.txt,14,14,Solved,1
N2W3B2R2.txt,15,15,Solved,0
N2W3B2R3.txt,15,15,Solved,0
N2W3B2R4.txt,15,15,Solved,0
N2W3B2R5.txt,14,14,Solved,0
N2W3B2R6.txt,14,14,Solved,0
N2W3B2R7.txt,15,15,Solved,0
N2W3B2R8.txt,14,14,Solved,0
N2W3B2R9.txt,15,15,Solved,0
N2W3B3R0.txt,15,15,Solved,0
N2W3B3R1.txt,13,13,Solved,0
N2W3B3R2.txt,14,14,Solved,0
N2W3B3R3.txt,14,14,Solved,0
N2W3B3R4.txt,15,15,Solved,0
N2W3B3R5.txt,15,15,Solved,0
N2W3B3R6.txt,15,15,Solved,0
N2W3B3R7.txt,13,13,Solved,0
N2W3B3R8.txt,15,15,Solved,0
N2W3B3R9.txt,14,14,Solved,0
N2W4B1R0.txt,12,12,Solved,0
N2W4B1R1.txt,12,12,Solved,0
N2W4B1R2.txt,12,12,Solved,0
N2W4B1R3.txt,12,12,Solved,0
N2W4B1R4.txt,12,12,Solved,0
N2W4B1R5.txt,12,12,Solved,0
N2W4B1R6.txt,11,11,Solved,1
N2W4B1R7.txt,12,12,Solved,0
N2W4B1R8.txt,11,11,Solved,1
N2W4B1R9.txt,11,11,Solved,1
N2W4B2R0.txt,11,11,Solved,0
N2W4B2R1.txt,11,11,Solved,0
N2W4B2R2.txt,11,11,Solved,1
N2W4B2R3.txt,11,11,Solved,0
N2W4B2R4.txt,12,12,Solved,0
N2W4B2R5.txt,12,12,Solved,0
N2W4B2R6.txt,12,12,Solved,0
N2W4B2R7.txt,11,11,Solved,1
N2W4B2R8.txt,12,12,Solved,0
N2W4B2R9.txt,11,11,Solved,1
N2W4B3R0.txt,12,12,Solved,0
N2W4B3R1.txt,12,12,Solved,0
N2W4B3R2.txt,12,12,Solved,0
N2W4B3R3.txt,11,11,Solved,1
N2W4B3R4.txt,12,12,Solved,0
N2W4B3R5.txt,10,10,Solved,0
N2W4B3R6.txt,11,11,Solved,0
N2W4B3R7.txt,11,11,Solved,0
N2W4B3R8.txt,11,11,Solved,0
N2W4B3R9.txt,12,12,Solved,0
N3W1B1R0.txt,67,67,Solved,1
N3W1B1R1.txt,67,67,Solved,1
N3W1B1R2.txt,67,67,Solved,1
N3W1B1R3.txt,67,67,Solved,1
N3W1B1R4.txt,67,67,Solved,1
N3W1B1R5.txt,67,67,Solved,1
N3W1B1R6.txt,68,68,Solved,1
N3W1B1R7.txt,67,67,Solved,1
N3W1B1R8.txt,67,67,Solved,1
N3W1B1R9.txt,67,67,Solved,1
N3W1B2R0.txt,67,67,Solved,1
N3W1B2R1.txt,68,68,Solved,1
N3W1B2R2.txt,65,65,Solved,1
N3W1B2R3.txt,65,65,Solved,1
N3W1B2R4.txt,68,68,Solved,1
N3W1B2R5.txt,65,65,Solved,1
N3W1B2R6.txt,66,66,Solved,1
N3W1B2R7.txt,66,66,Solved,1
N3W1B2R8.txt,66,66,Solved,1
N3W1B2R9.txt,66,66,Solved,1
N3W1B3R0.txt,68,68,Solved,1
N3W1B3R1.txt,66,66,Solved,1
N3W1B3R2.txt,67,67,Solved,0
N3W1B3R3.txt,66,66,Solved,1
N3W1B3R4.txt,68,68,Solved,1
N3W1B3R5.txt,65,65,Solved,0
N3W1B3R6.txt,66,66,Solved,0
N3W1B3R7.txt,61,61,Solved,0
N3W1B3R8.txt,65,65,Solved,1
N3W1B3R9.txt,70,70,Solved,0
N3W2B1R0.txt,41,41,Solved,1
N3W2B1R1.txt,41,41,Solved,1
N3W2B1R2.txt,41,41,Solved,1
N3W2B1R3.txt,41,41,Solved,1
N3W2B1R4.txt,40,40,Solved,1
N3W2B1R5.txt,41,41,Solved,1
N3W2B1R6.txt,41,41,Solved,1
N3W2B1R7.txt,41,41,Solved,1
N3W2B1R8.txt,40,40,Solved,1
N3W2B1R9.txt,41,41,Solved,1
N3W2B2R0.txt,40,40,Solved,1
N3W2B2R1.txt,40,40,Solved,1
N3W2B2R2.txt,39,39,Solved,1
N3W2B2R3.txt,39,39,Solved,1
N3W2B2R4.txt,41,41,Solved,0
N3W2B2R5.txt,40,40,Solved,1
N3W2B2R6.txt,40,40,Solved,1
N3W2B2R7.txt,40,40,Solved,1
N3W2B2R8.txt,42,42,Solved,1
N3W2B2R9.txt,40,40,Solved,1
N3W2B3R0.txt,42,42,Solved,1
N3W2B3R1.txt,40,40,Solved,0
N3W2B3R2.txt,39,39,Solved,0
N3W2B3R3.txt,39,39,Solved,0
N3W2B3R4.txt,42,42,Solved,0
N3W2B3R5.txt,40,40,Solved,1
N3W2B3R6.txt,40,40,Solved,1
N3W2B3R7.txt,42,42,Solved,0
N3W2B3R8.txt,39,39,Solved,0
N3W2B3R9.txt,39,39,Solved,0
N3W3B1R0.txt,28,28,Solved,1
N3W3B1R1.txt,28,28,Solved,1
N3W3B1R2.txt,29,29,Solved,1
N3W3B1R3.txt,29,29,Solved,1
N3W3B1R4.txt,29,29,Solved,1
N3W3B1R5.txt,29,29,Solved,1
N3W3B1R6.txt,29,29,Solved,1
N3W3B1R7.txt,29,29,Solved,1
N3W3B1R8.txt,29,29,Solved,1
N3W3B1R9.txt,29,29,Solved,1
N3W3B2R0.txt,29,29,Solved,0
N3W3B2R1.txt,29,29,Solved,0
N3W3B2R2.txt,28,28,Solved,1
N3W3B2R3.txt,29,29,Solved,0
N3W3B2R4.txt,30,30,Solved,0
N3W3B2R5.txt,29,29,Solved,0
N3W3B2R6.txt,29,29,Solved,0
N3W3B2R7.txt,28,28,Solved,1
N3W3B2R8.txt,28,28,Solved,1
N3W3B2R9.txt,29,29,Solved,1
N3W3B3R0.txt,27,27,Solved,0
N3W3B3R1.txt,27,27,Solved,0
N3W3B3R2.txt,29,29,Solved,0
N3W3B3R3.txt,29,29,Solved,0
N3W3B3R4.txt,29,29,Solved,0
N3W3B3R5.txt,28,28,Solved,0
N3W3B3R6.txt,29,29,Solved,0
N3W3B3R7.txt,28,28,Solved,1
N3W3B3R8.txt,29,29,Solved,0
N3W3B3R9.txt,29,29,Solved,0
N3W4B1R0.txt,23,23,Solved,0
N3W4B1R1.txt,23,23,Solved,1
N3W4B1R2.txt,23,23,Solved,1
N3W4B1R3.txt,23,23,Solved,1
N3W4B1R4.txt,23,23,Solved,1
N3W4B1R5.txt,23,23,Solved,0
N3W4B1R6.txt,23,23,Solved,1
N3W4B1R7.txt,23,23,Solved,1
N3W4B1R8.txt,23,23,Solved,1
N3W4B1R9.txt,23,23,Solved,1
N3W4B2R0.txt,23,23,Solved,0
N3W4B2R1.txt,22,22,Solved,1
N3W4B2R2.txt,22,22,Solved,0
N3W4B2R3.txt,22,22,Solved,1
N3W4B2R4.txt,22,22,Solved,1
N3W4B2R5.txt,23,23,Solved,1
N3W4B2R6.txt,22,22,Solved,1
N3W4B2R7.txt,22,22,Solved,0
N3W4B2R8.txt,23,23,Solved,0
N3W4B2R9.txt,22,22,Solved,0
N3W4B3R0.txt,24,24,Solved,0
N3W4B3R1.txt,22,22,Solved,0
N3W4B3R2.txt,23,23,Solved,0
N3W4B3R3.txt,24,24,Solved,0
N3W4B3R4.txt,23,23,Solved,0
N3W4B3R5.txt,23,23,Solved,0
N3W4B3R6.txt,23,23,Solved,0
N3W4B3R7.txt,21,21,Solved,0
N3W4B3R8.txt,23,23,Solved,0
N3W4B3R9.txt,23,23,Solved,0
N4W1B1R0.txt,167,167,Solved,1
N4W1B1R1.txt,167,167,Solved,1
N4W1B1R2.txt,167,167,Solved,1
N4W1B1R3.txt,167,167,Solved,1
N4W1B1R4.txt,167,167,Solved,1
N4W1B1R5.txt,167,167,Solved,1
N4W1B1R6.txt,167,167,Solved,1
N4W1B1R7.txt,167,167,Solved,1
N4W1B1R8.txt,167,167,Solved,1
N4W1B1R9.txt,168,168,Solved,1
N4W1B2R0.txt,164,164,Solved,1
N4W1B2R1.txt,170,170,Solved,1
N4W1B2R2.txt,164,164,Solved,1
N4W1B2R3.txt,166,166,Solved,1
N4W1B2R4.txt,165,165,Solved,1
N4W1B2R5.txt,161,161,Solved,1
N4W1B2R6.txt,168,168,Solved,1
N4W1B2R7.txt,168,168,Solved,1
N4W1B2R8.txt,167,167,Solved,1
N4W1B2R9.txt,169,169,Solved,1
N4W1B3R0.txt,166,166,Solved,0
N4W1B3R1.txt,171,171,Solved,1
N4W1B3R2.txt,172,172,Solved,1
N4W1B3R3.txt,170,170,Solved,0
N4W1B3R4.txt,158,158,Solved,0
N4W1B3R5.txt,162,162,Solved,0
N4W1B3R6.txt,169,169,Solved,1
N4W1B3R7.txt,163,163,Solved,0
N4W1B3R8.txt,170,170,Solved,1
N4W1B3R9.txt,162,162,Solved,0
N4W2B1R0.txt,101,101,Solved,1
N4W2B1R1.txt,101,101,Solved,1
N4W2B1R2.txt,101,101,Solved,1
N4W2B1R3.txt,100,100,Solved,1
N4W2B1R4.txt,101,101,Solved,1
N4W2B1R5.txt,103,103,Solved,1
N4W2B1R6.txt,102,102,Solved,1
N4W2B1R7.txt,101,101,Solved,1
N4W2B1R8.txt,101,101,Solved,1
N4W2B1R9.txt,101,101,Solved,1
N4W2B2R0.txt,101,101,Solved,1
N4W2B2R1.txt,100,100,Solved,1
N4W2B2R2.txt,102,102,Solved,1
N4W2B2R3.txt,102,102,Solved,1
N4W2B2R4.txt,100,100,Solved,1
N4W2B2R5.txt,102,102,Solved,1
N4W2B2R6.txt,103,103,Solved,1
N4W2B2R7.txt,101,101,Solved,1
N4W2B2R8.txt,100,100,Solved,1
N4W2B2R9.txt,102,102,Solved,1
N4W2B3R0.txt,101,101,Solved,0
N4W2B3R1.txt,101,101,Solved,1
N4W2B3R2.txt,100,100,Solved,0
N4W2B3R3.txt,100,100,Solved,1
N4W2B3R4.txt,100,100,Solved,0
N4W2B3R5.txt,101,101,Solved,0
N4W2B3R6.txt,99,99,Solved,0
N4W2B3R7.txt,101,101,Solved,0
N4W2B3R8.txt,99,99,Solved,0
N4W2B3R9.txt,102,102,Solved,0
N4W3B1R0.txt,71,71,Solved,1
N4W3B1R1.txt,71,71,Solved,1
N4W3B1R2.txt,71,71,Solved,1
N4W3B1R3.txt,71,71,Solved,1
N4W3B1R4.txt,71,71,Solved,1
N4W3B1R5.txt,71,71,Solved,1
N4W3B1R6.txt,71,71,Solved,1
N4W3B1R7.txt,71,71,Solved,1
N4W3B1R8.txt,71,71,Solved,1
N4W3B1R9.txt,71,71,Solved,1
N4W3B2R0.txt,71,71,Solved,1
N4W3B2R1.txt,71,71,Solved,1
N4W3B2R2.txt,71,71,Solved,1
N4W3B2R3.txt,71,71,Solved,1
N4W3B2R4.txt,73,73,Solved,1
N4W3B2R5.txt,72,72,Solved,1
N4W3B2R6.txt,71,71,Solved,1
N4W3B2R7.txt,70,70,Solved,1
N4W3B2R8.txt,72,72,Solved,1
N4W3B2R9.txt,70,70,Solved,1
N4W3B3R0.txt,72,72,Solved,1
N4W3B3R1.txt,71,71,Solved,0
N4W3B3R2.txt,72,72,Solved,0
N4W3B3R3.txt,71,71,Solved,0
N4W3B3R4.txt,73,73,Solved,0
N4W3B3R5.txt,73,73,Solved,0
N4W3B3R6.txt,73,73,Solved,0
N4W3B3R7.txt,74,74,Solved,0
N4W3B3R8.txt,72,72,Solved,0
N4W3B3R9.txt,71,71,Solved,0
N4W4B1R0.txt,56,56,Solved,1
N4W4B1R1.txt,56,56,Solved,1
N4W4B1R2.txt,56,56,Solved,1
N4W4B1R3.txt,56,56,Solved,1
N4W4B1R4.txt,56,56,Solved,1
N4W4B1R5.txt,56,56,Solved,1
N4W4B1R6.txt,56,56,Solved,1
N4W4B1R7.txt,56,56,Solved,1
N4W4B1R8.txt,56,56,Solved,1
N4W4B1R9.txt,55,55,Solved,1
N4W4B2R0.txt,55,55,Solved,1
N4W4B2R1.txt,57,57,Solved,0
N4W4B2R2.txt,57,57,Solved,0
N4W4B2R3.txt,57,57,Solved,0
N4W4B2R4.txt,56,56,Solved,0
N4W4B2R5.txt,55,55,Solved,1
N4W4B2R6.txt,56,56,Solved,0
N4W4B2R7.txt,57,57,Solved,0
N4W4B2R8.txt,55,55,Solved,1
N4W4B2R9.txt,56,56,Solved,1
N4W4B3R0.txt,55,55,Solved,0
N4W4B3R1.txt,54,54,Solved,0
N4W4B3R2.txt,57,57,Solved,0
N4W4B3R3.txt,56,56,Solved,0
N4W4B3R4.txt,55,55,Solved,0
N4W4B3R5.txt,55,55,Solved,0
N4W4B3R6.txt,58,58,Solved,0
N4W4B3R7.txt,57,57,Solved,0
N4W4B3R8.txt,57,57,Solved,0
N4W4B3R9.txt,56,56,Solved,0
HARD0.txt,56,56,Solved,1
HARD1.txt,57,57,Solved,1
HARD2.txt,56,56,Solved,1
HARD3.txt,55,55,Solved,1
HARD4.txt,57,57,Solved,1
HARD5.txt,56,56,Solved,1
HARD6.txt,57,57,Solved,1
HARD7.txt,55,55,Solved,1
HARD8.txt,57,57,Solved,1
HARD9.txt,56,56,Solved,1
Waescher_TEST0022.txt,15,15,Solved,1
Waescher_TEST0065.txt,16,16,Solved,1
Waescher_TEST0097.txt,12,12,Solved,1
Waescher_TEST0058.txt,20,20,Solved,1
Waescher_TEST0055A.txt,15,15,Solved,1
Waescher_TEST0055B.txt,20,20,Solved,1
Waescher_TEST0049.txt,11,11,Solved,1
Waescher_TEST0075.txt,13,13,Solved,1
Waescher_TEST0054.txt,14,14,Solved,1
Waescher_TEST0068.txt,12,12,Solved,1
Waescher_TEST0014.txt,23,23,Solved,1
Waescher_TEST0082.txt,24,24,Solved,1
Waescher_TEST0044.txt,14,14,Solved,1
Waescher_TEST0030.txt,27,27,Solved,1
Waescher_TEST0005.txt,28,28,Solved,1
Waescher_TEST0095.txt,16,16,Solved,1
Waescher_TEST0084.txt,16,16,Solved,1
Schwerin1_BPP1.txt,18,18,Solved,1
Schwerin1_BPP2.txt,18,18,Solved,1
Schwerin1_BPP3.txt,18,18,Solved,1
Schwerin1_BPP4.txt,18,18,Solved,1
Schwerin1_BPP5.txt,18,18,Solved,1
Schwerin1_BPP6.txt,18,18,Solved,1
Schwerin1_BPP7.txt,18,18,Solved,1
Schwerin1_BPP8.txt,18,18,Solved,1
Schwerin1_BPP9.txt,18,18,Solved,1
Schwerin1_BPP10.txt,18,18,Solved,1
Schwerin1_BPP11.txt,18,18,Solved,1
Schwerin1_BPP12.txt,18,18,Solved,1
Schwerin1_BPP13.txt,18,18,Solved,1
Schwerin1_BPP14.txt,18,18,Solved,1
Schwerin1_BPP15.txt,18,18,Solved,1
Schwerin1_BPP16.txt,18,18,Solved,1
Schwerin1_BPP17.txt,18,18,Solved,1
Schwerin1_BPP18.txt,18,18,Solved,1
Schwerin1_BPP19.txt,18,18,Solved,1
Schwerin1_BPP20.txt,18,18,Solved,1
Schwerin1_BPP21.txt,18,18,Solved,1
Schwerin1_BPP22.txt,18,18,Solved,1
Schwerin1_BPP23.txt,18,18,Solved,1
Schwerin1_BPP24.txt,18,18,Solved,1
Schwerin1_BPP25.txt,18,18,Solved,1
Schwerin1_BPP26.txt,18,18,Solved,1
Schwerin1_BPP27.txt,18,18,Solved,1
Schwerin1_BPP28.txt,18,18,Solved,1
Schwerin1_BPP29.txt,18,18,Solved,1
Schwerin1_BPP30.txt,18,18,Solved,1
Schwerin1_BPP31.txt,18,18,Solved,1
Schwerin1_BPP32.txt,18,18,Solved,1
Schwerin1_BPP33.txt,18,18,Solved,1
Schwerin1_BPP34.txt,18,18,Solved,1
Schwerin1_BPP35.txt,18,18,Solved,1
Schwerin1_BPP36.txt,18,18,Solved,1
Schwerin1_BPP37.txt,18,18,Solved,1
Schwerin1_BPP38.txt,18,18,Solved,1
Schwerin1_BPP39.txt,18,18,Solved,1
Schwerin1_BPP40.txt,18,18,Solved,1
Schwerin1_BPP41.txt,18,18,Solved,1
Schwerin1_BPP42.txt,18,18,Solved,1
Schwerin1_BPP43.txt,18,18,Solved,1
Schwerin1_BPP44.txt,18,18,Solved,1
Schwerin1_BPP45.txt,18,18,Solved,1
Schwerin1_BPP46.txt,18,18,Solved,1
Schwerin1_BPP47.txt,18,18,Solved,1
Schwerin1_BPP48.txt,18,18,Solved,1
Schwerin1_BPP49.txt,18,18,Solved,1
Schwerin1_BPP50.txt,18,18,Solved,1
Schwerin1_BPP51.txt,18,18,Solved,1
Schwerin1_BPP52.txt,18,18,Solved,1
Schwerin1_BPP53.txt,18,18,Solved,1
Schwerin1_BPP54.txt,18,18,Solved,1
Schwerin1_BPP55.txt,18,18,Solved,1
Schwerin1_BPP56.txt,18,18,Solved,1
Schwerin1_BPP57.txt,18,18,Solved,1
Schwerin1_BPP58.txt,18,18,Solved,1
Schwerin1_BPP59.txt,18,18,Solved,1
Schwerin1_BPP60.txt,18,18,Solved,1
Schwerin1_BPP61.txt,18,18,Solved,1
Schwerin1_BPP62.txt,18,18,Solved,1
Schwerin1_BPP63.txt,18,18,Solved,1
Schwerin1_BPP64.txt,18,18,Solved,1
Schwerin1_BPP65.txt,18,18,Solved,1
Schwerin1_BPP66.txt,18,18,Solved,1
Schwerin1_BPP67.txt,18,18,Solved,1
Schwerin1_BPP68.txt,18,18,Solved,1
Schwerin1_BPP69.txt,18,18,Solved,1
Schwerin1_BPP70.txt,18,18,Solved,1
Schwerin1_BPP71.txt,18,18,Solved,1
Schwerin1_BPP72.txt,18,18,Solved,1
Schwerin1_BPP73.txt,18,18,Solved,1
Schwerin1_BPP74.txt,18,18,Solved,1
Schwerin1_BPP75.txt,18,18,Solved,1
Schwerin1_BPP76.txt,18,18,Solved,1
Schwerin1_BPP77.txt,18,18,Solved,1
Schwerin1_BPP78.txt,18,18,Solved,1
Schwerin1_BPP79.txt,18,18,Solved,1
Schwerin1_BPP80.txt,18,18,Solved,1
Schwerin1_BPP81.txt,18,18,Solved,1
Schwerin1_BPP82.txt,18,18,Solved,1
Schwerin1_BPP83.txt,18,18,Solved,1
Schwerin1_BPP84.txt,18,18,Solved,1
Schwerin1_BPP85.txt,18,18,Solved,1
Schwerin1_BPP86.txt,18,18,Solved,1
Schwerin1_BPP87.txt,18,18,Solved,1
Schwerin1_BPP88.txt,18,18,Solved,1
Schwerin1_BPP89.txt,18,18,Solved,1
Schwerin1_BPP90.txt,18,18,Solved,1
Schwerin1_BPP91.txt,18,18,Solved,1
Schwerin1_BPP92.txt,18,18,Solved,1
Schwerin1_BPP93.txt,18,18,Solved,1
Schwerin1_BPP94.txt,18,18,Solved,1
Schwerin1_BPP95.txt,18,18,Solved,1
Schwerin1_BPP96.txt,18,18,Solved,1
Schwerin1_BPP97.txt,18,18,Solved,1
Schwerin1_BPP98.txt,18,18,Solved,1
Schwerin1_BPP99.txt,18,18,Solved,1
Schwerin1_BPP100.txt,18,18,Solved,1
Schwerin2_BPP1.txt,22,22,Solved,1
Schwerin2_BPP2.txt,22,22,Solved,1
Schwerin2_BPP3.txt,22,22,Solved,1
Schwerin2_BPP4.txt,22,22,Solved,1
Schwerin2_BPP5.txt,22,22,Solved,1
Schwerin2_BPP6.txt,22,22,Solved,1
Schwerin2_BPP7.txt,22,22,Solved,1
Schwerin2_BPP8.txt,21,21,Solved,1
Schwerin2_BPP9.txt,22,22,Solved,1
Schwerin2_BPP10.txt,21,21,Solved,1
Schwerin2_BPP11.txt,22,22,Solved,1
Schwerin2_BPP12.txt,22,22,Solved,1
Schwerin2_BPP13.txt,22,22,Solved,1
Schwerin2_BPP14.txt,22,22,Solved,1
Schwerin2_BPP15.txt,22,22,Solved,1
Schwerin2_BPP16.txt,22,22,Solved,1
Schwerin2_BPP17.txt,22,22,Solved,1
Schwerin2_BPP18.txt,22,22,Solved,1
Schwerin2_BPP19.txt,22,22,Solved,1
Schwerin2_BPP20.txt,22,22,Solved,1
Schwerin2_BPP21.txt,22,22,Solved,1
Schwerin2_BPP22.txt,22,22,Solved,1
Schwerin2_BPP23.txt,22,22,Solved,1
Schwerin2_BPP24.txt,22,22,Solved,1
Schwerin2_BPP25.txt,22,22,Solved,1
Schwerin2_BPP26.txt,22,22,Solved,1
Schwerin2_BPP27.txt,21,21,Solved,1
Schwerin2_BPP28.txt,22,22,Solved,1
Schwerin2_BPP29.txt,21,21,Solved,1
Schwerin2_BPP30.txt,22,22,Solved,1
Schwerin2_BPP31.txt,22,22,Solved,1
Schwerin2_BPP32.txt,22,22,Solved,1
Schwerin2_BPP33.txt,22,22,Solved,1
Schwerin2_BPP34.txt,22,22,Solved,1
Schwerin2_BPP35.txt,22,22,Solved,1
Schwerin2_BPP36.txt,22,22,Solved,1
Schwerin2_BPP37.txt,22,22,Solved,1
Schwerin2_BPP38.txt,22,22,Solved,1
Schwerin2_BPP39.txt,22,22,Solved,1
Schwerin2_BPP40.txt,22,22,Solved,1
Schwerin2_BPP41.txt,22,22,Solved,1
Schwerin2_BPP42.txt,22,22,Solved,1
Schwerin2_BPP43.txt,22,22,Solved,1
Schwerin2_BPP44.txt,22,22,Solved,1
Schwerin2_BPP45.txt,22,22,Solved,1
Schwerin2_BPP46.txt,22,22,Solved,1
Schwerin2_BPP47.txt,22,22,Solved,1
Schwerin2_BPP48.txt,22,22,Solved,1
Schwerin2_BPP49.txt,22,22,Solved,1
Schwerin2_BPP50.txt,22,22,Solved,1
Schwerin2_BPP51.txt,22,22,Solved,1
Schwerin2_BPP52.txt,22,22,Solved,1
Schwerin2_BPP53.txt,22,22,Solved,1
Schwerin2_BPP54.txt,22,22,Solved,1
Schwerin2_BPP55.txt,22,22,Solved,1
Schwerin2_BPP56.txt,21,21,Solved,1
Schwerin2_BPP57.txt,22,22,Solved,1
Schwerin2_BPP58.txt,22,22,Solved,1
Schwerin2_BPP59.txt,22,22,Solved,1
Schwerin2_BPP60.txt,22,22,Solved,1
Schwerin2_BPP61.txt,22,22,Solved,1
Schwerin2_BPP62.txt,22,22,Solved,1
Schwerin2_BPP63.txt,22,22,Solved,1
Schwerin2_BPP64.txt,22,22,Solved,1
Schwerin2_BPP65.txt,22,22,Solved,1
Schwerin2_BPP66.txt,22,22,Solved,1
Schwerin2_BPP67.txt,22,22,Solved,1
Schwerin2_BPP68.txt,22,22,Solved,1
Schwerin2_BPP69.txt,22,22,Solved,1
Schwerin2_BPP70.txt,22,22,Solved,1
Schwerin2_BPP71.txt,21,21,Solved,1
Schwerin2_BPP72.txt,22,22,Solved,1
Schwerin2_BPP73.txt,22,22,Solved,1
Schwerin2_BPP74.txt,22,22,Solved,1
Schwerin2_BPP75.txt,22,22,Solved,1
Schwerin2_BPP76.txt,22,22,Solved,1
Schwerin2_BPP77.txt,22,22,Solved,1
Schwerin2_BPP78.txt,22,22,Solved,1
Schwerin2_BPP79.txt,21,21,Solved,1
Schwerin2_BPP80.txt,22,22,Solved,1
Schwerin2_BPP81.txt,22,22,Solved,1
Schwerin2_BPP82.txt,22,22,Solved,1
Schwerin2_BPP83.txt,22,22,Solved,1
Schwerin2_BPP84.txt,22,22,Solved,1
Schwerin2_BPP85.txt,22,22,Solved,1
Schwerin2_BPP86.txt,22,22,Solved,1
Schwerin2_BPP87.txt,22,22,Solved,1
Schwerin2_BPP88.txt,22,22,Solved,1
Schwerin2_BPP89.txt,22,22,Solved,1
Schwerin2_BPP90.txt,22,22,Solved,1
Schwerin2_BPP91.txt,22,22,Solved,1
Schwerin2_BPP92.txt,22,22,Solved,1
Schwerin2_BPP93.txt,22,22,Solved,1
Schwerin2_BPP94.txt,22,22,Solved,1
Schwerin2_BPP95.txt,22,22,Solved,1
Schwerin2_BPP96.txt,22,22,Solved,1
Schwerin2_BPP97.txt,22,22,Solved,1
Schwerin2_BPP98.txt,21,21,Solved,1
Schwerin2_BPP99.txt,22,22,Solved,1
Schwerin2_BPP100.txt,22,22,Solved,1
Hard28_BPP14.txt,62,62,Solved,1
Hard28_BPP832.txt,60,60,Solved,1
Hard28_BPP40.txt,59,59,Solved,1
Hard28_BPP360.txt,62,62,Solved,1
Hard28_BPP645.txt,58,58,Solved,1
Hard28_BPP742.txt,64,64,Solved,1
Hard28_BPP766.txt,62,62,Solved,1
Hard28_BPP60.txt,63,63,Solved,1
Hard28_BPP13.txt,67,67,Solved,1
Hard28_BPP195.txt,64,64,Solved,1
Hard28_BPP709.txt,67,67,Solved,1
Hard28_BPP785.txt,68,68,Solved,1
Hard28_BPP47.txt,71,71,Solved,1
Hard28_BPP181.txt,72,72,Solved,1
Hard28_BPP359.txt,76,76,Solved,1
Hard28_BPP485.txt,71,71,Solved,1
Hard28_BPP640.txt,74,74,Solved,1
Hard28_BPP716.txt,76,76,Solved,1
Hard28_BPP119.txt,77,77,Solved,1
Hard28_BPP144.txt,73,73,Solved,1
Hard28_BPP561.txt,72,72,Solved,1
Hard28_BPP781.txt,71,71,Solved,1
Hard28_BPP900.txt,75,75,Solved,1
Hard28_BPP175.txt,84,84,Solved,1
Hard28_BPP178.txt,80,80,Solved,1
Hard28_BPP419.txt,80,80,Solved,1
Hard28_BPP531.txt,83,83,Solved,1
Hard28_BPP814.txt,81,81,Solved,1
BPP_50_50_0.1_0.7_0.txt,23,23,Solved,0
BPP_50_50_0.1_0.8_0.txt,24,24,Solved,0
BPP_50_50_0.2_0.7_0.txt,22,22,Solved,0
BPP_50_50_0.2_0.8_0.txt,24,24,Solved,0
BPP_50_50_0.1_0.7_1.txt,21,21,Solved,0
BPP_50_50_0.1_0.8_1.txt,28,28,Solved,0
BPP_50_50_0.2_0.7_1.txt,25,25,Solved,0
BPP_50_50_0.2_0.8_1.txt,25,25,Solved,0
BPP_50_50_0.1_0.7_2.txt,21,21,Solved,0
BPP_50_50_0.1_0.8_2.txt,25,25,Solved,0
BPP_50_50_0.2_0.7_2.txt,22,22,Solved,1
BPP_50_50_0.2_0.8_2.txt,28,28,Solved,0
BPP_50_50_0.1_0.7_3.txt,21,21,Solved,1
BPP_50_50_0.1_0.8_3.txt,21,21,Solved,1
BPP_50_50_0.2_0.7_3.txt,22,22,Solved,0
BPP_50_50_0.2_0.8_3.txt,27,27,Solved,0
BPP_50_50_0.1_0.7_4.txt,24,24,Solved,0
BPP_50_50_0.1_0.8_4.txt,24,24,Solved,1
BPP_50_50_0.2_0.7_4.txt,25,25,Solved,1
BPP_50_50_0.2_0.8_4.txt,29,29,Solved,0
BPP_50_50_0.1_0.7_5.txt,19,19,Solved,0
BPP_50_50_0.1_0.8_5.txt,25,25,Solved,0
BPP_50_50_0.2_0.7_5.txt,24,24,Solved,1
BPP_50_50_0.2_0.8_5.txt,25,25,Solved,0
BPP_50_50_0.1_0.7_6.txt,20,20,Solved,0
BPP_50_50_0.1_0.8_6.txt,23,23,Solved,0
BPP_50_50_0.2_0.7_6.txt,22,22,Solved,0
BPP_50_50_0.2_0.8_6.txt,27,27,Solved,0
BPP_50_50_0.1_0.7_7.txt,23,23,Solved,1
BPP_50_50_0.1_0.8_7.txt,25,25,Solved,0
BPP_50_50_0.2_0.7_7.txt,26,26,Solved,0
BPP_50_50_0.2_0.8_7.txt,27,27,Solved,1
BPP_50_50_0.1_0.7_8.txt,22,22,Solved,0
BPP_50_50_0.1_0.8_8.txt,23,23,Solved,1
BPP_50_50_0.2_0.7_8.txt,26,26,Solved,0
BPP_50_50_0.2_0.8_8.txt,29,29,Solved,0
BPP_50_50_0.1_0.7_9.txt,22,22,Solved,0
BPP_50_50_0.1_0.8_9.txt,24,24,Solved,0
BPP_50_50_0.2_0.7_9.txt,25,25,Solved,0
BPP_50_50_0.2_0.8_9.txt,30,30,Solved,0
BPP_50_75_0.1_0.7_0.txt,20,20,Solved,0
BPP_50_75_0.1_0.8_0.txt,26,26,Solved,0
BPP_50_75_0.2_0.7_0.txt,24,24,Solved,0
BPP_50_75_0.2_0.8_0.txt,28,28,Solved,1
BPP_50_75_0.1_0.7_1.txt,20,20,Solved,1
BPP_50_75_0.1_0.8_1.txt,29,29,Solved,0
BPP_50_75_0.2_0.7_1.txt,22,22,Solved,0
BPP_50_75_0.2_0.8_1.txt,25,25,Solved,0
BPP_50_75_0.1_0.7_2.txt,20,20,Solved,0
BPP_50_75_0.1_0.8_2.txt,23,23,Solved,1
BPP_50_75_0.2_0.7_2.txt,24,24,Solved,1
BPP_50_75_0.2_0.8_2.txt,31,31,Solved,0
BPP_50_75_0.1_0.7_3.txt,20,20,Solved,0
BPP_50_75_0.1_0.8_3.txt,22,22,Solved,1
BPP_50_75_0.2_0.7_3.txt,23,23,Solved,1
BPP_50_75_0.2_0.8_3.txt,31,31,Solved,1
BPP_50_75_0.1_0.7_4.txt,24,24,Solved,0
BPP_50_75_0.1_0.8_4.txt,29,29,Solved,1
BPP_50_75_0.2_0.7_4.txt,22,22,Solved,1
BPP_50_75_0.2_0.8_4.txt,27,27,Solved,1
BPP_50_75_0.1_0.7_5.txt,20,20,Solved,0
BPP_50_75_0.1_0.8_5.txt,26,26,Solved,0
BPP_50_75_0.2_0.7_5.txt,26,26,Solved,0
BPP_50_75_0.2_0.8_5.txt,28,28,Solved,0
BPP_50_75_0.1_0.7_6.txt,19,19,Solved,0
BPP_50_75_0.1_0.8_6.txt,21,21,Solved,0
BPP_50_75_0.2_0.7_6.txt,24,24,Solved,1
BPP_50_75_0.2_0.8_6.txt,26,26,Solved,0
BPP_50_75_0.1_0.7_7.txt,19,19,Solved,1
BPP_50_75_0.1_0.8_7.txt,22,22,Solved,0
BPP_50_75_0.2_0.7_7.txt,27,27,Solved,0
BPP_50_75_0.2_0.8_7.txt,26,26,Solved,0
BPP_50_75_0.1_0.7_8.txt,19,19,Solved,0
BPP_50_75_0.1_0.8_8.txt,20,20,Solved,0
BPP_50_75_0.2_0.7_8.txt,23,23,Solved,0
BPP_50_75_0.2_0.8_8.txt,26,26,Solved,0
BPP_50_75_0.1_0.7_9.txt,20,20,Solved,0
BPP_50_75_0.1_0.8_9.txt,27,27,Solved,0
BPP_50_75_0.2_0.7_9.txt,23,23,Solved,1
BPP_50_75_0.2_0.8_9.txt,33,33,Solved,0
BPP_50_100_0.1_0.7_0.txt,22,22,Solved,0
BPP_50_100_0.1_0.8_0.txt,29,29,Solved,1
BPP_50_100_0.2_0.7_0.txt,27,27,Solved,0
BPP_50_100_0.2_0.8_0.txt,29,29,Solved,0
BPP_50_100_0.1_0.7_1.txt,21,21,Solved,0
BPP_50_100_0.1_0.8_1.txt,26,26,Solved,1
BPP_50_100_0.2_0.7_1.txt,23,23,Solved,1
BPP_50_100_0.2_0.8_1.txt,32,32,Solved,0
BPP_50_100_0.1_0.7_2.txt,22,22,Solved,0
BPP_50_100_0.1_0.8_2.txt,23,23,Solved,0
BPP_50_100_0.2_0.7_2.txt,24,24,Solved,1
BPP_50_100_0.2_0.8_2.txt,27,27,Solved,1
BPP_50_100_0.1_0.7_3.txt,20,20,Solved,0
BPP_50_100_0.1_0.8_3.txt,20,20,Solved,0
BPP_50_100_0.2_0.7_3.txt,22,22,Solved,1
BPP_50_100_0.2_0.8_3.txt,29,29,Solved,0
BPP_50_100_0.1_0.7_4.txt,20,20,Solved,0
BPP_50_100_0.1_0.8_4.txt,25,25,Solved,0
BPP_50_100_0.2_0.7_4.txt,22,22,Solved,0
BPP_50_100_0.2_0.8_4.txt,30,30,Solved,0
BPP_50_100_0.1_0.7_5.txt,22,22,Solved,0
BPP_50_100_0.1_0.8_5.txt,23,23,Solved,0
BPP_50_100_0.2_0.7_5.txt,24,24,Solved,0
BPP_50_100_0.2_0.8_5.txt,25,25,Solved,1
BPP_50_100_0.1_0.7_6.txt,21,21,Solved,0
BPP_50_100_0.1_0.8_6.txt,24,24,Solved,0
BPP_50_100_0.2_0.7_6.txt,25,25,Solved,0
BPP_50_100_0.2_0.8_6.txt,31,31,Solved,0
BPP_50_100_0.1_0.7_7.txt,20,20,Solved,0
BPP_50_100_0.1_0.8_7.txt,24,24,Solved,1
BPP_50_100_0.2_0.7_7.txt,26,26,Solved,0
BPP_50_100_0.2_0.8_7.txt,27,27,Solved,0
BPP_50_100_0.1_0.7_8.txt,21,21,Solved,0
BPP_50_100_0.1_0.8_8.txt,21,21,Solved,1
BPP_50_100_0.2_0.7_8.txt,25,25,Solved,0
BPP_50_100_0.2_0.8_8.txt,26,26,Solved,1
BPP_50_100_0.1_0.7_9.txt,23,23,Solved,0
BPP_50_100_0.1_0.8_9.txt,22,22,Solved,0
BPP_50_100_0.2_0.7_9.txt,23,23,Solved,0
BPP_50_100_0.2_0.8_9.txt,27,27,Solved,0
BPP_50_120_0.1_0.7_0.txt,21,21,Solved,0
BPP_50_120_0.1_0.8_0.txt,25,25,Solved,0
BPP_50_120_0.2_0.7_0.txt,23,23,Solved,1
BPP_50_120_0.2_0.8_0.txt,28,28,Solved,1
BPP_50_120_0.1_0.7_1.txt,20,20,Solved,1
BPP_50_120_0.1_0.8_1.txt,21,21,Solved,0
BPP_50_120_0.2_0.7_1.txt,25,25,Solved,1
BPP_50_120_0.2_0.8_1.txt,27,27,Solved,1
BPP_50_120_0.1_0.7_2.txt,22,22,Solved,0
BPP_50_120_0.1_0.8_2.txt,25,25,Solved,0
BPP_50_120_0.2_0.7_2.txt,22,22,Solved,0
BPP_50_120_0.2_0.8_2.txt,27,27,Solved,0
BPP_50_120_0.1_0.7_3.txt,23,23,Solved,0
BPP_50_120_0.1_0.8_3.txt,22,22,Solved,0
BPP_50_120_0.2_0.7_3.txt,24,24,Solved,1
BPP_50_120_0.2_0.8_3.txt,24,24,Solved,0
BPP_50_120_0.1_0.7_4.txt,18,18,Solved,0
BPP_50_120_0.1_0.8_4.txt,25,25,Solved,0
BPP_50_120_0.2_0.7_4.txt,24,24,Solved,0
BPP_50_120_0.2_0.8_4.txt,28,28,Solved,1
BPP_50_120_0.1_0.7_5.txt,21,21,Solved,0
BPP_50_120_0.1_0.8_5.txt,22,22,Solved,0
BPP_50_120_0.2_0.7_5.txt,23,23,Solved,0
BPP_50_120_0.2_0.8_5.txt,27,27,Solved,0
BPP_50_120_0.1_0.7_6.txt,22,22,Solved,0
BPP_50_120_0.1_0.8_6.txt,22,22,Solved,1
BPP_50_120_0.2_0.7_6.txt,22,22,Solved,0
BPP_50_120_0.2_0.8_6.txt,28,28,Solved,0
BPP_50_120_0.1_0.7_7.txt,21,21,Solved,0
BPP_50_120_0.1_0.8_7.txt,22,22,Solved,0
BPP_50_120_0.2_0.7_7.txt,23,23,Solved,1
BPP_50_120_0.2_0.8_7.txt,24,24,Solved,1
BPP_50_120_0.1_0.7_8.txt,19,19,Solved,1
BPP_50_120_0.1_0.8_8.txt,23,23,Solved,0
BPP_50_120_0.2_0.7_8.txt,23,23,Solved,1
BPP_50_120_0.2_0.8_8.txt,26,26,Solved,0
BPP_50_120_0.1_0.7_9.txt,21,21,Solved,1
BPP_50_120_0.1_0.8_9.txt,22,22,Solved,1
BPP_50_120_0.2_0.7_9.txt,22,22,Solved,0
BPP_50_120_0.2_0.8_9.txt,26,26,Solved,0
BPP_50_125_0.1_0.7_0.txt,20,20,Solved,0
BPP_50_125_0.1_0.8_0.txt,26,26,Solved,0
BPP_50_125_0.2_0.7_0.txt,22,22,Solved,0
BPP_50_125_0.2_0.8_0.txt,24,24,Solved,0
BPP_50_125_0.1_0.7_1.txt,19,19,Solved,1
BPP_50_125_0.1_0.8_1.txt,23,23,Solved,0
BPP_50_125_0.2_0.7_1.txt,24,24,Solved,1
BPP_50_125_0.2_0.8_1.txt,32,32,Solved,0
BPP_50_125_0.1_0.7_2.txt,19,19,Solved,0
BPP_50_125_0.1_0.8_2.txt,21,21,Solved,0
BPP_50_125_0.2_0.7_2.txt,22,22,Solved,1
BPP_50_125_0.2_0.8_2.txt,25,25,Solved,1
BPP_50_125_0.1_0.7_3.txt,20,20,Solved,1
BPP_50_125_0.1_0.8_3.txt,29,29,Solved,0
BPP_50_125_0.2_0.7_3.txt,23,23,Solved,1
BPP_50_125_0.2_0.8_3.txt,29,29,Solved,0
BPP_50_125_0.1_0.7_4.txt,22,22,Solved,1
BPP_50_125_0.1_0.8_4.txt,25,25,Solved,1
BPP_50_125_0.2_0.7_4.txt,25,25,Solved,0
BPP_50_125_0.2_0.8_4.txt,26,26,Solved,1
BPP_50_125_0.1_0.7_5.txt,20,20,Solved,1
BPP_50_125_0.1_0.8_5.txt,30,30,Solved,0
BPP_50_125_0.2_0.7_5.txt,23,23,Solved,1
BPP_50_125_0.2_0.8_5.txt,24,24,Solved,1
BPP_50_125_0.1_0.7_6.txt,21,21,Solved,0
BPP_50_125_0.1_0.8_6.txt,26,26,Solved,1
BPP_50_125_0.2_0.7_6.txt,20,20,Solved,1
BPP_50_125_0.2_0.8_6.txt,27,27,Solved,1
BPP_50_125_0.1_0.7_7.txt,20,20,Solved,0
BPP_50_125_0.1_0.8_7.txt,26,26,Solved,1
BPP_50_125_0.2_0.7_7.txt,25,25,Solved,1
BPP_50_125_0.2_0.8_7.txt,25,25,Solved,1
BPP_50_125_0.1_0.7_8.txt,20,20,Solved,1
BPP_50_125_0.1_0.8_8.txt,21,21,Solved,0
BPP_50_125_0.2_0.7_8.txt,23,23,Solved,1
BPP_50_125_0.2_0.8_8.txt,23,23,Solved,0
BPP_50_125_0.1_0.7_9.txt,21,21,Solved,0
BPP_50_125_0.1_0.8_9.txt,24,24,Solved,0
BPP_50_125_0.2_0.7_9.txt,24,24,Solved,1
BPP_50_125_0.2_0.8_9.txt,28,28,Solved,0
BPP_50_150_0.1_0.7_0.txt,21,21,Solved,0
BPP_50_150_0.1_0.8_0.txt,23,23,Solved,0
BPP_50_150_0.2_0.7_0.txt,22,22,Solved,0
BPP_50_150_0.2_0.8_0.txt,28,28,Solved,0
BPP_50_150_0.1_0.7_1.txt,24,24,Solved,0
BPP_50_150_0.1_0.8_1.txt,27,27,Solved,0
BPP_50_150_0.2_0.7_1.txt,23,23,Solved,0
BPP_50_150_0.2_0.8_1.txt,30,30,Solved,0
BPP_50_150_0.1_0.7_2.txt,20,20,Solved,0
BPP_50_150_0.1_0.8_2.txt,24,24,Solved,0
BPP_50_150_0.2_0.7_2.txt,23,23,Solved,1
BPP_50_150_0.2_0.8_2.txt,28,28,Solved,0
BPP_50_150_0.1_0.7_3.txt,21,21,Solved,1
BPP_50_150_0.1_0.8_3.txt,24,24,Solved,0
BPP_50_150_0.2_0.7_3.txt,23,23,Solved,0
BPP_50_150_0.2_0.8_3.txt,28,28,Solved,1
BPP_50_150_0.1_0.7_4.txt,22,22,Solved,1
BPP_50_150_0.1_0.8_4.txt,20,20,Solved,0
BPP_50_150_0.2_0.7_4.txt,23,23,Solved,1
BPP_50_150_0.2_0.8_4.txt,29,29,Solved,0
BPP_50_150_0.1_0.7_5.txt,21,21,Solved,0
BPP_50_150_0.1_0.8_5.txt,23,23,Solved,0
BPP_50_150_0.2_0.7_5.txt,22,22,Solved,1
BPP_50_150_0.2_0.8_5.txt,25,25,Solved,0
BPP_50_150_0.1_0.7_6.txt,20,20,Solved,1
BPP_50_150_0.1_0.8_6.txt,22,22,Solved,1
BPP_50_150_0.2_0.7_6.txt,20,20,Solved,1
BPP_50_150_0.2_0.8_6.txt,27,27,Solved,0
BPP_50_150_0.1_0.7_7.txt,20,20,Solved,1
BPP_50_150_0.1_0.8_7.txt,22,22,Solved,0
BPP_50_150_0.2_0.7_7.txt,22,22,Solved,0
BPP_50_150_0.2_0.8_7.txt,28,28,Solved,0
BPP_50_150_0.1_0.7_8.txt,20,20,Solved,0
BPP_50_150_0.1_0.8_8.txt,21,21,Solved,1
BPP_50_150_0.2_0.7_8.txt,27,27,Solved,0
BPP_50_150_0.2_0.8_8.txt,29,29,Solved,0
BPP_50_150_0.1_0.7_9.txt,24,24,Solved,1
BPP_50_150_0.1_0.8_9.txt,22,22,Solved,0
BPP_50_150_0.2_0.7_9.txt,24,24,Solved,1
BPP_50_150_0.2_0.8_9.txt,29,29,Solved,0
BPP_50_200_0.1_0.7_0.txt,18,18,Solved,1
BPP_50_200_0.1_0.8_0.txt,24,24,Solved,1
BPP_50_200_0.2_0.7_0.txt,24,24,Solved,1
BPP_50_200_0.2_0.8_0.txt,28,28,Solved,0
BPP_50_200_0.1_0.7_1.txt,19,19,Solved,0
BPP_50_200_0.1_0.8_1.txt,23,23,Solved,1
BPP_50_200_0.2_0.7_1.txt,23,23,Solved,0
BPP_50_200_0.2_0.8_1.txt,28,28,Solved,1
BPP_50_200_0.1_0.7_2.txt,20,20,Solved,0
BPP_50_200_0.1_0.8_2.txt,21,21,Solved,0
BPP_50_200_0.2_0.7_2.txt,23,23,Solved,1
BPP_50_200_0.2_0.8_2.txt,26,26,Solved,0
BPP_50_200_0.1_0.7_3.txt,20,20,Solved,0
BPP_50_200_0.1_0.8_3.txt,22,22,Solved,1
BPP_50_200_0.2_0.7_3.txt,24,24,Solved,1
BPP_50_200_0.2_0.8_3.txt,28,28,Solved,0
BPP_50_200_0.1_0.7_4.txt,21,21,Solved,0
BPP_50_200_0.1_0.8_4.txt,25,25,Solved,0
BPP_50_200_0.2_0.7_4.txt,22,22,Solved,1
BPP_50_200_0.2_0.8_4.txt,26,26,Solved,1
BPP_50_200_0.1_0.7_5.txt,23,23,Solved,1
BPP_50_200_0.1_0.8_5.txt,30,30,Solved,0
BPP_50_200_0.2_0.7_5.txt,25,25,Solved,0
BPP_50_200_0.2_0.8_5.txt,29,29,Solved,0
BPP_50_200_0.1_0.7_6.txt,20,20,Solved,0
BPP_50_200_0.1_0.8_6.txt,23,23,Solved,0
BPP_50_200_0.2_0.7_6.txt,24,24,Solved,1
BPP_50_200_0.2_0.8_6.txt,27,27,Solved,0
BPP_50_200_0.1_0.7_7.txt,20,20,Solved,0
BPP_50_200_0.1_0.8_7.txt,22,22,Solved,0
BPP_50_200_0.2_0.7_7.txt,24,24,Solved,0
BPP_50_200_0.2_0.8_7.txt,24,24,Solved,1
BPP_50_200_0.1_0.7_8.txt,22,22,Solved,0
BPP_50_200_0.1_0.8_8.txt,24,24,Solved,0
BPP_50_200_0.2_0.7_8.txt,22,22,Solved,0
BPP_50_200_0.2_0.8_8.txt,32,32,Solved,0
BPP_50_200_0.1_0.7_9.txt,19,19,Solved,0
BPP_50_200_0.1_0.8_9.txt,22,22,Solved,1
BPP_50_200_0.2_0.7_9.txt,24,24,Solved,1
BPP_50_200_0.2_0.8_9.txt,33,33,Solved,0
BPP_50_300_0.1_0.7_0.txt,21,21,Solved,0
BPP_50_300_0.1_0.8_0.txt,24,24,Solved,0
BPP_50_300_0.2_0.7_0.txt,23,23,Solved,1
BPP_50_300_0.2_0.8_0.txt,24,24,Solved,1
BPP_50_300_0.1_0.7_1.txt,18,18,Solved,0
BPP_50_300_0.1_0.8_1.txt,23,23,Solved,0
BPP_50_300_0.2_0.7_1.txt,20,20,Solved,1
BPP_50_300_0.2_0.8_1.txt,25,25,Solved,0
BPP_50_300_0.1_0.7_2.txt,23,23,Solved,0
BPP_50_300_0.1_0.8_2.txt,25,25,Solved,0
BPP_50_300_0.2_0.7_2.txt,23,23,Solved,0
BPP_50_300_0.2_0.8_2.txt,28,28,Solved,0
BPP_50_300_0.1_0.7_3.txt,20,20,Solved,0
BPP_50_300_0.1_0.8_3.txt,25,25,Solved,0
BPP_50_300_0.2_0.7_3.txt,22,22,Solved,1
BPP_50_300_0.2_0.8_3.txt,32,32,Solved,1
BPP_50_300_0.1_0.7_4.txt,22,22,Solved,0
BPP_50_300_0.1_0.8_4.txt,27,27,Solved,0
BPP_50_300_0.2_0.7_4.txt,22,22,Solved,0
BPP_50_300_0.2_0.8_4.txt,25,25,Solved,0
BPP_50_300_0.1_0.7_5.txt,19,19,Solved,1
BPP_50_300_0.1_0.8_5.txt,22,22,Solved,0
BPP_50_300_0.2_0.7_5.txt,23,23,Solved,1
BPP_50_300_0.2_0.8_5.txt,25,25,Solved,0
BPP_50_300_0.1_0.7_6.txt,20,20,Solved,1
BPP_50_300_0.1_0.8_6.txt,21,21,Solved,0
BPP_50_300_0.2_0.7_6.txt,23,23,Solved,0
BPP_50_300_0.2_0.8_6.txt,26,26,Solved,1
BPP_50_300_0.1_0.7_7.txt,22,22,Solved,0
BPP_50_300_0.1_0.8_7.txt,27,27,Solved,0
BPP_50_300_0.2_0.7_7.txt,25,25,Solved,0
BPP_50_300_0.2_0.8_7.txt,25,25,Solved,0
BPP_50_300_0.1_0.7_8.txt,20,20,Solved,1
BPP_50_300_0.1_0.8_8.txt,29,29,Solved,0
BPP_50_300_0.2_0.7_8.txt,22,22,Solved,1
BPP_50_300_0.2_0.8_8.txt,26,26,Solved,0
BPP_50_300_0.1_0.7_9.txt,20,20,Solved,0
BPP_50_300_0.1_0.8_9.txt,28,28,Solved,0
BPP_50_300_0.2_0.7_9.txt,23,23,Solved,0
BPP_50_300_0.2_0.8_9.txt,25,25,Solved,0
BPP_50_400_0.1_0.7_0.txt,21,21,Solved,1
BPP_50_400_0.1_0.8_0.txt,21,21,Solved,0
BPP_50_400_0.2_0.7_0.txt,24,24,Solved,1
BPP_50_400_0.2_0.8_0.txt,33,33,Solved,0
BPP_50_400_0.1_0.7_1.txt,23,23,Solved,0
BPP_50_400_0.1_0.8_1.txt,29,29,Solved,0
BPP_50_400_0.2_0.7_1.txt,26,26,Solved,0
BPP_50_400_0.2_0.8_1.txt,26,26,Solved,0
BPP_50_400_0.1_0.7_2.txt,21,21,Solved,1
BPP_50_400_0.1_0.8_2.txt,23,23,Solved,1
BPP_50_400_0.2_0.7_2.txt,24,24,Solved,1
BPP_50_400_0.2_0.8_2.txt,27,27,Solved,0
BPP_50_400_0.1_0.7_3.txt,21,21,Solved,0
BPP_50_400_0.1_0.8_3.txt,24,24,Solved,1
BPP_50_400_0.2_0.7_3.txt,25,25,Solved,1
BPP_50_400_0.2_0.8_3.txt,27,27,Solved,1
BPP_50_400_0.1_0.7_4.txt,22,22,Solved,0
BPP_50_400_0.1_0.8_4.txt,20,20,Solved,1
BPP_50_400_0.2_0.7_4.txt,23,23,Solved,0
BPP_50_400_0.2_0.8_4.txt,36,36,Solved,1
BPP_50_400_0.1_0.7_5.txt,20,20,Solved,0
BPP_50_400_0.1_0.8_5.txt,26,26,Solved,0
BPP_50_400_0.2_0.7_5.txt,25,25,Solved,0
BPP_50_400_0.2_0.8_5.txt,27,27,Solved,0
BPP_50_400_0.1_0.7_6.txt,17,17,Solved,0
BPP_50_400_0.1_0.8_6.txt,25,25,Solved,0
BPP_50_400_0.2_0.7_6.txt,21,21,Solved,0
BPP_50_400_0.2_0.8_6.txt,27,27,Solved,0
BPP_50_400_0.1_0.7_7.txt,20,20,Solved,0
BPP_50_400_0.1_0.8_7.txt,24,24,Solved,1
BPP_50_400_0.2_0.7_7.txt,25,25,Solved,1
BPP_50_400_0.2_0.8_7.txt,27,27,Solved,0
BPP_50_400_0.1_0.7_8.txt,22,22,Solved,0
BPP_50_400_0.1_0.8_8.txt,29,29,Solved,0
BPP_50_400_0.2_0.7_8.txt,24,24,Solved,0
BPP_50_400_0.2_0.8_8.txt,26,26,Solved,0
BPP_50_400_0.1_0.7_9.txt,24,24,Solved,0
BPP_50_400_0.1_0.8_9.txt,24,24,Solved,0
BPP_50_400_0.2_0.7_9.txt,24,24,Solved,0
BPP_50_400_0.2_0.8_9.txt,23,23,Solved,1
BPP_50_500_0.1_0.7_0.txt,20,20,Solved,1
BPP_50_500_0.1_0.8_0.txt,24,24,Solved,0
BPP_50_500_0.2_0.7_0.txt,23,23,Solved,0
BPP_50_500_0.2_0.8_0.txt,29,29,Solved,1
BPP_50_500_0.1_0.7_1.txt,18,18,Solved,1
BPP_50_500_0.1_0.8_1.txt,24,24,Solved,0
BPP_50_500_0.2_0.7_1.txt,22,22,Solved,0
BPP_50_500_0.2_0.8_1.txt,25,25,Solved,0
BPP_50_500_0.1_0.7_2.txt,23,23,Solved,1
BPP_50_500_0.1_0.8_2.txt,25,25,Solved,0
BPP_50_500_0.2_0.7_2.txt,25,25,Solved,0
BPP_50_500_0.2_0.8_2.txt,27,27,Solved,0
BPP_50_500_0.1_0.7_3.txt,23,23,Solved,0
BPP_50_500_0.1_0.8_3.txt,22,22,Solved,0
BPP_50_500_0.2_0.7_3.txt,24,24,Solved,1
BPP_50_500_0.2_0.8_3.txt,25,25,Solved,0
BPP_50_500_0.1_0.7_4.txt,20,20,Solved,1
BPP_50_500_0.1_0.8_4.txt,21,21,Solved,0
BPP_50_500_0.2_0.7_4.txt,22,22,Solved,0
BPP_50_500_0.2_0.8_4.txt,29,29,Solved,0
BPP_50_500_0.1_0.7_5.txt,21,21,Solved,0
BPP_50_500_0.1_0.8_5.txt,25,25,Solved,0
BPP_50_500_0.2_0.7_5.txt,26,26,Solved,0
BPP_50_500_0.2_0.8_5.txt,28,28,Solved,1
BPP_50_500_0.1_0.7_6.txt,21,21,Solved,0
BPP_50_500_0.1_0.8_6.txt,22,22,Solved,0
BPP_50_500_0.2_0.7_6.txt,29,29,Solved,0
BPP_50_500_0.2_0.8_6.txt,28,28,Solved,0
BPP_50_500_0.1_0.7_7.txt,22,22,Solved,0
BPP_50_500_0.1_0.8_7.txt,26,26,Solved,1
BPP_50_500_0.2_0.7_7.txt,22,22,Solved,1
BPP_50_500_0.2_0.8_7.txt,32,32,Solved,0
BPP_50_500_0.1_0.7_8.txt,21,21,Solved,1
BPP_50_500_0.1_0.8_8.txt,27,27,Solved,0
BPP_50_500_0.2_0.7_8.txt,22,22,Solved,0
BPP_50_500_0.2_0.8_8.txt,27,27,Solved,0
BPP_50_500_0.1_0.7_9.txt,21,21,Solved,0
BPP_50_500_0.1_0.8_9.txt,25,25,Solved,1
BPP_50_500_0.2_0.7_9.txt,24,24,Solved,1
BPP_50_500_0.2_0.8_9.txt,26,26,Solved,0
BPP_50_750_0.1_0.7_0.txt,22,22,Solved,0
BPP_50_750_0.1_0.8_0.txt,31,31,Solved,0
BPP_50_750_0.2_0.7_0.txt,22,22,Solved,1
BPP_50_750_0.2_0.8_0.txt,28,28,Solved,0
BPP_50_750_0.1_0.7_1.txt,20,20,Solved,0
BPP_50_750_0.1_0.8_1.txt,22,22,Solved,1
BPP_50_750_0.2_0.7_1.txt,25,25,Solved,1
BPP_50_750_0.2_0.8_1.txt,27,27,Solved,1
BPP_50_750_0.1_0.7_2.txt,23,23,Solved,0
BPP_50_750_0.1_0.8_2.txt,27,27,Solved,0
BPP_50_750_0.2_0.7_2.txt,23,23,Solved,1
BPP_50_750_0.2_0.8_2.txt,26,26,Solved,1
BPP_50_750_0.1_0.7_3.txt,21,21,Solved,0
BPP_50_750_0.1_0.8_3.txt,26,26,Solved,0
BPP_50_750_0.2_0.7_3.txt,24,24,Solved,1
BPP_50_750_0.2_0.8_3.txt,31,31,Solved,0
BPP_50_750_0.1_0.7_4.txt,19,19,Solved,0
BPP_50_750_0.1_0.8_4.txt,23,23,Solved,1
BPP_50_750_0.2_0.7_4.txt,23,23,Solved,1
BPP_50_750_0.2_0.8_4.txt,29,29,Solved,1
BPP_50_750_0.1_0.7_5.txt,22,22,Solved,0
BPP_50_750_0.1_0.8_5.txt,24,24,Solved,0
BPP_50_750_0.2_0.7_5.txt,24,24,Solved,0
BPP_50_750_0.2_0.8_5.txt,28,28,Solved,0
BPP_50_750_0.1_0.7_6.txt,22,22,Solved,1
BPP_50_750_0.1_0.8_6.txt,24,24,Solved,0
BPP_50_750_0.2_0.7_6.txt,23,23,Solved,1
BPP_50_750_0.2_0.8_6.txt,27,27,Solved,1
BPP_50_750_0.1_0.7_7.txt,20,20,Solved,0
BPP_50_750_0.1_0.8_7.txt,27,27,Solved,0
BPP_50_750_0.2_0.7_7.txt,24,24,Solved,0
BPP_50_750_0.2_0.8_7.txt,26,26,Solved,0
BPP_50_750_0.1_0.7_8.txt,20,20,Solved,0
BPP_50_750_0.1_0.8_8.txt,24,24,Solved,1
BPP_50_750_0.2_0.7_8.txt,23,23,Solved,0
BPP_50_750_0.2_0.8_8.txt,28,28,Solved,1
BPP_50_750_0.1_0.7_9.txt,22,22,Solved,0
BPP_50_750_0.1_0.8_9.txt,21,21,Solved,0
BPP_50_750_0.2_0.7_9.txt,23,23,Solved,1
BPP_50_750_0.2_0.8_9.txt,29,29,Solved,0
BPP_50_1000_0.1_0.7_0.txt,20,20,Solved,1
BPP_50_1000_0.1_0.8_0.txt,22,22,Solved,1
BPP_50_1000_0.2_0.7_0.txt,24,24,Solved,1
BPP_50_1000_0.2_0.8_0.txt,33,33,Solved,0
BPP_50_1000_0.1_0.7_1.txt,21,21,Solved,0
BPP_50_1000_0.1_0.8_1.txt,22,22,Solved,0
BPP_50_1000_0.2_0.7_1.txt,25,25,Solved,1
BPP_50_1000_0.2_0.8_1.txt,28,28,Solved,1
BPP_50_1000_0.1_0.7_2.txt,22,22,Solved,0
BPP_50_1000_0.1_0.8_2.txt,22,22,Solved,0
BPP_50_1000_0.2_0.7_2.txt,24,24,Solved,0
BPP_50_1000_0.2_0.8_2.txt,29,29,Solved,1
BPP_50_1000_0.1_0.7_3.txt,22,22,Solved,0
BPP_50_1000_0.1_0.8_3.txt,24,24,Solved,1
BPP_50_1000_0.2_0.7_3.txt,24,24,Solved,0
BPP_50_1000_0.2_0.8_3.txt,29,29,Solved,1
BPP_50_1000_0.1_0.7_4.txt,21,21,Solved,0
BPP_50_1000_0.1_0.8_4.txt,24,24,Solved,1
BPP_50_1000_0.2_0.7_4.txt,21,21,Solved,0
BPP_50_1000_0.2_0.8_4.txt,25,25,Solved,1
BPP_50_1000_0.1_0.7_5.txt,23,23,Solved,0
BPP_50_1000_0.1_0.8_5.txt,27,27,Solved,0
BPP_50_1000_0.2_0.7_5.txt,24,24,Solved,0
BPP_50_1000_0.2_0.8_5.txt,30,30,Solved,0
BPP_50_1000_0.1_0.7_6.txt,22,22,Solved,1
BPP_50_1000_0.1_0.8_6.txt,22,22,Solved,0
BPP_50_1000_0.2_0.7_6.txt,22,22,Solved,1
BPP_50_1000_0.2_0.8_6.txt,31,31,Solved,0
BPP_50_1000_0.1_0.7_7.txt,19,19,Solved,1
BPP_50_1000_0.1_0.8_7.txt,23,23,Solved,0
BPP_50_1000_0.2_0.7_7.txt,25,25,Solved,1
BPP_50_1000_0.2_0.8_7.txt,28,28,Solved,0
BPP_50_1000_0.1_0.7_8.txt,21,21,Solved,0
BPP_50_1000_0.1_0.8_8.txt,20,20,Solved,1
BPP_50_1000_0.2_0.7_8.txt,26,26,Solved,0
BPP_50_1000_0.2_0.8_8.txt,26,26,Solved,1
BPP_50_1000_0.1_0.7_9.txt,20,20,Solved,0
BPP_50_1000_0.1_0.8_9.txt,23,23,Solved,1
BPP_50_1000_0.2_0.7_9.txt,22,22,Solved,1
BPP_50_1000_0.2_0.8_9.txt,29,29,Solved,0
BPP_100_50_0.1_0.7_0.txt,41,41,Solved,0
BPP_100_50_0.1_0.8_0.txt,43,43,Solved,0
BPP_100_50_0.2_0.7_0.txt,49,49,Solved,1
BPP_100_50_0.2_0.8_0.txt,50,50,Solved,1
BPP_100_50_0.1_0.7_1.txt,40,40,Solved,0
BPP_100_50_0.1_0.8_1.txt,44,44,Solved,0
BPP_100_50_0.2_0.7_1.txt,47,47,Solved,1
BPP_100_50_0.2_0.8_1.txt,51,51,Solved,1
BPP_100_50_0.1_0.7_2.txt,40,40,Solved,0
BPP_100_50_0.1_0.8_2.txt,50,50,Solved,0
BPP_100_50_0.2_0.7_2.txt,45,45,Solved,1
BPP_100_50_0.2_0.8_2.txt,52,52,Solved,1
BPP_100_50_0.1_0.7_3.txt,44,44,Solved,1
BPP_100_50_0.1_0.8_3.txt,46,46,Solved,0
BPP_100_50_0.2_0.7_3.txt,49,49,Solved,0
BPP_100_50_0.2_0.8_3.txt,51,51,Solved,0
BPP_100_50_0.1_0.7_4.txt,39,39,Solved,0
BPP_100_50_0.1_0.8_4.txt,42,42,Solved,0
BPP_100_50_0.2_0.7_4.txt,47,47,Solved,1
BPP_100_50_0.2_0.8_4.txt,53,53,Solved,1
BPP_100_50_0.1_0.7_5.txt,43,43,Solved,1
BPP_100_50_0.1_0.8_5.txt,42,42,Solved,1
BPP_100_50_0.2_0.7_5.txt,46,46,Solved,1
BPP_100_50_0.2_0.8_5.txt,48,48,Solved,1
BPP_100_50_0.1_0.7_6.txt,40,40,Solved,1
BPP_100_50_0.1_0.8_6.txt,44,44,Solved,0
BPP_100_50_0.2_0.7_6.txt,46,46,Solved,1
BPP_100_50_0.2_0.8_6.txt,51,51,Solved,0
BPP_100_50_0.1_0.7_7.txt,40,40,Solved,0
BPP_100_50_0.1_0.8_7.txt,45,45,Solved,0
BPP_100_50_0.2_0.7_7.txt,44,44,Solved,1
BPP_100_50_0.2_0.8_7.txt,55,55,Solved,0
BPP_100_50_0.1_0.7_8.txt,40,40,Solved,0
BPP_100_50_0.1_0.8_8.txt,47,47,Solved,0
BPP_100_50_0.2_0.7_8.txt,46,46,Solved,0
BPP_100_50_0.2_0.8_8.txt,56,56,Solved,0
BPP_100_50_0.1_0.7_9.txt,41,41,Solved,0
BPP_100_50_0.1_0.8_9.txt,47,47,Solved,0
BPP_100_50_0.2_0.7_9.txt,51,51,Solved,0
BPP_100_50_0.2_0.8_9.txt,52,52,Solved,0
BPP_100_75_0.1_0.7_0.txt,38,38,Solved,0
BPP_100_75_0.1_0.8_0.txt,51,51,Solved,0
BPP_100_75_0.2_0.7_0.txt,46,46,Solved,1
BPP_100_75_0.2_0.8_0.txt,48,48,Solved,1
BPP_100_75_0.1_0.7_1.txt,39,39,Solved,0
BPP_100_75_0.1_0.8_1.txt,47,47,Solved,0
BPP_100_75_0.2_0.7_1.txt,50,50,Solved,0
BPP_100_75_0.2_0.8_1.txt,54,54,Solved,0
BPP_100_75_0.1_0.7_2.txt,42,42,Solved,1
BPP_100_75_0.1_0.8_2.txt,46,46,Solved,0
BPP_100_75_0.2_0.7_2.txt,45,45,Solved,1
BPP_100_75_0.2_0.8_2.txt,53,53,Solved,1
BPP_100_75_0.1_0.7_3.txt,44,44,Solved,1
BPP_100_75_0.1_0.8_3.txt,52,52,Solved,0
BPP_100_75_0.2_0.7_3.txt,49,49,Solved,0
BPP_100_75_0.2_0.8_3.txt,53,53,Solved,0
BPP_100_75_0.1_0.7_4.txt,41,41,Solved,0
BPP_100_75_0.1_0.8_4.txt,49,49,Solved,0
BPP_100_75_0.2_0.7_4.txt,45,45,Solved,1
BPP_100_75_0.2_0.8_4.txt,48,48,Solved,1
BPP_100_75_0.1_0.7_5.txt,40,40,Solved,0
BPP_100_75_0.1_0.8_5.txt,47,47,Solved,1
BPP_100_75_0.2_0.7_5.txt,47,47,Solved,1
BPP_100_75_0.2_0.8_5.txt,52,52,Solved,0
BPP_100_75_0.1_0.7_6.txt,41,41,Solved,1
BPP_100_75_0.1_0.8_6.txt,44,44,Solved,0
BPP_100_75_0.2_0.7_6.txt,49,49,Solved,1
BPP_100_75_0.2_0.8_6.txt,48,48,Solved,0
BPP_100_75_0.1_0.7_7.txt,39,39,Solved,1
BPP_100_75_0.1_0.8_7.txt,48,48,Solved,1
BPP_100_75_0.2_0.7_7.txt,45,45,Solved,1
BPP_100_75_0.2_0.8_7.txt,50,50,Solved,0
BPP_100_75_0.1_0.7_8.txt,38,38,Solved,1
BPP_100_75_0.1_0.8_8.txt,46,46,Solved,0
BPP_100_75_0.2_0.7_8.txt,45,45,Solved,0
BPP_100_75_0.2_0.8_8.txt,65,65,Solved,1
BPP_100_75_0.1_0.7_9.txt,38,38,Solved,0
BPP_100_75_0.1_0.8_9.txt,48,48,Solved,0
BPP_100_75_0.2_0.7_9.txt,47,47,Solved,1
BPP_100_75_0.2_0.8_9.txt,48,48,Solved,1
BPP_100_100_0.1_0.7_0.txt,40,40,Solved,1
BPP_100_100_0.1_0.8_0.txt,47,47,Solved,1
BPP_100_100_0.2_0.7_0.txt,47,47,Solved,1
BPP_100_100_0.2_0.8_0.txt,53,53,Solved,0
BPP_100_100_0.1_0.7_1.txt,41,41,Solved,1
BPP_100_100_0.1_0.8_1.txt,49,49,Solved,0
BPP_100_100_0.2_0.7_1.txt,46,46,Solved,1
BPP_100_100_0.2_0.8_1.txt,53,53,Solved,0
BPP_100_100_0.1_0.7_2.txt,40,40,Solved,1
BPP_100_100_0.1_0.8_2.txt,42,42,Solved,0
BPP_100_100_0.2_0.7_2.txt,54,54,Solved,0
BPP_100_100_0.2_0.8_2.txt,56,56,Solved,0
BPP_100_100_0.1_0.7_3.txt,39,39,Solved,0
BPP_100_100_0.1_0.8_3.txt,48,48,Solved,1
BPP_100_100_0.2_0.7_3.txt,45,45,Solved,1
BPP_100_100_0.2_0.8_3.txt,55,55,Solved,0
BPP_100_100_0.1_0.7_4.txt,40,40,Solved,1
BPP_100_100_0.1_0.8_4.txt,58,58,Solved,0
BPP_100_100_0.2_0.7_4.txt,50,50,Solved,0
BPP_100_100_0.2_0.8_4.txt,57,57,Solved,0
BPP_100_100_0.1_0.7_5.txt,43,43,Solved,0
BPP_100_100_0.1_0.8_5.txt,50,50,Solved,1
BPP_100_100_0.2_0.7_5.txt,47,47,Solved,1
BPP_100_100_0.2_0.8_5.txt,58,58,Solved,0
BPP_100_100_0.1_0.7_6.txt,41,41,Solved,1
BPP_100_100_0.1_0.8_6.txt,46,46,Solved,1
BPP_100_100_0.2_0.7_6.txt,46,46,Solved,1
BPP_100_100_0.2_0.8_6.txt,50,50,Solved,0
BPP_100_100_0.1_0.7_7.txt,42,42,Solved,0
BPP_100_100_0.1_0.8_7.txt,47,47,Solved,1
BPP_100_100_0.2_0.7_7.txt,45,45,Solved,1
BPP_100_100_0.2_0.8_7.txt,53,53,Solved,0
BPP_100_100_0.1_0.7_8.txt,41,41,Solved,1
BPP_100_100_0.1_0.8_8.txt,45,45,Solved,0
BPP_100_100_0.2_0.7_8.txt,46,46,Solved,1
BPP_100_100_0.2_0.8_8.txt,50,50,Solved,1
BPP_100_100_0.1_0.7_9.txt,41,41,Solved,1
BPP_100_100_0.1_0.8_9.txt,46,46,Solved,0
BPP_100_100_0.2_0.7_9.txt,45,45,Solved,1
BPP_100_100_0.2_0.8_9.txt,66,66,Solved,0
BPP_100_120_0.1_0.7_0.txt,41,41,Solved,1
BPP_100_120_0.1_0.8_0.txt,43,43,Solved,1
BPP_100_120_0.2_0.7_0.txt,50,50,Solved,0
BPP_100_120_0.2_0.8_0.txt,54,54,Solved,0
BPP_100_120_0.1_0.7_1.txt,40,40,Solved,1
BPP_100_120_0.1_0.8_1.txt,46,46,Solved,1
BPP_100_120_0.2_0.7_1.txt,48,48,Solved,1
BPP_100_120_0.2_0.8_1.txt,48,48,Solved,1
BPP_100_120_0.1_0.7_2.txt,38,38,Solved,1
BPP_100_120_0.1_0.8_2.txt,45,45,Solved,1
BPP_100_120_0.2_0.7_2.txt,46,46,Solved,0
BPP_100_120_0.2_0.8_2.txt,51,51,Solved,0
BPP_100_120_0.1_0.7_3.txt,41,41,Solved,1
BPP_100_120_0.1_0.8_3.txt,51,51,Solved,1
BPP_100_120_0.2_0.7_3.txt,41,41,Solved,1
BPP_100_120_0.2_0.8_3.txt,55,55,Solved,0
BPP_100_120_0.1_0.7_4.txt,41,41,Solved,0
BPP_100_120_0.1_0.8_4.txt,47,47,Solved,0
BPP_100_120_0.2_0.7_4.txt,48,48,Solved,0
BPP_100_120_0.2_0.8_4.txt,49,49,Solved,1
BPP_100_120_0.1_0.7_5.txt,40,40,Solved,0
BPP_100_120_0.1_0.8_5.txt,43,43,Solved,1
BPP_100_120_0.2_0.7_5.txt,48,48,Solved,1
BPP_100_120_0.2_0.8_5.txt,51,51,Solved,1
BPP_100_120_0.1_0.7_6.txt,40,40,Solved,1
BPP_100_120_0.1_0.8_6.txt,45,45,Solved,0
BPP_100_120_0.2_0.7_6.txt,45,45,Solved,1
BPP_100_120_0.2_0.8_6.txt,54,54,Solved,0
BPP_100_120_0.1_0.7_7.txt,41,41,Solved,0
BPP_100_120_0.1_0.8_7.txt,54,54,Solved,0
BPP_100_120_0.2_0.7_7.txt,44,44,Solved,1
BPP_100_120_0.2_0.8_7.txt,54,54,Solved,0
BPP_100_120_0.1_0.7_8.txt,40,40,Solved,1
BPP_100_120_0.1_0.8_8.txt,44,44,Solved,1
BPP_100_120_0.2_0.7_8.txt,46,46,Solved,1
BPP_100_120_0.2_0.8_8.txt,53,53,Solved,0
BPP_100_120_0.1_0.7_9.txt,40,40,Solved,1
BPP_100_120_0.1_0.8_9.txt,44,44,Solved,1
BPP_100_120_0.2_0.7_9.txt,45,45,Solved,1
BPP_100_120_0.2_0.8_9.txt,54,54,Solved,0
BPP_100_125_0.1_0.7_0.txt,36,36,Solved,0
BPP_100_125_0.1_0.8_0.txt,47,47,Solved,0
BPP_100_125_0.2_0.7_0.txt,46,46,Solved,1
BPP_100_125_0.2_0.8_0.txt,60,60,Solved,0
BPP_100_125_0.1_0.7_1.txt,39,39,Solved,0
BPP_100_125_0.1_0.8_1.txt,46,46,Solved,1
BPP_100_125_0.2_0.7_1.txt,48,48,Solved,1
BPP_100_125_0.2_0.8_1.txt,52,52,Solved,1
BPP_100_125_0.1_0.7_2.txt,42,42,Solved,1
BPP_100_125_0.1_0.8_2.txt,45,45,Solved,1
BPP_100_125_0.2_0.7_2.txt,45,45,Solved,1
BPP_100_125_0.2_0.8_2.txt,48,48,Solved,1
BPP_100_125_0.1_0.7_3.txt,42,42,Solved,1
BPP_100_125_0.1_0.8_3.txt,44,44,Solved,1
BPP_100_125_0.2_0.7_3.txt,44,44,Solved,1
BPP_100_125_0.2_0.8_3.txt,51,51,Solved,0
BPP_100_125_0.1_0.7_4.txt,38,38,Solved,0
BPP_100_125_0.1_0.8_4.txt,47,47,Solved,0
BPP_100_125_0.2_0.7_4.txt,46,46,Solved,1
BPP_100_125_0.2_0.8_4.txt,53,53,Solved,0
BPP_100_125_0.1_0.7_5.txt,40,40,Solved,0
BPP_100_125_0.1_0.8_5.txt,44,44,Solved,0
BPP_100_125_0.2_0.7_5.txt,45,45,Solved,1
BPP_100_125_0.2_0.8_5.txt,59,59,Solved,0
BPP_100_125_0.1_0.7_6.txt,41,41,Solved,1
BPP_100_125_0.1_0.8_6.txt,50,50,Solved,1
BPP_100_125_0.2_0.7_6.txt,45,45,Solved,1
BPP_100_125_0.2_0.8_6.txt,52,52,Solved,0
BPP_100_125_0.1_0.7_7.txt,43,43,Solved,0
BPP_100_125_0.1_0.8_7.txt,52,52,Solved,1
BPP_100_125_0.2_0.7_7.txt,48,48,Solved,1
BPP_100_125_0.2_0.8_7.txt,54,54,Solved,1
BPP_100_125_0.1_0.7_8.txt,39,39,Solved,0
BPP_100_125_0.1_0.8_8.txt,42,42,Solved,1
BPP_100_125_0.2_0.7_8.txt,49,49,Solved,1
BPP_100_125_0.2_0.8_8.txt,57,57,Solved,0
BPP_100_125_0.1_0.7_9.txt,39,39,Solved,1
BPP_100_125_0.1_0.8_9.txt,44,44,Solved,1
BPP_100_125_0.2_0.7_9.txt,46,46,Solved,1
BPP_100_125_0.2_0.8_9.txt,52,52,Solved,0
BPP_100_150_0.1_0.7_0.txt,39,39,Solved,0
BPP_100_150_0.1_0.8_0.txt,55,55,Solved,0
BPP_100_150_0.2_0.7_0.txt,46,46,Solved,1
BPP_100_150_0.2_0.8_0.txt,51,51,Solved,0
BPP_100_150_0.1_0.7_1.txt,41,41,Solved,1
BPP_100_150_0.1_0.8_1.txt,46,46,Solved,1
BPP_100_150_0.2_0.7_1.txt,46,46,Solved,1
BPP_100_150_0.2_0.8_1.txt,53,53,Solved,0
BPP_100_150_0.1_0.7_2.txt,40,40,Solved,1
BPP_100_150_0.1_0.8_2.txt,43,43,Solved,0
BPP_100_150_0.2_0.7_2.txt,48,48,Solved,1
BPP_100_150_0.2_0.8_2.txt,52,52,Solved,0
BPP_100_150_0.1_0.7_3.txt,44,44,Solved,1
BPP_100_150_0.1_0.8_3.txt,44,44,Solved,1
BPP_100_150_0.2_0.7_3.txt,46,46,Solved,1
BPP_100_150_0.2_0.8_3.txt,51,51,Solved,0
BPP_100_150_0.1_0.7_4.txt,39,39,Solved,1
BPP_100_150_0.1_0.8_4.txt,50,50,Solved,0
BPP_100_150_0.2_0.7_4.txt,44,44,Solved,1
BPP_100_150_0.2_0.8_4.txt,53,53,Solved,1
BPP_100_150_0.1_0.7_5.txt,41,41,Solved,1
BPP_100_150_0.1_0.8_5.txt,47,47,Solved,0
BPP_100_150_0.2_0.7_5.txt,52,52,Solved,0
BPP_100_150_0.2_0.8_5.txt,52,52,Solved,0
BPP_100_150_0.1_0.7_6.txt,39,39,Solved,1
BPP_100_150_0.1_0.8_6.txt,45,45,Solved,0
BPP_100_150_0.2_0.7_6.txt,47,47,Solved,0
BPP_100_150_0.2_0.8_6.txt,57,57,Solved,0
BPP_100_150_0.1_0.7_7.txt,41,41,Solved,0
BPP_100_150_0.1_0.8_7.txt,47,47,Solved,1
BPP_100_150_0.2_0.7_7.txt,47,47,Solved,1
BPP_100_150_0.2_0.8_7.txt,56,56,Solved,0
BPP_100_150_0.1_0.7_8.txt,39,39,Solved,0
BPP_100_150_0.1_0.8_8.txt,48,48,Solved,0
BPP_100_150_0.2_0.7_8.txt,53,53,Solved,0
BPP_100_150_0.2_0.8_8.txt,53,53,Solved,1
BPP_100_150_0.1_0.7_9.txt,42,42,Solved,1
BPP_100_150_0.1_0.8_9.txt,45,45,Solved,1
BPP_100_150_0.2_0.7_9.txt,49,49,Solved,0
BPP_100_150_0.2_0.8_9.txt,56,56,Solved,0
BPP_100_200_0.1_0.7_0.txt,42,42,Solved,0
BPP_100_200_0.1_0.8_0.txt,46,46,Solved,1
BPP_100_200_0.2_0.7_0.txt,45,45,Solved,1
BPP_100_200_0.2_0.8_0.txt,54,54,Solved,0
BPP_100_200_0.1_0.7_1.txt,42,42,Solved,1
BPP_100_200_0.1_0.8_1.txt,50,50,Solved,0
BPP_100_200_0.2_0.7_1.txt,43,43,Solved,1
BPP_100_200_0.2_0.8_1.txt,57,57,Solved,0
BPP_100_200_0.1_0.7_2.txt,39,39,Solved,0
BPP_100_200_0.1_0.8_2.txt,45,45,Solved,0
BPP_100_200_0.2_0.7_2.txt,46,46,Solved,1
BPP_100_200_0.2_0.8_2.txt,46,46,Solved,1
BPP_100_200_0.1_0.7_3.txt,45,45,Solved,1
BPP_100_200_0.1_0.8_3.txt,44,44,Solved,1
BPP_100_200_0.2_0.7_3.txt,46,46,Solved,1
BPP_100_200_0.2_0.8_3.txt,51,51,Solved,1
BPP_100_200_0.1_0.7_4.txt,43,43,Solved,0
BPP_100_200_0.1_0.8_4.txt,46,46,Solved,0
BPP_100_200_0.2_0.7_4.txt,46,46,Solved,1
BPP_100_200_0.2_0.8_4.txt,50,50,Solved,1
BPP_100_200_0.1_0.7_5.txt,41,41,Solved,0
BPP_100_200_0.1_0.8_5.txt,51,51,Solved,0
BPP_100_200_0.2_0.7_5.txt,46,46,Solved,1
BPP_100_200_0.2_0.8_5.txt,53,53,Solved,0
BPP_100_200_0.1_0.7_6.txt,40,40,Solved,1
BPP_100_200_0.1_0.8_6.txt,50,50,Solved,0
BPP_100_200_0.2_0.7_6.txt,46,46,Solved,1
BPP_100_200_0.2_0.8_6.txt,55,55,Solved,0
BPP_100_200_0.1_0.7_7.txt,43,43,Solved,1
BPP_100_200_0.1_0.8_7.txt,45,45,Solved,0
BPP_100_200_0.2_0.7_7.txt,45,45,Solved,1
BPP_100_200_0.2_0.8_7.txt,53,53,Solved,1
BPP_100_200_0.1_0.7_8.txt,37,37,Solved,1
BPP_100_200_0.1_0.8_8.txt,52,52,Solved,0
BPP_100_200_0.2_0.7_8.txt,47,47,Solved,1
BPP_100_200_0.2_0.8_8.txt,51,51,Solved,0
BPP_100_200_0.1_0.7_9.txt,42,42,Solved,1
BPP_100_200_0.1_0.8_9.txt,56,56,Solved,0
BPP_100_200_0.2_0.7_9.txt,48,48,Solved,1
BPP_100_200_0.2_0.8_9.txt,52,52,Solved,0
BPP_100_300_0.1_0.7_0.txt,38,38,Solved,1
BPP_100_300_0.1_0.8_0.txt,45,45,Solved,1
BPP_100_300_0.2_0.7_0.txt,43,43,Solved,1
BPP_100_300_0.2_0.8_0.txt,54,54,Solved,0
BPP_100_300_0.1_0.7_1.txt,38,38,Solved,0
BPP_100_300_0.1_0.8_1.txt,43,43,Solved,1
BPP_100_300_0.2_0.7_1.txt,44,44,Solved,1
BPP_100_300_0.2_0.8_1.txt,50,50,Solved,1
BPP_100_300_0.1_0.7_2.txt,40,40,Solved,1
BPP_100_300_0.1_0.8_2.txt,46,46,Solved,1
BPP_100_300_0.2_0.7_2.txt,44,44,Solved,1
BPP_100_300_0.2_0.8_2.txt,56,56,Solved,0
BPP_100_300_0.1_0.7_3.txt,42,42,Solved,0
BPP_100_300_0.1_0.8_3.txt,50,50,Solved,0
BPP_100_300_0.2_0.7_3.txt,46,46,Solved,1
BPP_100_300_0.2_0.8_3.txt,49,49,Solved,0
BPP_100_300_0.1_0.7_4.txt,42,42,Solved,1
BPP_100_300_0.1_0.8_4.txt,43,43,Solved,1
BPP_100_300_0.2_0.7_4.txt,47,47,Solved,1
BPP_100_300_0.2_0.8_4.txt,56,56,Solved,0
BPP_100_300_0.1_0.7_5.txt,42,42,Solved,0
BPP_100_300_0.1_0.8_5.txt,51,51,Solved,0
BPP_100_300_0.2_0.7_5.txt,47,47,Solved,1
BPP_100_300_0.2_0.8_5.txt,52,52,Solved,0
BPP_100_300_0.1_0.7_6.txt,43,43,Solved,1
BPP_100_300_0.1_0.8_6.txt,43,43,Solved,1
BPP_100_300_0.2_0.7_6.txt,44,44,Solved,1
BPP_100_300_0.2_0.8_6.txt,55,55,Solved,0
BPP_100_300_0.1_0.7_7.txt,39,39,Solved,1
BPP_100_300_0.1_0.8_7.txt,50,50,Solved,0
BPP_100_300_0.2_0.7_7.txt,47,47,Solved,1
BPP_100_300_0.2_0.8_7.txt,55,55,Solved,0
BPP_100_300_0.1_0.7_8.txt,39,39,Solved,1
BPP_100_300_0.1_0.8_8.txt,45,45,Solved,1
BPP_100_300_0.2_0.7_8.txt,46,46,Solved,1
BPP_100_300_0.2_0.8_8.txt,53,53,Solved,0
BPP_100_300_0.1_0.7_9.txt,42,42,Solved,0
BPP_100_300_0.1_0.8_9.txt,45,45,Solved,1
BPP_100_300_0.2_0.7_9.txt,43,43,Solved,1
BPP_100_300_0.2_0.8_9.txt,50,50,Solved,1
BPP_100_400_0.1_0.7_0.txt,38,38,Solved,1
BPP_100_400_0.1_0.8_0.txt,45,45,Solved,1
BPP_100_400_0.2_0.7_0.txt,46,46,Solved,1
BPP_100_400_0.2_0.8_0.txt,52,52,Solved,1
BPP_100_400_0.1_0.7_1.txt,42,42,Solved,1
BPP_100_400_0.1_0.8_1.txt,45,45,Solved,0
BPP_100_400_0.2_0.7_1.txt,44,44,Solved,1
BPP_100_400_0.2_0.8_1.txt,55,55,Solved,1
BPP_100_400_0.1_0.7_2.txt,46,46,Solved,0
BPP_100_400_0.1_0.8_2.txt,46,46,Solved,0
BPP_100_400_0.2_0.7_2.txt,50,50,Solved,0
BPP_100_400_0.2_0.8_2.txt,50,50,Solved,0
BPP_100_400_0.1_0.7_3.txt,43,43,Solved,0
BPP_100_400_0.1_0.8_3.txt,48,48,Solved,1
BPP_100_400_0.2_0.7_3.txt,45,45,Solved,1
BPP_100_400_0.2_0.8_3.txt,55,55,Solved,0
BPP_100_400_0.1_0.7_4.txt,39,39,Solved,0
BPP_100_400_0.1_0.8_4.txt,47,47,Solved,1
BPP_100_400_0.2_0.7_4.txt,49,49,Solved,0
BPP_100_400_0.2_0.8_4.txt,57,57,Solved,0
BPP_100_400_0.1_0.7_5.txt,42,42,Solved,1
BPP_100_400_0.1_0.8_5.txt,44,44,Solved,1
BPP_100_400_0.2_0.7_5.txt,47,47,Solved,1
BPP_100_400_0.2_0.8_5.txt,53,53,Solved,0
BPP_100_400_0.1_0.7_6.txt,41,41,Solved,1
BPP_100_400_0.1_0.8_6.txt,48,48,Solved,0
BPP_100_400_0.2_0.7_6.txt,46,46,Solved,1
BPP_100_400_0.2_0.8_6.txt,53,53,Solved,0
BPP_100_400_0.1_0.7_7.txt,43,43,Solved,0
BPP_100_400_0.1_0.8_7.txt,47,47,Solved,1
BPP_100_400_0.2_0.7_7.txt,46,46,Solved,1
BPP_100_400_0.2_0.8_7.txt,55,55,Solved,0
BPP_100_400_0.1_0.7_8.txt,39,39,Solved,1
BPP_100_400_0.1_0.8_8.txt,48,48,Solved,0
BPP_100_400_0.2_0.7_8.txt,45,45,Solved,1
BPP_100_400_0.2_0.8_8.txt,51,51,Solved,1
BPP_100_400_0.1_0.7_9.txt,40,40,Solved,1
BPP_100_400_0.1_0.8_9.txt,47,47,Solved,1
BPP_100_400_0.2_0.7_9.txt,49,49,Solved,0
BPP_100_400_0.2_0.8_9.txt,49,49,Solved,1
BPP_100_500_0.1_0.7_0.txt,39,39,Solved,1
BPP_100_500_0.1_0.8_0.txt,43,43,Solved,0
BPP_100_500_0.2_0.7_0.txt,44,44,Solved,1
BPP_100_500_0.2_0.8_0.txt,49,49,Solved,1
BPP_100_500_0.1_0.7_1.txt,43,43,Solved,1
BPP_100_500_0.1_0.8_1.txt,49,49,Solved,0
BPP_100_500_0.2_0.7_1.txt,49,49,Solved,1
BPP_100_500_0.2_0.8_1.txt,49,49,Solved,0
BPP_100_500_0.1_0.7_2.txt,42,42,Solved,1
BPP_100_500_0.1_0.8_2.txt,46,46,Solved,1
BPP_100_500_0.2_0.7_2.txt,46,46,Solved,1
BPP_100_500_0.2_0.8_2.txt,50,50,Solved,0
BPP_100_500_0.1_0.7_3.txt,42,42,Solved,1
BPP_100_500_0.1_0.8_3.txt,49,49,Solved,0
BPP_100_500_0.2_0.7_3.txt,48,48,Solved,0
BPP_100_500_0.2_0.8_3.txt,49,49,Solved,0
BPP_100_500_0.1_0.7_4.txt,39,39,Solved,1
BPP_100_500_0.1_0.8_4.txt,46,46,Solved,1
BPP_100_500_0.2_0.7_4.txt,48,48,Solved,1
BPP_100_500_0.2_0.8_4.txt,63,63,Solved,0
BPP_100_500_0.1_0.7_5.txt,40,40,Solved,1
BPP_100_500_0.1_0.8_5.txt,52,52,Solved,0
BPP_100_500_0.2_0.7_5.txt,47,47,Solved,1
BPP_100_500_0.2_0.8_5.txt,50,50,Solved,1
BPP_100_500_0.1_0.7_6.txt,42,42,Solved,1
BPP_100_500_0.1_0.8_6.txt,47,47,Solved,1
BPP_100_500_0.2_0.7_6.txt,50,50,Solved,1
BPP_100_500_0.2_0.8_6.txt,57,57,Solved,0
BPP_100_500_0.1_0.7_7.txt,41,41,Solved,1
BPP_100_500_0.1_0.8_7.txt,47,47,Solved,0
BPP_100_500_0.2_0.7_7.txt,47,47,Solved,1
BPP_100_500_0.2_0.8_7.txt,54,54,Solved,0
BPP_100_500_0.1_0.7_8.txt,40,40,Solved,0
BPP_100_500_0.1_0.8_8.txt,46,46,Solved,1
BPP_100_500_0.2_0.7_8.txt,46,46,Solved,1
BPP_100_500_0.2_0.8_8.txt,53,53,Solved,1
BPP_100_500_0.1_0.7_9.txt,44,44,Solved,1
BPP_100_500_0.1_0.8_9.txt,45,45,Solved,1
BPP_100_500_0.2_0.7_9.txt,49,49,Solved,1
BPP_100_500_0.2_0.8_9.txt,54,54,Solved,0
BPP_100_750_0.1_0.7_0.txt,39,39,Solved,1
BPP_100_750_0.1_0.8_0.txt,44,44,Solved,1
BPP_100_750_0.2_0.7_0.txt,45,45,Solved,1
BPP_100_750_0.2_0.8_0.txt,54,54,Solved,1
BPP_100_750_0.1_0.7_1.txt,38,38,Solved,0
BPP_100_750_0.1_0.8_1.txt,44,44,Solved,1
BPP_100_750_0.2_0.7_1.txt,49,49,Solved,1
BPP_100_750_0.2_0.8_1.txt,50,50,Solved,1
BPP_100_750_0.1_0.7_2.txt,41,41,Solved,1
BPP_100_750_0.1_0.8_2.txt,44,44,Solved,1
BPP_100_750_0.2_0.7_2.txt,45,45,Solved,1
BPP_100_750_0.2_0.8_2.txt,52,52,Solved,0
BPP_100_750_0.1_0.7_3.txt,41,41,Solved,1
BPP_100_750_0.1_0.8_3.txt,47,47,Solved,0
BPP_100_750_0.2_0.7_3.txt,45,45,Solved,1
BPP_100_750_0.2_0.8_3.txt,50,50,Solved,1
BPP_100_750_0.1_0.7_4.txt,41,41,Solved,0
BPP_100_750_0.1_0.8_4.txt,52,52,Solved,0
BPP_100_750_0.2_0.7_4.txt,45,45,Solved,1
BPP_100_750_0.2_0.8_4.txt,51,51,Solved,1
BPP_100_750_0.1_0.7_5.txt,44,44,Solved,1
BPP_100_750_0.1_0.8_5.txt,48,48,Solved,1
BPP_100_750_0.2_0.7_5.txt,44,44,Solved,1
BPP_100_750_0.2_0.8_5.txt,51,51,Solved,0
BPP_100_750_0.1_0.7_6.txt,41,41,Solved,0
BPP_100_750_0.1_0.8_6.txt,44,44,Solved,1
BPP_100_750_0.2_0.7_6.txt,47,47,Solved,1
BPP_100_750_0.2_0.8_6.txt,49,49,Solved,0
BPP_100_750_0.1_0.7_7.txt,41,41,Solved,1
BPP_100_750_0.1_0.8_7.txt,50,50,Solved,0
BPP_100_750_0.2_0.7_7.txt,44,44,Solved,1
BPP_100_750_0.2_0.8_7.txt,51,51,Solved,0
BPP_100_750_0.1_0.7_8.txt,40,40,Solved,0
BPP_100_750_0.1_0.8_8.txt,44,44,Solved,1
BPP_100_750_0.2_0.7_8.txt,45,45,Solved,1
BPP_100_750_0.2_0.8_8.txt,57,57,Solved,0
BPP_100_750_0.1_0.7_9.txt,41,41,Solved,0
BPP_100_750_0.1_0.8_9.txt,43,43,Solved,1
BPP_100_750_0.2_0.7_9.txt,47,47,Solved,1
BPP_100_750_0.2_0.8_9.txt,64,64,Solved,0
BPP_100_1000_0.1_0.7_0.txt,42,42,Solved,1
BPP_100_1000_0.1_0.8_0.txt,45,45,Solved,0
BPP_100_1000_0.2_0.7_0.txt,51,51,Solved,0
BPP_100_1000_0.2_0.8_0.txt,53,53,Solved,1
BPP_100_1000_0.1_0.7_1.txt,37,37,Solved,0
BPP_100_1000_0.1_0.8_1.txt,45,45,Solved,0
BPP_100_1000_0.2_0.7_1.txt,46,46,Solved,1
BPP_100_1000_0.2_0.8_1.txt,52,52,Solved,0
BPP_100_1000_0.1_0.7_2.txt,39,39,Solved,0
BPP_100_1000_0.1_0.8_2.txt,44,44,Solved,0
BPP_100_1000_0.2_0.7_2.txt,46,46,Solved,1
BPP_100_1000_0.2_0.8_2.txt,60,60,Solved,0
BPP_100_1000_0.1_0.7_3.txt,42,42,Solved,1
BPP_100_1000_0.1_0.8_3.txt,44,44,Solved,1
BPP_100_1000_0.2_0.7_3.txt,48,48,Solved,1
BPP_100_1000_0.2_0.8_3.txt,51,51,Solved,0
BPP_100_1000_0.1_0.7_4.txt,41,41,Solved,1
BPP_100_1000_0.1_0.8_4.txt,44,44,Solved,0
BPP_100_1000_0.2_0.7_4.txt,46,46,Solved,1
BPP_100_1000_0.2_0.8_4.txt,53,53,Solved,0
BPP_100_1000_0.1_0.7_5.txt,41,41,Solved,1
BPP_100_1000_0.1_0.8_5.txt,46,46,Solved,1
BPP_100_1000_0.2_0.7_5.txt,44,44,Solved,1
BPP_100_1000_0.2_0.8_5.txt,50,50,Solved,1
BPP_100_1000_0.1_0.7_6.txt,41,41,Solved,1
BPP_100_1000_0.1_0.8_6.txt,44,44,Solved,1
BPP_100_1000_0.2_0.7_6.txt,43,43,Solved,1
BPP_100_1000_0.2_0.8_6.txt,49,49,Solved,1
BPP_100_1000_0.1_0.7_7.txt,38,38,Solved,1
BPP_100_1000_0.1_0.8_7.txt,44,44,Solved,1
BPP_100_1000_0.2_0.7_7.txt,45,45,Solved,1
BPP_100_1000_0.2_0.8_7.txt,50,50,Solved,1
BPP_100_1000_0.1_0.7_8.txt,41,41,Solved,1
BPP_100_1000_0.1_0.8_8.txt,50,50,Solved,0
BPP_100_1000_0.2_0.7_8.txt,47,47,Solved,1
BPP_100_1000_0.2_0.8_8.txt,54,54,Solved,0
BPP_100_1000_0.1_0.7_9.txt,39,39,Solved,1
BPP_100_1000_0.1_0.8_9.txt,42,42,Solved,1
BPP_100_1000_0.2_0.7_9.txt,48,48,Solved,1
BPP_100_1000_0.2_0.8_9.txt,56,56,Solved,0
BPP_200_50_0.1_0.7_0.txt,81,81,Solved,0
BPP_200_50_0.1_0.8_0.txt,82,82,Solved,1
BPP_200_50_0.2_0.7_0.txt,92,92,Solved,1
BPP_200_50_0.2_0.8_0.txt,99,99,Solved,1
BPP_200_50_0.1_0.7_1.txt,78,78,Solved,1
BPP_200_50_0.1_0.8_1.txt,92,92,Solved,1
BPP_200_50_0.2_0.7_1.txt,92,92,Solved,1
BPP_200_50_0.2_0.8_1.txt,116,116,Solved,0
BPP_200_50_0.1_0.7_2.txt,78,78,Solved,1
BPP_200_50_0.1_0.8_2.txt,85,85,Solved,1
BPP_200_50_0.2_0.7_2.txt,93,93,Solved,1
BPP_200_50_0.2_0.8_2.txt,104,104,Solved,1
BPP_200_50_0.1_0.7_3.txt,77,77,Solved,1
BPP_200_50_0.1_0.8_3.txt,92,92,Solved,1
BPP_200_50_0.2_0.7_3.txt,88,88,Solved,1
BPP_200_50_0.2_0.8_3.txt,102,102,Solved,0
BPP_200_50_0.1_0.7_4.txt,78,78,Solved,0
BPP_200_50_0.1_0.8_4.txt,91,91,Solved,1
BPP_200_50_0.2_0.7_4.txt,90,90,Solved,1
BPP_200_50_0.2_0.8_4.txt,106,106,Solved,0
BPP_200_50_0.1_0.7_5.txt,86,86,Solved,0
BPP_200_50_0.1_0.8_5.txt,94,94,Solved,0
BPP_200_50_0.2_0.7_5.txt,89,89,Solved,1
BPP_200_50_0.2_0.8_5.txt,103,103,Solved,0
BPP_200_50_0.1_0.7_6.txt,81,81,Solved,1
BPP_200_50_0.1_0.8_6.txt,98,98,Solved,1
BPP_200_50_0.2_0.7_6.txt,91,91,Solved,1
BPP_200_50_0.2_0.8_6.txt,102,102,Solved,1
BPP_200_50_0.1_0.7_7.txt,79,79,Solved,1
BPP_200_50_0.1_0.8_7.txt,88,88,Solved,0
BPP_200_50_0.2_0.7_7.txt,92,92,Solved,1
BPP_200_50_0.2_0.8_7.txt,102,102,Solved,0
BPP_200_50_0.1_0.7_8.txt,81,81,Solved,1
BPP_200_50_0.1_0.8_8.txt,86,86,Solved,0
BPP_200_50_0.2_0.7_8.txt,93,93,Solved,1
BPP_200_50_0.2_0.8_8.txt,96,96,Solved,1
BPP_200_50_0.1_0.7_9.txt,81,81,Solved,1
BPP_200_50_0.1_0.8_9.txt,89,89,Solved,1
BPP_200_50_0.2_0.7_9.txt,95,95,Solved,1
BPP_200_50_0.2_0.8_9.txt,109,109,Solved,0
BPP_200_75_0.1_0.7_0.txt,83,83,Solved,1
BPP_200_75_0.1_0.8_0.txt,89,89,Solved,0
BPP_200_75_0.2_0.7_0.txt,90,90,Solved,1
BPP_200_75_0.2_0.8_0.txt,103,103,Solved,1
BPP_200_75_0.1_0.7_1.txt,83,83,Solved,1
BPP_200_75_0.1_0.8_1.txt,89,89,Solved,1
BPP_200_75_0.2_0.7_1.txt,87,87,Solved,1
BPP_200_75_0.2_0.8_1.txt,102,102,Solved,1
BPP_200_75_0.1_0.7_2.txt,78,78,Solved,1
BPP_200_75_0.1_0.8_2.txt,87,87,Solved,1
BPP_200_75_0.2_0.7_2.txt,93,93,Solved,1
BPP_200_75_0.2_0.8_2.txt,97,97,Solved,1
BPP_200_75_0.1_0.7_3.txt,79,79,Solved,1
BPP_200_75_0.1_0.8_3.txt,106,106,Solved,0
BPP_200_75_0.2_0.7_3.txt,93,93,Solved,1
BPP_200_75_0.2_0.8_3.txt,103,103,Solved,1
BPP_200_75_0.1_0.7_4.txt,81,81,Solved,0
BPP_200_75_0.1_0.8_4.txt,92,92,Solved,1
BPP_200_75_0.2_0.7_4.txt,90,90,Solved,1
BPP_200_75_0.2_0.8_4.txt,103,103,Solved,0
BPP_200_75_0.1_0.7_5.txt,78,78,Solved,1
BPP_200_75_0.1_0.8_5.txt,89,89,Solved,1
BPP_200_75_0.2_0.7_5.txt,89,89,Solved,1
BPP_200_75_0.2_0.8_5.txt,103,103,Solved,1
BPP_200_75_0.1_0.7_6.txt,83,83,Solved,0
BPP_200_75_0.1_0.8_6.txt,85,85,Solved,1
BPP_200_75_0.2_0.7_6.txt,95,95,Solved,1
BPP_200_75_0.2_0.8_6.txt,115,115,Solved,1
BPP_200_75_0.1_0.7_7.txt,83,83,Solved,1
BPP_200_75_0.1_0.8_7.txt,92,92,Solved,0
BPP_200_75_0.2_0.7_7.txt,91,91,Solved,1
BPP_200_75_0.2_0.8_7.txt,108,108,Solved,0
BPP_200_75_0.1_0.7_8.txt,78,78,Solved,0
BPP_200_75_0.1_0.8_8.txt,87,87,Solved,1
BPP_200_75_0.2_0.7_8.txt,90,90,Solved,1
BPP_200_75_0.2_0.8_8.txt,102,102,Solved,1
BPP_200_75_0.1_0.7_9.txt,83,83,Solved,1
BPP_200_75_0.1_0.8_9.txt,92,92,Solved,1
BPP_200_75_0.2_0.7_9.txt,90,90,Solved,1
BPP_200_75_0.2_0.8_9.txt,95,95,Solved,1
BPP_200_100_0.1_0.7_0.txt,81,81,Solved,1
BPP_200_100_0.1_0.8_0.txt,92,92,Solved,1
BPP_200_100_0.2_0.7_0.txt,93,93,Solved,1
BPP_200_100_0.2_0.8_0.txt,109,109,Solved,1
BPP_200_100_0.1_0.7_1.txt,79,79,Solved,1
BPP_200_100_0.1_0.8_1.txt,93,93,Solved,1
BPP_200_100_0.2_0.7_1.txt,91,91,Solved,1
BPP_200_100_0.2_0.8_1.txt,106,106,Solved,1
BPP_200_100_0.1_0.7_2.txt,81,81,Solved,1
BPP_200_100_0.1_0.8_2.txt,87,87,Solved,1
BPP_200_100_0.2_0.7_2.txt,88,88,Solved,1
BPP_200_100_0.2_0.8_2.txt,100,100,Solved,0
BPP_200_100_0.1_0.7_3.txt,80,80,Solved,1
BPP_200_100_0.1_0.8_3.txt,89,89,Solved,1
BPP_200_100_0.2_0.7_3.txt,89,89,Solved,1
BPP_200_100_0.2_0.8_3.txt,101,101,Solved,1
BPP_200_100_0.1_0.7_4.txt,80,80,Solved,1
BPP_200_100_0.1_0.8_4.txt,95,95,Solved,0
BPP_200_100_0.2_0.7_4.txt,89,89,Solved,1
BPP_200_100_0.2_0.8_4.txt,112,112,Solved,1
BPP_200_100_0.1_0.7_5.txt,78,78,Solved,1
BPP_200_100_0.1_0.8_5.txt,90,90,Solved,1
BPP_200_100_0.2_0.7_5.txt,90,90,Solved,1
BPP_200_100_0.2_0.8_5.txt,98,98,Solved,0
BPP_200_100_0.1_0.7_6.txt,82,82,Solved,1
BPP_200_100_0.1_0.8_6.txt,89,89,Solved,1
BPP_200_100_0.2_0.7_6.txt,92,92,Solved,1
BPP_200_100_0.2_0.8_6.txt,98,98,Solved,1
BPP_200_100_0.1_0.7_7.txt,77,77,Solved,1
BPP_200_100_0.1_0.8_7.txt,88,88,Solved,1
BPP_200_100_0.2_0.7_7.txt,94,94,Solved,1
BPP_200_100_0.2_0.8_7.txt,102,102,Solved,0
BPP_200_100_0.1_0.7_8.txt,81,81,Solved,1
BPP_200_100_0.1_0.8_8.txt,93,93,Solved,1
BPP_200_100_0.2_0.7_8.txt,92,92,Solved,1
BPP_200_100_0.2_0.8_8.txt,111,111,Solved,0
BPP_200_100_0.1_0.7_9.txt,80,80,Solved,1
BPP_200_100_0.1_0.8_9.txt,94,94,Solved,0
BPP_200_100_0.2_0.7_9.txt,95,95,Solved,1
BPP_200_100_0.2_0.8_9.txt,102,102,Solved,1
BPP_200_120_0.1_0.7_0.txt,80,80,Solved,1
BPP_200_120_0.1_0.8_0.txt,91,91,Solved,0
BPP_200_120_0.2_0.7_0.txt,95,95,Solved,1
BPP_200_120_0.2_0.8_0.txt,106,106,Solved,1
BPP_200_120_0.1_0.7_1.txt,82,82,Solved,1
BPP_200_120_0.1_0.8_1.txt,84,84,Solved,1
BPP_200_120_0.2_0.7_1.txt,96,96,Solved,1
BPP_200_120_0.2_0.8_1.txt,100,100,Solved,0
BPP_200_120_0.1_0.7_2.txt,81,81,Solved,1
BPP_200_120_0.1_0.8_2.txt,100,100,Solved,0
BPP_200_120_0.2_0.7_2.txt,91,91,Solved,1
BPP_200_120_0.2_0.8_2.txt,105,105,Solved,1
BPP_200_120_0.1_0.7_3.txt,83,83,Solved,1
BPP_200_120_0.1_0.8_3.txt,89,89,Solved,1
BPP_200_120_0.2_0.7_3.txt,90,90,Solved,1
BPP_200_120_0.2_0.8_3.txt,100,100,Solved,1
BPP_200_120_0.1_0.7_4.txt,79,79,Solved,0
BPP_200_120_0.1_0.8_4.txt,97,97,Solved,0
BPP_200_120_0.2_0.7_4.txt,91,91,Solved,1
BPP_200_120_0.2_0.8_4.txt,107,107,Solved,0
BPP_200_120_0.1_0.7_5.txt,80,80,Solved,1
BPP_200_120_0.1_0.8_5.txt,92,92,Solved,1
BPP_200_120_0.2_0.7_5.txt,89,89,Solved,1
BPP_200_120_0.2_0.8_5.txt,102,102,Solved,0
BPP_200_120_0.1_0.7_6.txt,83,83,Solved,1
BPP_200_120_0.1_0.8_6.txt,90,90,Solved,1
BPP_200_120_0.2_0.7_6.txt,91,91,Solved,1
BPP_200_120_0.2_0.8_6.txt,97,97,Solved,1
BPP_200_120_0.1_0.7_7.txt,79,79,Solved,0
BPP_200_120_0.1_0.8_7.txt,92,92,Solved,1
BPP_200_120_0.2_0.7_7.txt,93,93,Solved,1
BPP_200_120_0.2_0.8_7.txt,104,104,Solved,0
BPP_200_120_0.1_0.7_8.txt,80,80,Solved,0
BPP_200_120_0.1_0.8_8.txt,88,88,Solved,1
BPP_200_120_0.2_0.7_8.txt,94,94,Solved,1
BPP_200_120_0.2_0.8_8.txt,108,108,Solved,0
BPP_200_120_0.1_0.7_9.txt,80,80,Solved,1
BPP_200_120_0.1_0.8_9.txt,97,97,Solved,0
BPP_200_120_0.2_0.7_9.txt,93,93,Solved,1
BPP_200_120_0.2_0.8_9.txt,107,107,Solved,1
BPP_200_125_0.1_0.7_0.txt,84,84,Solved,1
BPP_200_125_0.1_0.8_0.txt,92,92,Solved,1
BPP_200_125_0.2_0.7_0.txt,94,94,Solved,1
BPP_200_125_0.2_0.8_0.txt,105,105,Solved,1
BPP_200_125_0.1_0.7_1.txt,82,82,Solved,1
BPP_200_125_0.1_0.8_1.txt,97,97,Solved,0
BPP_200_125_0.2_0.7_1.txt,90,90,Solved,1
BPP_200_125_0.2_0.8_1.txt,101,101,Solved,0
BPP_200_125_0.1_0.7_2.txt,77,77,Solved,1
BPP_200_125_0.1_0.8_2.txt,89,89,Solved,1
BPP_200_125_0.2_0.7_2.txt,93,93,Solved,1
BPP_200_125_0.2_0.8_2.txt,101,101,Solved,1
BPP_200_125_0.1_0.7_3.txt,82,82,Solved,1
BPP_200_125_0.1_0.8_3.txt,88,88,Solved,0
BPP_200_125_0.2_0.7_3.txt,91,91,Solved,1
BPP_200_125_0.2_0.8_3.txt,103,103,Solved,0
BPP_200_125_0.1_0.7_4.txt,81,81,Solved,0
BPP_200_125_0.1_0.8_4.txt,89,89,Solved,1
BPP_200_125_0.2_0.7_4.txt,92,92,Solved,1
BPP_200_125_0.2_0.8_4.txt,108,108,Solved,0
BPP_200_125_0.1_0.7_5.txt,81,81,Solved,0
BPP_200_125_0.1_0.8_5.txt,96,96,Solved,1
BPP_200_125_0.2_0.7_5.txt,95,95,Solved,1
BPP_200_125_0.2_0.8_5.txt,107,107,Solved,0
BPP_200_125_0.1_0.7_6.txt,81,81,Solved,1
BPP_200_125_0.1_0.8_6.txt,90,90,Solved,0
BPP_200_125_0.2_0.7_6.txt,93,93,Solved,1
BPP_200_125_0.2_0.8_6.txt,97,97,Solved,1
BPP_200_125_0.1_0.7_7.txt,80,80,Solved,1
BPP_200_125_0.1_0.8_7.txt,87,87,Solved,0
BPP_200_125_0.2_0.7_7.txt,93,93,Solved,1
BPP_200_125_0.2_0.8_7.txt,102,102,Solved,1
BPP_200_125_0.1_0.7_8.txt,82,82,Solved,1
BPP_200_125_0.1_0.8_8.txt,92,92,Solved,1
BPP_200_125_0.2_0.7_8.txt,93,93,Solved,1
BPP_200_125_0.2_0.8_8.txt,99,99,Solved,1
BPP_200_125_0.1_0.7_9.txt,81,81,Solved,0
BPP_200_125_0.1_0.8_9.txt,91,91,Solved,1
BPP_200_125_0.2_0.7_9.txt,91,91,Solved,1
BPP_200_125_0.2_0.8_9.txt,105,105,Solved,0
BPP_200_150_0.1_0.7_0.txt,83,83,Solved,1
BPP_200_150_0.1_0.8_0.txt,91,91,Solved,1
BPP_200_150_0.2_0.7_0.txt,91,91,Solved,1
BPP_200_150_0.2_0.8_0.txt,110,110,Solved,1
BPP_200_150_0.1_0.7_1.txt,83,83,Solved,0
BPP_200_150_0.1_0.8_1.txt,92,92,Solved,1
BPP_200_150_0.2_0.7_1.txt,92,92,Solved,1
BPP_200_150_0.2_0.8_1.txt,101,101,Solved,1
BPP_200_150_0.1_0.7_2.txt,81,81,Solved,1
BPP_200_150_0.1_0.8_2.txt,91,91,Solved,1
BPP_200_150_0.2_0.7_2.txt,94,94,Solved,1
BPP_200_150_0.2_0.8_2.txt,103,103,Solved,1
BPP_200_150_0.1_0.7_3.txt,80,80,Solved,1
BPP_200_150_0.1_0.8_3.txt,93,93,Solved,1
BPP_200_150_0.2_0.7_3.txt,94,94,Solved,1
BPP_200_150_0.2_0.8_3.txt,106,106,Solved,0
BPP_200_150_0.1_0.7_4.txt,85,85,Solved,1
BPP_200_150_0.1_0.8_4.txt,99,99,Solved,0
BPP_200_150_0.2_0.7_4.txt,92,92,Solved,1
BPP_200_150_0.2_0.8_4.txt,109,109,Solved,0
BPP_200_150_0.1_0.7_5.txt,82,82,Solved,1
BPP_200_150_0.1_0.8_5.txt,92,92,Solved,0
BPP_200_150_0.2_0.7_5.txt,89,89,Solved,1
BPP_200_150_0.2_0.8_5.txt,114,114,Solved,0
BPP_200_150_0.1_0.7_6.txt,84,84,Solved,0
BPP_200_150_0.1_0.8_6.txt,95,95,Solved,0
BPP_200_150_0.2_0.7_6.txt,94,94,Solved,1
BPP_200_150_0.2_0.8_6.txt,97,97,Solved,1
BPP_200_150_0.1_0.7_7.txt,82,82,Solved,1
BPP_200_150_0.1_0.8_7.txt,100,100,Solved,0
BPP_200_150_0.2_0.7_7.txt,95,95,Solved,1
BPP_200_150_0.2_0.8_7.txt,104,104,Solved,0
BPP_200_150_0.1_0.7_8.txt,76,76,Solved,0
BPP_200_150_0.1_0.8_8.txt,92,92,Solved,1
BPP_200_150_0.2_0.7_8.txt,90,90,Solved,1
BPP_200_150_0.2_0.8_8.txt,102,102,Solved,1
BPP_200_150_0.1_0.7_9.txt,76,76,Solved,1
BPP_200_150_0.1_0.8_9.txt,90,90,Solved,1
BPP_200_150_0.2_0.7_9.txt,92,92,Solved,1
BPP_200_150_0.2_0.8_9.txt,110,110,Solved,0
BPP_200_200_0.1_0.7_0.txt,83,83,Solved,1
BPP_200_200_0.1_0.8_0.txt,92,92,Solved,1
BPP_200_200_0.2_0.7_0.txt,92,92,Solved,1
BPP_200_200_0.2_0.8_0.txt,112,112,Solved,1
BPP_200_200_0.1_0.7_1.txt,86,86,Solved,1
BPP_200_200_0.1_0.8_1.txt,94,94,Solved,1
BPP_200_200_0.2_0.7_1.txt,88,88,Solved,1
BPP_200_200_0.2_0.8_1.txt,97,97,Solved,1
BPP_200_200_0.1_0.7_2.txt,78,78,Solved,0
BPP_200_200_0.1_0.8_2.txt,85,85,Solved,1
BPP_200_200_0.2_0.7_2.txt,94,94,Solved,1
BPP_200_200_0.2_0.8_2.txt,112,112,Solved,1
BPP_200_200_0.1_0.7_3.txt,80,80,Solved,1
BPP_200_200_0.1_0.8_3.txt,89,89,Solved,1
BPP_200_200_0.2_0.7_3.txt,93,93,Solved,1
BPP_200_200_0.2_0.8_3.txt,112,112,Solved,0
BPP_200_200_0.1_0.7_4.txt,78,78,Solved,1
BPP_200_200_0.1_0.8_4.txt,91,91,Solved,1
BPP_200_200_0.2_0.7_4.txt,90,90,Solved,1
BPP_200_200_0.2_0.8_4.txt,100,100,Solved,1
BPP_200_200_0.1_0.7_5.txt,82,82,Solved,0
BPP_200_200_0.1_0.8_5.txt,90,90,Solved,0
BPP_200_200_0.2_0.7_5.txt,92,92,Solved,1
BPP_200_200_0.2_0.8_5.txt,104,104,Solved,0
BPP_200_200_0.1_0.7_6.txt,88,88,Solved,0
BPP_200_200_0.1_0.8_6.txt,98,98,Solved,0
BPP_200_200_0.2_0.7_6.txt,87,87,Solved,1
BPP_200_200_0.2_0.8_6.txt,96,96,Solved,1
BPP_200_200_0.1_0.7_7.txt,80,80,Solved,1
BPP_200_200_0.1_0.8_7.txt,90,90,Solved,1
BPP_200_200_0.2_0.7_7.txt,91,91,Solved,1
BPP_200_200_0.2_0.8_7.txt,97,97,Solved,1
BPP_200_200_0.1_0.7_8.txt,86,86,Solved,1
BPP_200_200_0.1_0.8_8.txt,98,98,Solved,0
BPP_200_200_0.2_0.7_8.txt,90,90,Solved,1
BPP_200_200_0.2_0.8_8.txt,102,102,Solved,1
BPP_200_200_0.1_0.7_9.txt,83,83,Solved,1
BPP_200_200_0.1_0.8_9.txt,93,93,Solved,1
BPP_200_200_0.2_0.7_9.txt,93,93,Solved,1
BPP_200_200_0.2_0.8_9.txt,107,107,Solved,0
BPP_200_300_0.1_0.7_0.txt,80,80,Solved,1
BPP_200_300_0.1_0.8_0.txt,88,88,Solved,1
BPP_200_300_0.2_0.7_0.txt,96,96,Solved,1
BPP_200_300_0.2_0.8_0.txt,115,115,Solved,1
BPP_200_300_0.1_0.7_1.txt,84,84,Solved,1
BPP_200_300_0.1_0.8_1.txt,97,97,Solved,0
BPP_200_300_0.2_0.7_1.txt,90,90,Solved,1
BPP_200_300_0.2_0.8_1.txt,99,99,Solved,0
BPP_200_300_0.1_0.7_2.txt,83,83,Solved,0
BPP_200_300_0.1_0.8_2.txt,93,93,Solved,1
BPP_200_300_0.2_0.7_2.txt,90,90,Solved,1
BPP_200_300_0.2_0.8_2.txt,98,98,Solved,1
BPP_200_300_0.1_0.7_3.txt,80,80,Solved,1
BPP_200_300_0.1_0.8_3.txt,98,98,Solved,1
BPP_200_300_0.2_0.7_3.txt,94,94,Solved,1
BPP_200_300_0.2_0.8_3.txt,103,103,Solved,0
BPP_200_300_0.1_0.7_4.txt,84,84,Solved,1
BPP_200_300_0.1_0.8_4.txt,93,93,Solved,1
BPP_200_300_0.2_0.7_4.txt,88,88,Solved,1
BPP_200_300_0.2_0.8_4.txt,107,107,Solved,1
BPP_200_300_0.1_0.7_5.txt,82,82,Solved,1
BPP_200_300_0.1_0.8_5.txt,87,87,Solved,0
BPP_200_300_0.2_0.7_5.txt,87,87,Solved,1
BPP_200_300_0.2_0.8_5.txt,103,103,Solved,1
BPP_200_300_0.1_0.7_6.txt,80,80,Solved,0
BPP_200_300_0.1_0.8_6.txt,94,94,Solved,0
BPP_200_300_0.2_0.7_6.txt,92,92,Solved,1
BPP_200_300_0.2_0.8_6.txt,103,103,Solved,0
BPP_200_300_0.1_0.7_7.txt,82,82,Solved,1
BPP_200_300_0.1_0.8_7.txt,89,89,Solved,1
BPP_200_300_0.2_0.7_7.txt,91,91,Solved,1
BPP_200_300_0.2_0.8_7.txt,107,107,Solved,0
BPP_200_300_0.1_0.7_8.txt,83,83,Solved,1
BPP_200_300_0.1_0.8_8.txt,90,90,Solved,1
BPP_200_300_0.2_0.7_8.txt,90,90,Solved,1
BPP_200_300_0.2_0.8_8.txt,103,103,Solved,0
BPP_200_300_0.1_0.7_9.txt,84,84,Solved,1
BPP_200_300_0.1_0.8_9.txt,99,99,Solved,0
BPP_200_300_0.2_0.7_9.txt,95,95,Solved,1
BPP_200_300_0.2_0.8_9.txt,102,102,Solved,1
BPP_200_400_0.1_0.7_0.txt,84,84,Solved,1
BPP_200_400_0.1_0.8_0.txt,99,99,Solved,0
BPP_200_400_0.2_0.7_0.txt,92,92,Solved,1
BPP_200_400_0.2_0.8_0.txt,104,104,Solved,1
BPP_200_400_0.1_0.7_1.txt,84,84,Solved,1
BPP_200_400_0.1_0.8_1.txt,93,93,Solved,1
BPP_200_400_0.2_0.7_1.txt,91,91,Solved,1
BPP_200_400_0.2_0.8_1.txt,98,98,Solved,1
BPP_200_400_0.1_0.7_2.txt,79,79,Solved,1
BPP_200_400_0.1_0.8_2.txt,98,98,Solved,0
BPP_200_400_0.2_0.7_2.txt,93,93,Solved,1
BPP_200_400_0.2_0.8_2.txt,107,107,Solved,0
BPP_200_400_0.1_0.7_3.txt,80,80,Solved,1
BPP_200_400_0.1_0.8_3.txt,94,94,Solved,0
BPP_200_400_0.2_0.7_3.txt,94,94,Solved,1
BPP_200_400_0.2_0.8_3.txt,105,105,Solved,1
BPP_200_400_0.1_0.7_4.txt,82,82,Solved,1
BPP_200_400_0.1_0.8_4.txt,91,91,Solved,1
BPP_200_400_0.2_0.7_4.txt,92,92,Solved,1
BPP_200_400_0.2_0.8_4.txt,101,101,Solved,1
BPP_200_400_0.1_0.7_5.txt,84,84,Solved,1
BPP_200_400_0.1_0.8_5.txt,86,86,Solved,1
BPP_200_400_0.2_0.7_5.txt,91,91,Solved,1
BPP_200_400_0.2_0.8_5.txt,108,108,Solved,0
BPP_200_400_0.1_0.7_6.txt,76,76,Solved,1
BPP_200_400_0.1_0.8_6.txt,88,88,Solved,0
BPP_200_400_0.2_0.7_6.txt,94,94,Solved,1
BPP_200_400_0.2_0.8_6.txt,105,105,Solved,1
BPP_200_400_0.1_0.7_7.txt,78,78,Solved,0
BPP_200_400_0.1_0.8_7.txt,93,93,Solved,1
BPP_200_400_0.2_0.7_7.txt,88,88,Solved,1
BPP_200_400_0.2_0.8_7.txt,105,105,Solved,1
BPP_200_400_0.1_0.7_8.txt,78,78,Solved,1
BPP_200_400_0.1_0.8_8.txt,92,92,Solved,1
BPP_200_400_0.2_0.7_8.txt,85,85,Solved,1
BPP_200_400_0.2_0.8_8.txt,105,105,Solved,1
BPP_200_400_0.1_0.7_9.txt,82,82,Solved,1
BPP_200_400_0.1_0.8_9.txt,94,94,Solved,0
BPP_200_400_0.2_0.7_9.txt,95,95,Solved,1
BPP_200_400_0.2_0.8_9.txt,96,96,Solved,1
BPP_200_500_0.1_0.7_0.txt,80,80,Solved,1
BPP_200_500_0.1_0.8_0.txt,96,96,Solved,1
BPP_200_500_0.2_0.7_0.txt,92,92,Solved,1
BPP_200_500_0.2_0.8_0.txt,112,112,Solved,0
BPP_200_500_0.1_0.7_1.txt,81,81,Solved,1
BPP_200_500_0.1_0.8_1.txt,91,91,Solved,1
BPP_200_500_0.2_0.7_1.txt,93,93,Solved,1
BPP_200_500_0.2_0.8_1.txt,110,110,Solved,0
BPP_200_500_0.1_0.7_2.txt,80,80,Solved,1
BPP_200_500_0.1_0.8_2.txt,85,85,Solved,1
BPP_200_500_0.2_0.7_2.txt,92,92,Solved,1
BPP_200_500_0.2_0.8_2.txt,107,107,Solved,0
BPP_200_500_0.1_0.7_3.txt,84,84,Solved,1
BPP_200_500_0.1_0.8_3.txt,91,91,Solved,0
BPP_200_500_0.2_0.7_3.txt,95,95,Solved,1
BPP_200_500_0.2_0.8_3.txt,101,101,Solved,1
BPP_200_500_0.1_0.7_4.txt,80,80,Solved,1
BPP_200_500_0.1_0.8_4.txt,90,90,Solved,1
BPP_200_500_0.2_0.7_4.txt,89,89,Solved,1
BPP_200_500_0.2_0.8_4.txt,110,110,Solved,0
BPP_200_500_0.1_0.7_5.txt,81,81,Solved,1
BPP_200_500_0.1_0.8_5.txt,95,95,Solved,1
BPP_200_500_0.2_0.7_5.txt,92,92,Solved,1
BPP_200_500_0.2_0.8_5.txt,105,105,Solved,0
BPP_200_500_0.1_0.7_6.txt,79,79,Solved,1
BPP_200_500_0.1_0.8_6.txt,94,94,Solved,0
BPP_200_500_0.2_0.7_6.txt,92,92,Solved,1
BPP_200_500_0.2_0.8_6.txt,107,107,Solved,0
BPP_200_500_0.1_0.7_7.txt,85,85,Solved,1
BPP_200_500_0.1_0.8_7.txt,88,88,Solved,1
BPP_200_500_0.2_0.7_7.txt,92,92,Solved,1
BPP_200_500_0.2_0.8_7.txt,104,104,Solved,1
BPP_200_500_0.1_0.7_8.txt,78,78,Solved,1
BPP_200_500_0.1_0.8_8.txt,105,105,Solved,0
BPP_200_500_0.2_0.7_8.txt,89,89,Solved,1
BPP_200_500_0.2_0.8_8.txt,103,103,Solved,0
BPP_200_500_0.1_0.7_9.txt,79,79,Solved,1
BPP_200_500_0.1_0.8_9.txt,92,92,Solved,0
BPP_200_500_0.2_0.7_9.txt,94,94,Solved,1
BPP_200_500_0.2_0.8_9.txt,100,100,Solved,1
BPP_200_750_0.1_0.7_0.txt,76,76,Solved,1
BPP_200_750_0.1_0.8_0.txt,90,90,Solved,1
BPP_200_750_0.2_0.7_0.txt,86,86,Solved,1
BPP_200_750_0.2_0.8_0.txt,109,109,Solved,0
BPP_200_750_0.1_0.7_1.txt,82,82,Solved,1
BPP_200_750_0.1_0.8_1.txt,90,90,Solved,1
BPP_200_750_0.2_0.7_1.txt,91,91,Solved,1
BPP_200_750_0.2_0.8_1.txt,104,104,Solved,1
BPP_200_750_0.1_0.7_2.txt,78,78,Solved,1
BPP_200_750_0.1_0.8_2.txt,91,91,Solved,1
BPP_200_750_0.2_0.7_2.txt,90,90,Solved,1
BPP_200_750_0.2_0.8_2.txt,103,103,Solved,0
BPP_200_750_0.1_0.7_3.txt,80,80,Solved,1
BPP_200_750_0.1_0.8_3.txt,90,90,Solved,1
BPP_200_750_0.2_0.7_3.txt,94,94,Solved,1
BPP_200_750_0.2_0.8_3.txt,110,110,Solved,0
BPP_200_750_0.1_0.7_4.txt,80,80,Solved,1
BPP_200_750_0.1_0.8_4.txt,91,91,Solved,1
BPP_200_750_0.2_0.7_4.txt,90,90,Solved,1
BPP_200_750_0.2_0.8_4.txt,109,109,Solved,0
BPP_200_750_0.1_0.7_5.txt,77,77,Solved,1
BPP_200_750_0.1_0.8_5.txt,88,88,Solved,1
BPP_200_750_0.2_0.7_5.txt,92,92,Solved,1
BPP_200_750_0.2_0.8_5.txt,97,97,Solved,1
BPP_200_750_0.1_0.7_6.txt,80,80,Solved,0
BPP_200_750_0.1_0.8_6.txt,90,90,Solved,1
BPP_200_750_0.2_0.7_6.txt,92,92,Solved,1
BPP_200_750_0.2_0.8_6.txt,112,112,Solved,1
BPP_200_750_0.1_0.7_7.txt,83,83,Solved,1
BPP_200_750_0.1_0.8_7.txt,93,93,Solved,1
BPP_200_750_0.2_0.7_7.txt,96,96,Solved,1
BPP_200_750_0.2_0.8_7.txt,110,110,Solved,1
BPP_200_750_0.1_0.7_8.txt,77,77,Solved,0
BPP_200_750_0.1_0.8_8.txt,88,88,Solved,1
BPP_200_750_0.2_0.7_8.txt,97,97,Solved,0
BPP_200_750_0.2_0.8_8.txt,101,101,Solved,1
BPP_200_750_0.1_0.7_9.txt,79,79,Solved,0
BPP_200_750_0.1_0.8_9.txt,100,100,Solved,0
BPP_200_750_0.2_0.7_9.txt,94,94,Solved,1
BPP_200_750_0.2_0.8_9.txt,105,105,Solved,0
BPP_200_1000_0.1_0.7_0.txt,78,78,Solved,1
BPP_200_1000_0.1_0.8_0.txt,93,93,Solved,1
BPP_200_1000_0.2_0.7_0.txt,92,92,Solved,1
BPP_200_1000_0.2_0.8_0.txt,102,102,Solved,1
BPP_200_1000_0.1_0.7_1.txt,79,79,Solved,1
BPP_200_1000_0.1_0.8_1.txt,93,93,Solved,1
BPP_200_1000_0.2_0.7_1.txt,91,91,Solved,1
BPP_200_1000_0.2_0.8_1.txt,104,104,Solved,0
BPP_200_1000_0.1_0.7_2.txt,80,80,Solved,0
BPP_200_1000_0.1_0.8_2.txt,93,93,Solved,1
BPP_200_1000_0.2_0.7_2.txt,95,95,Solved,1
BPP_200_1000_0.2_0.8_2.txt,111,111,Solved,0
BPP_200_1000_0.1_0.7_3.txt,79,79,Solved,1
BPP_200_1000_0.1_0.8_3.txt,89,89,Solved,1
BPP_200_1000_0.2_0.7_3.txt,87,87,Solved,1
BPP_200_1000_0.2_0.8_3.txt,108,108,Solved,1
BPP_200_1000_0.1_0.7_4.txt,83,83,Solved,1
BPP_200_1000_0.1_0.8_4.txt,90,90,Solved,0
BPP_200_1000_0.2_0.7_4.txt,90,90,Solved,1
BPP_200_1000_0.2_0.8_4.txt,106,106,Solved,0
BPP_200_1000_0.1_0.7_5.txt,83,83,Solved,1
BPP_200_1000_0.1_0.8_5.txt,91,91,Solved,1
BPP_200_1000_0.2_0.7_5.txt,92,92,Solved,1
BPP_200_1000_0.2_0.8_5.txt,100,100,Solved,1
BPP_200_1000_0.1_0.7_6.txt,79,79,Solved,1
BPP_200_1000_0.1_0.8_6.txt,90,90,Solved,1
BPP_200_1000_0.2_0.7_6.txt,92,92,Solved,1
BPP_200_1000_0.2_0.8_6.txt,106,106,Solved,0
BPP_200_1000_0.1_0.7_7.txt,78,78,Solved,0
BPP_200_1000_0.1_0.8_7.txt,100,100,Solved,0
BPP_200_1000_0.2_0.7_7.txt,94,94,Solved,1
BPP_200_1000_0.2_0.8_7.txt,99,99,Solved,1
BPP_200_1000_0.1_0.7_8.txt,82,82,Solved,1
BPP_200_1000_0.1_0.8_8.txt,89,89,Solved,1
BPP_200_1000_0.2_0.7_8.txt,90,90,Solved,1
BPP_200_1000_0.2_0.8_8.txt,110,110,Solved,0
BPP_200_1000_0.1_0.7_9.txt,76,76,Solved,1
BPP_200_1000_0.1_0.8_9.txt,87,87,Solved,1
BPP_200_1000_0.2_0.7_9.txt,93,93,Solved,1
BPP_200_1000_0.2_0.8_9.txt,112,112,Solved,0
BPP_300_50_0.1_0.7_0.txt,129,129,Solved,1
BPP_300_50_0.1_0.8_0.txt,138,138,Solved,1
BPP_300_50_0.2_0.7_0.txt,140,140,Solved,1
BPP_300_50_0.2_0.8_0.txt,156,156,Solved,0
BPP_300_50_0.1_0.7_1.txt,118,118,Solved,1
BPP_300_50_0.1_0.8_1.txt,147,147,Solved,1
BPP_300_50_0.2_0.7_1.txt,138,138,Solved,1
BPP_300_50_0.2_0.8_1.txt,149,149,Solved,1
BPP_300_50_0.1_0.7_2.txt,121,121,Solved,1
BPP_300_50_0.1_0.8_2.txt,132,132,Solved,0
BPP_300_50_0.2_0.7_2.txt,136,136,Solved,1
BPP_300_50_0.2_0.8_2.txt,166,166,Solved,0
BPP_300_50_0.1_0.7_3.txt,121,121,Solved,0
BPP_300_50_0.1_0.8_3.txt,141,141,Solved,1
BPP_300_50_0.2_0.7_3.txt,136,136,Solved,1
BPP_300_50_0.2_0.8_3.txt,148,148,Solved,1
BPP_300_50_0.1_0.7_4.txt,118,118,Solved,1
BPP_300_50_0.1_0.8_4.txt,140,140,Solved,1
BPP_300_50_0.2_0.7_4.txt,134,134,Solved,1
BPP_300_50_0.2_0.8_4.txt,149,149,Solved,1
BPP_300_50_0.1_0.7_5.txt,122,122,Solved,1
BPP_300_50_0.1_0.8_5.txt,131,131,Solved,1
BPP_300_50_0.2_0.7_5.txt,137,137,Solved,1
BPP_300_50_0.2_0.8_5.txt,156,156,Solved,0
BPP_300_50_0.1_0.7_6.txt,123,123,Solved,1
BPP_300_50_0.1_0.8_6.txt,135,135,Solved,1
BPP_300_50_0.2_0.7_6.txt,139,139,Solved,1
BPP_300_50_0.2_0.8_6.txt,162,162,Solved,0
BPP_300_50_0.1_0.7_7.txt,116,116,Solved,1
BPP_300_50_0.1_0.8_7.txt,137,137,Solved,1
BPP_300_50_0.2_0.7_7.txt,132,132,Solved,1
BPP_300_50_0.2_0.8_7.txt,152,152,Solved,1
BPP_300_50_0.1_0.7_8.txt,126,126,Solved,1
BPP_300_50_0.1_0.8_8.txt,134,134,Solved,1
BPP_300_50_0.2_0.7_8.txt,136,136,Solved,1
BPP_300_50_0.2_0.8_8.txt,158,158,Solved,0
BPP_300_50_0.1_0.7_9.txt,125,125,Solved,1
BPP_300_50_0.1_0.8_9.txt,138,138,Solved,1
BPP_300_50_0.2_0.7_9.txt,132,132,Solved,1
BPP_300_50_0.2_0.8_9.txt,152,152,Solved,1
BPP_300_75_0.1_0.7_0.txt,115,115,Solved,1
BPP_300_75_0.1_0.8_0.txt,134,134,Solved,1
BPP_300_75_0.2_0.7_0.txt,133,133,Solved,1
BPP_300_75_0.2_0.8_0.txt,154,154,Solved,1
BPP_300_75_0.1_0.7_1.txt,113,113,Solved,1
BPP_300_75_0.1_0.8_1.txt,136,136,Solved,1
BPP_300_75_0.2_0.7_1.txt,135,135,Solved,1
BPP_300_75_0.2_0.8_1.txt,159,159,Solved,0
BPP_300_75_0.1_0.7_2.txt,121,121,Solved,1
BPP_300_75_0.1_0.8_2.txt,145,145,Solved,1
BPP_300_75_0.2_0.7_2.txt,131,131,Solved,1
BPP_300_75_0.2_0.8_2.txt,158,158,Solved,0
BPP_300_75_0.1_0.7_3.txt,119,119,Solved,1
BPP_300_75_0.1_0.8_3.txt,132,132,Solved,1
BPP_300_75_0.2_0.7_3.txt,135,135,Solved,1
BPP_300_75_0.2_0.8_3.txt,159,159,Solved,0
BPP_300_75_0.1_0.7_4.txt,114,114,Solved,1
BPP_300_75_0.1_0.8_4.txt,142,142,Solved,0
BPP_300_75_0.2_0.7_4.txt,132,132,Solved,1
BPP_300_75_0.2_0.8_4.txt,153,153,Solved,1
BPP_300_75_0.1_0.7_5.txt,116,116,Solved,0
BPP_300_75_0.1_0.8_5.txt,133,133,Solved,1
BPP_300_75_0.2_0.7_5.txt,134,134,Solved,1
BPP_300_75_0.2_0.8_5.txt,162,162,Solved,0
BPP_300_75_0.1_0.7_6.txt,117,117,Solved,1
BPP_300_75_0.1_0.8_6.txt,128,128,Solved,1
BPP_300_75_0.2_0.7_6.txt,138,138,Solved,1
BPP_300_75_0.2_0.8_6.txt,155,155,Solved,0
BPP_300_75_0.1_0.7_7.txt,107,107,Solved,1
BPP_300_75_0.1_0.8_7.txt,140,140,Solved,0
BPP_300_75_0.2_0.7_7.txt,136,136,Solved,1
BPP_300_75_0.2_0.8_7.txt,145,145,Solved,1
BPP_300_75_0.1_0.7_8.txt,123,123,Solved,1
BPP_300_75_0.1_0.8_8.txt,141,141,Solved,1
BPP_300_75_0.2_0.7_8.txt,137,137,Solved,1
BPP_300_75_0.2_0.8_8.txt,159,159,Solved,1
BPP_300_75_0.1_0.7_9.txt,114,114,Solved,1
BPP_300_75_0.1_0.8_9.txt,131,131,Solved,1
BPP_300_75_0.2_0.7_9.txt,135,135,Solved,1
BPP_300_75_0.2_0.8_9.txt,158,158,Solved,0
BPP_300_100_0.1_0.7_0.txt,118,118,Solved,0
BPP_300_100_0.1_0.8_0.txt,131,131,Solved,1
BPP_300_100_0.2_0.7_0.txt,138,138,Solved,1
BPP_300_100_0.2_0.8_0.txt,158,158,Solved,0
BPP_300_100_0.1_0.7_1.txt,118,118,Solved,1
BPP_300_100_0.1_0.8_1.txt,137,137,Solved,1
BPP_300_100_0.2_0.7_1.txt,139,139,Solved,1
BPP_300_100_0.2_0.8_1.txt,161,161,Solved,1
BPP_300_100_0.1_0.7_2.txt,119,119,Solved,1
BPP_300_100_0.1_0.8_2.txt,136,136,Solved,1
BPP_300_100_0.2_0.7_2.txt,137,137,Solved,1
BPP_300_100_0.2_0.8_2.txt,153,153,Solved,1
BPP_300_100_0.1_0.7_3.txt,117,117,Solved,1
BPP_300_100_0.1_0.8_3.txt,148,148,Solved,0
BPP_300_100_0.2_0.7_3.txt,133,133,Solved,1
BPP_300_100_0.2_0.8_3.txt,163,163,Solved,0
BPP_300_100_0.1_0.7_4.txt,114,114,Solved,0
BPP_300_100_0.1_0.8_4.txt,138,138,Solved,1
BPP_300_100_0.2_0.7_4.txt,135,135,Solved,1
BPP_300_100_0.2_0.8_4.txt,148,148,Solved,1
BPP_300_100_0.1_0.7_5.txt,117,117,Solved,1
BPP_300_100_0.1_0.8_5.txt,134,134,Solved,0
BPP_300_100_0.2_0.7_5.txt,132,132,Solved,1
BPP_300_100_0.2_0.8_5.txt,158,158,Solved,0
BPP_300_100_0.1_0.7_6.txt,116,116,Solved,1
BPP_300_100_0.1_0.8_6.txt,136,136,Solved,1
BPP_300_100_0.2_0.7_6.txt,137,137,Solved,1
BPP_300_100_0.2_0.8_6.txt,152,152,Solved,1
BPP_300_100_0.1_0.7_7.txt,120,120,Solved,0
BPP_300_100_0.1_0.8_7.txt,135,135,Solved,1
BPP_300_100_0.2_0.7_7.txt,138,138,Solved,1
BPP_300_100_0.2_0.8_7.txt,152,152,Solved,1
BPP_300_100_0.1_0.7_8.txt,113,113,Solved,1
BPP_300_100_0.1_0.8_8.txt,134,134,Solved,1
BPP_300_100_0.2_0.7_8.txt,140,140,Solved,1
BPP_300_100_0.2_0.8_8.txt,151,151,Solved,0
BPP_300_100_0.1_0.7_9.txt,117,117,Solved,1
BPP_300_100_0.1_0.8_9.txt,137,137,Solved,1
BPP_300_100_0.2_0.7_9.txt,137,137,Solved,1
BPP_300_100_0.2_0.8_9.txt,158,158,Solved,0
BPP_300_120_0.1_0.7_0.txt,122,122,Solved,1
BPP_300_120_0.1_0.8_0.txt,134,134,Solved,1
BPP_300_120_0.2_0.7_0.txt,135,135,Solved,1
BPP_300_120_0.2_0.8_0.txt,160,160,Solved,0
BPP_300_120_0.1_0.7_1.txt,122,122,Solved,1
BPP_300_120_0.1_0.8_1.txt,135,135,Solved,1
BPP_300_120_0.2_0.7_1.txt,134,134,Solved,1
BPP_300_120_0.2_0.8_1.txt,159,159,Solved,1
BPP_300_120_0.1_0.7_2.txt,121,121,Solved,1
BPP_300_120_0.1_0.8_2.txt,134,134,Solved,1
BPP_300_120_0.2_0.7_2.txt,135,135,Solved,1
BPP_300_120_0.2_0.8_2.txt,165,165,Solved,0
BPP_300_120_0.1_0.7_3.txt,118,118,Solved,1
BPP_300_120_0.1_0.8_3.txt,142,142,Solved,1
BPP_300_120_0.2_0.7_3.txt,139,139,Solved,1
BPP_300_120_0.2_0.8_3.txt,159,159,Solved,1
BPP_300_120_0.1_0.7_4.txt,121,121,Solved,1
BPP_300_120_0.1_0.8_4.txt,140,140,Solved,1
BPP_300_120_0.2_0.7_4.txt,139,139,Solved,1
BPP_300_120_0.2_0.8_4.txt,168,168,Solved,0
BPP_300_120_0.1_0.7_5.txt,120,120,Solved,0
BPP_300_120_0.1_0.8_5.txt,136,136,Solved,1
BPP_300_120_0.2_0.7_5.txt,129,129,Solved,1
BPP_300_120_0.2_0.8_5.txt,148,148,Solved,1
BPP_300_120_0.1_0.7_6.txt,117,117,Solved,1
BPP_300_120_0.1_0.8_6.txt,139,139,Solved,1
BPP_300_120_0.2_0.7_6.txt,137,137,Solved,1
BPP_300_120_0.2_0.8_6.txt,144,144,Solved,1
BPP_300_120_0.1_0.7_7.txt,122,122,Solved,0
BPP_300_120_0.1_0.8_7.txt,125,125,Solved,1
BPP_300_120_0.2_0.7_7.txt,140,140,Solved,1
BPP_300_120_0.2_0.8_7.txt,158,158,Solved,0
BPP_300_120_0.1_0.7_8.txt,117,117,Solved,1
BPP_300_120_0.1_0.8_8.txt,131,131,Solved,1
BPP_300_120_0.2_0.7_8.txt,138,138,Solved,1
BPP_300_120_0.2_0.8_8.txt,147,147,Solved,1
BPP_300_120_0.1_0.7_9.txt,121,121,Solved,1
BPP_300_120_0.1_0.8_9.txt,135,135,Solved,1
BPP_300_120_0.2_0.7_9.txt,137,137,Solved,1
BPP_300_120_0.2_0.8_9.txt,154,154,Solved,0
BPP_300_125_0.1_0.7_0.txt,118,118,Solved,1
BPP_300_125_0.1_0.8_0.txt,139,139,Solved,1
BPP_300_125_0.2_0.7_0.txt,136,136,Solved,1
BPP_300_125_0.2_0.8_0.txt,153,153,Solved,0
BPP_300_125_0.1_0.7_1.txt,118,118,Solved,1
BPP_300_125_0.1_0.8_1.txt,138,138,Solved,1
BPP_300_125_0.2_0.7_1.txt,134,134,Solved,1
BPP_300_125_0.2_0.8_1.txt,167,167,Solved,0
BPP_300_125_0.1_0.7_2.txt,116,116,Solved,1
BPP_300_125_0.1_0.8_2.txt,133,133,Solved,1
BPP_300_125_0.2_0.7_2.txt,131,131,Solved,1
BPP_300_125_0.2_0.8_2.txt,149,149,Solved,1
BPP_300_125_0.1_0.7_3.txt,123,123,Solved,1
BPP_300_125_0.1_0.8_3.txt,130,130,Solved,1
BPP_300_125_0.2_0.7_3.txt,134,134,Solved,1
BPP_300_125_0.2_0.8_3.txt,163,163,Solved,0
BPP_300_125_0.1_0.7_4.txt,116,116,Solved,1
BPP_300_125_0.1_0.8_4.txt,130,130,Solved,1
BPP_300_125_0.2_0.7_4.txt,135,135,Solved,1
BPP_300_125_0.2_0.8_4.txt,149,149,Solved,1
BPP_300_125_0.1_0.7_5.txt,115,115,Solved,0
BPP_300_125_0.1_0.8_5.txt,134,134,Solved,1
BPP_300_125_0.2_0.7_5.txt,133,133,Solved,1
BPP_300_125_0.2_0.8_5.txt,157,157,Solved,0
BPP_300_125_0.1_0.7_6.txt,118,118,Solved,1
BPP_300_125_0.1_0.8_6.txt,134,134,Solved,1
BPP_300_125_0.2_0.7_6.txt,136,136,Solved,1
BPP_300_125_0.2_0.8_6.txt,157,157,Solved,0
BPP_300_125_0.1_0.7_7.txt,121,121,Solved,1
BPP_300_125_0.1_0.8_7.txt,144,144,Solved,0
BPP_300_125_0.2_0.7_7.txt,138,138,Solved,1
BPP_300_125_0.2_0.8_7.txt,154,154,Solved,0
BPP_300_125_0.1_0.7_8.txt,119,119,Solved,1
BPP_300_125_0.1_0.8_8.txt,133,133,Solved,1
BPP_300_125_0.2_0.7_8.txt,131,131,Solved,1
BPP_300_125_0.2_0.8_8.txt,157,157,Solved,1
BPP_300_125_0.1_0.7_9.txt,120,120,Solved,1
BPP_300_125_0.1_0.8_9.txt,133,133,Solved,1
BPP_300_125_0.2_0.7_9.txt,136,136,Solved,1
BPP_300_125_0.2_0.8_9.txt,155,155,Solved,1
BPP_300_150_0.1_0.7_0.txt,118,118,Solved,1
BPP_300_150_0.1_0.8_0.txt,137,137,Solved,1
BPP_300_150_0.2_0.7_0.txt,142,142,Solved,1
BPP_300_150_0.2_0.8_0.txt,148,148,Solved,1
BPP_300_150_0.1_0.7_1.txt,121,121,Solved,1
BPP_300_150_0.1_0.8_1.txt,137,137,Solved,1
BPP_300_150_0.2_0.7_1.txt,145,145,Solved,1
BPP_300_150_0.2_0.8_1.txt,149,149,Solved,1
BPP_300_150_0.1_0.7_2.txt,119,119,Solved,0
BPP_300_150_0.1_0.8_2.txt,132,132,Solved,1
BPP_300_150_0.2_0.7_2.txt,132,132,Solved,1
BPP_300_150_0.2_0.8_2.txt,168,168,Solved,0
BPP_300_150_0.1_0.7_3.txt,117,117,Solved,1
BPP_300_150_0.1_0.8_3.txt,140,140,Solved,1
BPP_300_150_0.2_0.7_3.txt,138,138,Solved,1
BPP_300_150_0.2_0.8_3.txt,146,146,Solved,1
BPP_300_150_0.1_0.7_4.txt,117,117,Solved,1
BPP_300_150_0.1_0.8_4.txt,145,145,Solved,1
BPP_300_150_0.2_0.7_4.txt,137,137,Solved,1
BPP_300_150_0.2_0.8_4.txt,154,154,Solved,1
BPP_300_150_0.1_0.7_5.txt,126,126,Solved,1
BPP_300_150_0.1_0.8_5.txt,129,129,Solved,1
BPP_300_150_0.2_0.7_5.txt,134,134,Solved,1
BPP_300_150_0.2_0.8_5.txt,148,148,Solved,1
BPP_300_150_0.1_0.7_6.txt,124,124,Solved,1
BPP_300_150_0.1_0.8_6.txt,135,135,Solved,1
BPP_300_150_0.2_0.7_6.txt,136,136,Solved,1
BPP_300_150_0.2_0.8_6.txt,154,154,Solved,1
BPP_300_150_0.1_0.7_7.txt,123,123,Solved,1
BPP_300_150_0.1_0.8_7.txt,136,136,Solved,0
BPP_300_150_0.2_0.7_7.txt,136,136,Solved,1
BPP_300_150_0.2_0.8_7.txt,162,162,Solved,1
BPP_300_150_0.1_0.7_8.txt,116,116,Solved,1
BPP_300_150_0.1_0.8_8.txt,140,140,Solved,1
BPP_300_150_0.2_0.7_8.txt,136,136,Solved,1
BPP_300_150_0.2_0.8_8.txt,168,168,Solved,0
BPP_300_150_0.1_0.7_9.txt,124,124,Solved,1
BPP_300_150_0.1_0.8_9.txt,135,135,Solved,1
BPP_300_150_0.2_0.7_9.txt,142,142,Solved,1
BPP_300_150_0.2_0.8_9.txt,155,155,Solved,0
BPP_300_200_0.1_0.7_0.txt,116,116,Solved,1
BPP_300_200_0.1_0.8_0.txt,132,132,Solved,1
BPP_300_200_0.2_0.7_0.txt,135,135,Solved,1
BPP_300_200_0.2_0.8_0.txt,150,150,Solved,0
BPP_300_200_0.1_0.7_1.txt,116,116,Solved,1
BPP_300_200_0.1_0.8_1.txt,135,135,Solved,1
BPP_300_200_0.2_0.7_1.txt,138,138,Solved,1
BPP_300_200_0.2_0.8_1.txt,149,149,Solved,1
BPP_300_200_0.1_0.7_2.txt,116,116,Solved,1
BPP_300_200_0.1_0.8_2.txt,148,148,Solved,0
BPP_300_200_0.2_0.7_2.txt,137,137,Solved,1
BPP_300_200_0.2_0.8_2.txt,165,165,Solved,0
BPP_300_200_0.1_0.7_3.txt,116,116,Solved,1
BPP_300_200_0.1_0.8_3.txt,135,135,Solved,1
BPP_300_200_0.2_0.7_3.txt,137,137,Solved,1
BPP_300_200_0.2_0.8_3.txt,157,157,Solved,0
BPP_300_200_0.1_0.7_4.txt,118,118,Solved,1
BPP_300_200_0.1_0.8_4.txt,139,139,Solved,1
BPP_300_200_0.2_0.7_4.txt,137,137,Solved,1
BPP_300_200_0.2_0.8_4.txt,164,164,Solved,0
BPP_300_200_0.1_0.7_5.txt,122,122,Solved,1
BPP_300_200_0.1_0.8_5.txt,139,139,Solved,1
BPP_300_200_0.2_0.7_5.txt,138,138,Solved,1
BPP_300_200_0.2_0.8_5.txt,164,164,Solved,0
BPP_300_200_0.1_0.7_6.txt,116,116,Solved,1
BPP_300_200_0.1_0.8_6.txt,138,138,Solved,1
BPP_300_200_0.2_0.7_6.txt,138,138,Solved,1
BPP_300_200_0.2_0.8_6.txt,152,152,Solved,1
BPP_300_200_0.1_0.7_7.txt,123,123,Solved,1
BPP_300_200_0.1_0.8_7.txt,134,134,Solved,1
BPP_300_200_0.2_0.7_7.txt,139,139,Solved,1
BPP_300_200_0.2_0.8_7.txt,153,153,Solved,1
BPP_300_200_0.1_0.7_8.txt,116,116,Solved,0
BPP_300_200_0.1_0.8_8.txt,136,136,Solved,1
BPP_300_200_0.2_0.7_8.txt,137,137,Solved,1
BPP_300_200_0.2_0.8_8.txt,156,156,Solved,1
BPP_300_200_0.1_0.7_9.txt,118,118,Solved,1
BPP_300_200_0.1_0.8_9.txt,133,133,Solved,1
BPP_300_200_0.2_0.7_9.txt,136,136,Solved,1
BPP_300_200_0.2_0.8_9.txt,152,152,Solved,1
BPP_300_300_0.1_0.7_0.txt,123,123,Solved,1
BPP_300_300_0.1_0.8_0.txt,139,139,Solved,1
BPP_300_300_0.2_0.7_0.txt,133,133,Solved,1
BPP_300_300_0.2_0.8_0.txt,171,171,Solved,0
BPP_300_300_0.1_0.7_1.txt,119,119,Solved,1
BPP_300_300_0.1_0.8_1.txt,137,137,Solved,1
BPP_300_300_0.2_0.7_1.txt,135,135,Solved,1
BPP_300_300_0.2_0.8_1.txt,148,148,Solved,1
BPP_300_300_0.1_0.7_2.txt,119,119,Solved,1
BPP_300_300_0.1_0.8_2.txt,127,127,Solved,1
BPP_300_300_0.2_0.7_2.txt,135,135,Solved,1
BPP_300_300_0.2_0.8_2.txt,161,161,Solved,0
BPP_300_300_0.1_0.7_3.txt,120,120,Solved,1
BPP_300_300_0.1_0.8_3.txt,142,142,Solved,0
BPP_300_300_0.2_0.7_3.txt,136,136,Solved,1
BPP_300_300_0.2_0.8_3.txt,151,151,Solved,1
BPP_300_300_0.1_0.7_4.txt,118,118,Solved,1
BPP_300_300_0.1_0.8_4.txt,137,137,Solved,1
BPP_300_300_0.2_0.7_4.txt,131,131,Solved,1
BPP_300_300_0.2_0.8_4.txt,157,157,Solved,0
BPP_300_300_0.1_0.7_5.txt,120,120,Solved,1
BPP_300_300_0.1_0.8_5.txt,133,133,Solved,1
BPP_300_300_0.2_0.7_5.txt,144,144,Solved,1
BPP_300_300_0.2_0.8_5.txt,153,153,Solved,1
BPP_300_300_0.1_0.7_6.txt,118,118,Solved,1
BPP_300_300_0.1_0.8_6.txt,153,153,Solved,0
BPP_300_300_0.2_0.7_6.txt,132,132,Solved,1
BPP_300_300_0.2_0.8_6.txt,143,143,Solved,1
BPP_300_300_0.1_0.7_7.txt,117,117,Solved,1
BPP_300_300_0.1_0.8_7.txt,142,142,Solved,0
BPP_300_300_0.2_0.7_7.txt,138,138,Solved,1
BPP_300_300_0.2_0.8_7.txt,160,160,Solved,0
BPP_300_300_0.1_0.7_8.txt,115,115,Solved,1
BPP_300_300_0.1_0.8_8.txt,150,150,Solved,0
BPP_300_300_0.2_0.7_8.txt,132,132,Solved,1
BPP_300_300_0.2_0.8_8.txt,150,150,Solved,0
BPP_300_300_0.1_0.7_9.txt,122,122,Solved,1
BPP_300_300_0.1_0.8_9.txt,136,136,Solved,1
BPP_300_300_0.2_0.7_9.txt,138,138,Solved,1
BPP_300_300_0.2_0.8_9.txt,168,168,Solved,0
BPP_300_400_0.1_0.7_0.txt,120,120,Solved,1
BPP_300_400_0.1_0.8_0.txt,132,132,Solved,1
BPP_300_400_0.2_0.7_0.txt,136,136,Solved,1
BPP_300_400_0.2_0.8_0.txt,155,155,Solved,0
BPP_300_400_0.1_0.7_1.txt,120,120,Solved,1
BPP_300_400_0.1_0.8_1.txt,148,148,Solved,0
BPP_300_400_0.2_0.7_1.txt,134,134,Solved,1
BPP_300_400_0.2_0.8_1.txt,154,154,Solved,0
BPP_300_400_0.1_0.7_2.txt,117,117,Solved,1
BPP_300_400_0.1_0.8_2.txt,138,138,Solved,1
BPP_300_400_0.2_0.7_2.txt,137,137,Solved,1
BPP_300_400_0.2_0.8_2.txt,149,149,Solved,1
BPP_300_400_0.1_0.7_3.txt,116,116,Solved,1
BPP_300_400_0.1_0.8_3.txt,133,133,Solved,1
BPP_300_400_0.2_0.7_3.txt,135,135,Solved,1
BPP_300_400_0.2_0.8_3.txt,147,147,Solved,1
BPP_300_400_0.1_0.7_4.txt,125,125,Solved,1
BPP_300_400_0.1_0.8_4.txt,144,144,Solved,0
BPP_300_400_0.2_0.7_4.txt,137,137,Solved,1
BPP_300_400_0.2_0.8_4.txt,158,158,Solved,1
BPP_300_400_0.1_0.7_5.txt,115,115,Solved,1
BPP_300_400_0.1_0.8_5.txt,132,132,Solved,1
BPP_300_400_0.2_0.7_5.txt,135,135,Solved,1
BPP_300_400_0.2_0.8_5.txt,153,153,Solved,0
BPP_300_400_0.1_0.7_6.txt,124,124,Solved,1
BPP_300_400_0.1_0.8_6.txt,135,135,Solved,1
BPP_300_400_0.2_0.7_6.txt,139,139,Solved,1
BPP_300_400_0.2_0.8_6.txt,148,148,Solved,1
BPP_300_400_0.1_0.7_7.txt,118,118,Solved,1
BPP_300_400_0.1_0.8_7.txt,137,137,Solved,1
BPP_300_400_0.2_0.7_7.txt,137,137,Solved,1
BPP_300_400_0.2_0.8_7.txt,151,151,Solved,0
BPP_300_400_0.1_0.7_8.txt,122,122,Solved,1
BPP_300_400_0.1_0.8_8.txt,136,136,Solved,1
BPP_300_400_0.2_0.7_8.txt,136,136,Solved,1
BPP_300_400_0.2_0.8_8.txt,156,156,Solved,0
BPP_300_400_0.1_0.7_9.txt,123,123,Solved,1
BPP_300_400_0.1_0.8_9.txt,139,139,Solved,1
BPP_300_400_0.2_0.7_9.txt,132,132,Solved,1
BPP_300_400_0.2_0.8_9.txt,156,156,Solved,0
BPP_300_500_0.1_0.7_0.txt,122,122,Solved,1
BPP_300_500_0.1_0.8_0.txt,143,143,Solved,0
BPP_300_500_0.2_0.7_0.txt,136,136,Solved,1
BPP_300_500_0.2_0.8_0.txt,148,148,Solved,1
BPP_300_500_0.1_0.7_1.txt,122,122,Solved,1
BPP_300_500_0.1_0.8_1.txt,133,133,Solved,1
BPP_300_500_0.2_0.7_1.txt,136,136,Solved,1
BPP_300_500_0.2_0.8_1.txt,153,153,Solved,1
BPP_300_500_0.1_0.7_2.txt,122,122,Solved,1
BPP_300_500_0.1_0.8_2.txt,132,132,Solved,1
BPP_300_500_0.2_0.7_2.txt,138,138,Solved,1
BPP_300_500_0.2_0.8_2.txt,153,153,Solved,0
BPP_300_500_0.1_0.7_3.txt,119,119,Solved,1
BPP_300_500_0.1_0.8_3.txt,126,126,Solved,1
BPP_300_500_0.2_0.7_3.txt,133,133,Solved,1
BPP_300_500_0.2_0.8_3.txt,160,160,Solved,0
BPP_300_500_0.1_0.7_4.txt,125,125,Solved,1
BPP_300_500_0.1_0.8_4.txt,137,137,Solved,1
BPP_300_500_0.2_0.7_4.txt,138,138,Solved,1
BPP_300_500_0.2_0.8_4.txt,163,163,Solved,0
BPP_300_500_0.1_0.7_5.txt,120,120,Solved,1
BPP_300_500_0.1_0.8_5.txt,142,142,Solved,0
BPP_300_500_0.2_0.7_5.txt,140,140,Solved,1
BPP_300_500_0.2_0.8_5.txt,165,165,Solved,0
BPP_300_500_0.1_0.7_6.txt,116,116,Solved,1
BPP_300_500_0.1_0.8_6.txt,140,140,Solved,1
BPP_300_500_0.2_0.7_6.txt,139,139,Solved,1
BPP_300_500_0.2_0.8_6.txt,151,151,Solved,1
BPP_300_500_0.1_0.7_7.txt,121,121,Solved,1
BPP_300_500_0.1_0.8_7.txt,131,131,Solved,1
BPP_300_500_0.2_0.7_7.txt,130,130,Solved,1
BPP_300_500_0.2_0.8_7.txt,149,149,Solved,1
BPP_300_500_0.1_0.7_8.txt,124,124,Solved,1
BPP_300_500_0.1_0.8_8.txt,131,131,Solved,1
BPP_300_500_0.2_0.7_8.txt,143,143,Solved,1
BPP_300_500_0.2_0.8_8.txt,155,155,Solved,1
BPP_300_500_0.1_0.7_9.txt,117,117,Solved,1
BPP_300_500_0.1_0.8_9.txt,135,135,Solved,1
BPP_300_500_0.2_0.7_9.txt,131,131,Solved,1
BPP_300_500_0.2_0.8_9.txt,149,149,Solved,1
BPP_300_750_0.1_0.7_0.txt,123,123,Solved,1
BPP_300_750_0.1_0.8_0.txt,137,137,Solved,1
BPP_300_750_0.2_0.7_0.txt,138,138,Solved,1
BPP_300_750_0.2_0.8_0.txt,160,160,Solved,0
BPP_300_750_0.1_0.7_1.txt,117,117,Solved,1
BPP_300_750_0.1_0.8_1.txt,134,134,Solved,1
BPP_300_750_0.2_0.7_1.txt,138,138,Solved,1
BPP_300_750_0.2_0.8_1.txt,150,150,Solved,0
BPP_300_750_0.1_0.7_2.txt,125,125,Solved,1
BPP_300_750_0.1_0.8_2.txt,139,139,Solved,1
BPP_300_750_0.2_0.7_2.txt,141,141,Solved,1
BPP_300_750_0.2_0.8_2.txt,164,164,Solved,1
BPP_300_750_0.1_0.7_3.txt,120,120,Solved,1
BPP_300_750_0.1_0.8_3.txt,132,132,Solved,1
BPP_300_750_0.2_0.7_3.txt,132,132,Solved,1
BPP_300_750_0.2_0.8_3.txt,153,153,Solved,0
BPP_300_750_0.1_0.7_4.txt,120,120,Solved,1
BPP_300_750_0.1_0.8_4.txt,135,135,Solved,1
BPP_300_750_0.2_0.7_4.txt,141,141,Solved,1
BPP_300_750_0.2_0.8_4.txt,163,163,Solved,0
BPP_300_750_0.1_0.7_5.txt,124,124,Solved,1
BPP_300_750_0.1_0.8_5.txt,135,135,Solved,1
BPP_300_750_0.2_0.7_5.txt,140,140,Solved,1
BPP_300_750_0.2_0.8_5.txt,157,157,Solved,1
BPP_300_750_0.1_0.7_6.txt,122,122,Solved,1
BPP_300_750_0.1_0.8_6.txt,144,144,Solved,0
BPP_300_750_0.2_0.7_6.txt,138,138,Solved,1
BPP_300_750_0.2_0.8_6.txt,155,155,Solved,0
BPP_300_750_0.1_0.7_7.txt,122,122,Solved,1
BPP_300_750_0.1_0.8_7.txt,130,130,Solved,1
BPP_300_750_0.2_0.7_7.txt,141,141,Solved,1
BPP_300_750_0.2_0.8_7.txt,152,152,Solved,1
BPP_300_750_0.1_0.7_8.txt,120,120,Solved,1
BPP_300_750_0.1_0.8_8.txt,135,135,Solved,1
BPP_300_750_0.2_0.7_8.txt,134,134,Solved,1
BPP_300_750_0.2_0.8_8.txt,153,153,Solved,1
BPP_300_750_0.1_0.7_9.txt,122,122,Solved,1
BPP_300_750_0.1_0.8_9.txt,136,136,Solved,1
BPP_300_750_0.2_0.7_9.txt,140,140,Solved,1
BPP_300_750_0.2_0.8_9.txt,165,165,Solved,0
BPP_300_1000_0.1_0.7_0.txt,115,115,Solved,1
BPP_300_1000_0.1_0.8_0.txt,139,139,Solved,1
BPP_300_1000_0.2_0.7_0.txt,139,139,Solved,1
BPP_300_1000_0.2_0.8_0.txt,154,154,Solved,1
BPP_300_1000_0.1_0.7_1.txt,124,124,Solved,1
BPP_300_1000_0.1_0.8_1.txt,130,130,Solved,1
BPP_300_1000_0.2_0.7_1.txt,134,134,Solved,1
BPP_300_1000_0.2_0.8_1.txt,148,148,Solved,1
BPP_300_1000_0.1_0.7_2.txt,121,121,Solved,1
BPP_300_1000_0.1_0.8_2.txt,134,134,Solved,1
BPP_300_1000_0.2_0.7_2.txt,139,139,Solved,1
BPP_300_1000_0.2_0.8_2.txt,155,155,Solved,1
BPP_300_1000_0.1_0.7_3.txt,115,115,Solved,1
BPP_300_1000_0.1_0.8_3.txt,138,138,Solved,1
BPP_300_1000_0.2_0.7_3.txt,140,140,Solved,1
BPP_300_1000_0.2_0.8_3.txt,160,160,Solved,1
BPP_300_1000_0.1_0.7_4.txt,123,123,Solved,1
BPP_300_1000_0.1_0.8_4.txt,134,134,Solved,1
BPP_300_1000_0.2_0.7_4.txt,138,138,Solved,1
BPP_300_1000_0.2_0.8_4.txt,151,151,Solved,1
BPP_300_1000_0.1_0.7_5.txt,120,120,Solved,1
BPP_300_1000_0.1_0.8_5.txt,132,132,Solved,1
BPP_300_1000_0.2_0.7_5.txt,136,136,Solved,1
BPP_300_1000_0.2_0.8_5.txt,149,149,Solved,1
BPP_300_1000_0.1_0.7_6.txt,122,122,Solved,1
BPP_300_1000_0.1_0.8_6.txt,129,129,Solved,1
BPP_300_1000_0.2_0.7_6.txt,139,139,Solved,1
BPP_300_1000_0.2_0.8_6.txt,157,157,Solved,1
BPP_300_1000_0.1_0.7_7.txt,119,119,Solved,1
BPP_300_1000_0.1_0.8_7.txt,130,130,Solved,1
BPP_300_1000_0.2_0.7_7.txt,138,138,Solved,1
BPP_300_1000_0.2_0.8_7.txt,154,154,Solved,0
BPP_300_1000_0.1_0.7_8.txt,126,126,Solved,1
BPP_300_1000_0.1_0.8_8.txt,135,135,Solved,1
BPP_300_1000_0.2_0.7_8.txt,135,135,Solved,1
BPP_300_1000_0.2_0.8_8.txt,158,158,Solved,0
BPP_300_1000_0.1_0.7_9.txt,123,123,Solved,1
BPP_300_1000_0.1_0.8_9.txt,136,136,Solved,1
BPP_300_1000_0.2_0.7_9.txt,136,136,Solved,1
BPP_300_1000_0.2_0.8_9.txt,156,156,Solved,0
BPP_400_50_0.1_0.7_0.txt,165,165,Solved,1
BPP_400_50_0.1_0.8_0.txt,180,180,Solved,1
BPP_400_50_0.2_0.7_0.txt,180,180,Solved,1
BPP_400_50_0.2_0.8_0.txt,205,205,Solved,1
BPP_400_50_0.1_0.7_1.txt,159,159,Solved,1
BPP_400_50_0.1_0.8_1.txt,182,182,Solved,0
BPP_400_50_0.2_0.7_1.txt,177,177,Solved,1
BPP_400_50_0.2_0.8_1.txt,202,202,Solved,1
BPP_400_50_0.1_0.7_2.txt,156,156,Solved,1
BPP_400_50_0.1_0.8_2.txt,181,181,Solved,1
BPP_400_50_0.2_0.7_2.txt,180,180,Solved,1
BPP_400_50_0.2_0.8_2.txt,219,219,Solved,0
BPP_400_50_0.1_0.7_3.txt,157,157,Solved,1
BPP_400_50_0.1_0.8_3.txt,178,178,Solved,0
BPP_400_50_0.2_0.7_3.txt,182,182,Solved,1
BPP_400_50_0.2_0.8_3.txt,191,191,Solved,1
BPP_400_50_0.1_0.7_4.txt,160,160,Solved,1
BPP_400_50_0.1_0.8_4.txt,185,185,Solved,1
BPP_400_50_0.2_0.7_4.txt,186,186,Solved,1
BPP_400_50_0.2_0.8_4.txt,198,198,Solved,1
BPP_400_50_0.1_0.7_5.txt,161,161,Solved,1
BPP_400_50_0.1_0.8_5.txt,181,181,Solved,1
BPP_400_50_0.2_0.7_5.txt,186,186,Solved,1
BPP_400_50_0.2_0.8_5.txt,202,202,Solved,0
BPP_400_50_0.1_0.7_6.txt,158,158,Solved,1
BPP_400_50_0.1_0.8_6.txt,179,179,Solved,1
BPP_400_50_0.2_0.7_6.txt,176,176,Solved,1
BPP_400_50_0.2_0.8_6.txt,201,201,Solved,1
BPP_400_50_0.1_0.7_7.txt,162,162,Solved,1
BPP_400_50_0.1_0.8_7.txt,172,172,Solved,0
BPP_400_50_0.2_0.7_7.txt,183,183,Solved,1
BPP_400_50_0.2_0.8_7.txt,200,200,Solved,1
BPP_400_50_0.1_0.7_8.txt,164,164,Solved,1
BPP_400_50_0.1_0.8_8.txt,180,180,Solved,1
BPP_400_50_0.2_0.7_8.txt,182,182,Solved,1
BPP_400_50_0.2_0.8_8.txt,208,208,Solved,0
BPP_400_50_0.1_0.7_9.txt,168,168,Solved,1
BPP_400_50_0.1_0.8_9.txt,180,180,Solved,1
BPP_400_50_0.2_0.7_9.txt,186,186,Solved,1
BPP_400_50_0.2_0.8_9.txt,207,207,Solved,0
BPP_400_75_0.1_0.7_0.txt,163,163,Solved,1
BPP_400_75_0.1_0.8_0.txt,175,175,Solved,1
BPP_400_75_0.2_0.7_0.txt,175,175,Solved,1
BPP_400_75_0.2_0.8_0.txt,219,219,Solved,1
BPP_400_75_0.1_0.7_1.txt,156,156,Solved,1
BPP_400_75_0.1_0.8_1.txt,177,177,Solved,1
BPP_400_75_0.2_0.7_1.txt,191,191,Solved,1
BPP_400_75_0.2_0.8_1.txt,201,201,Solved,1
BPP_400_75_0.1_0.7_2.txt,155,155,Solved,1
BPP_400_75_0.1_0.8_2.txt,180,180,Solved,1
BPP_400_75_0.2_0.7_2.txt,186,186,Solved,1
BPP_400_75_0.2_0.8_2.txt,205,205,Solved,1
BPP_400_75_0.1_0.7_3.txt,160,160,Solved,1
BPP_400_75_0.1_0.8_3.txt,182,182,Solved,1
BPP_400_75_0.2_0.7_3.txt,177,177,Solved,1
BPP_400_75_0.2_0.8_3.txt,202,202,Solved,1
BPP_400_75_0.1_0.7_4.txt,156,156,Solved,1
BPP_400_75_0.1_0.8_4.txt,183,183,Solved,1
BPP_400_75_0.2_0.7_4.txt,183,183,Solved,1
BPP_400_75_0.2_0.8_4.txt,207,207,Solved,0
BPP_400_75_0.1_0.7_5.txt,158,158,Solved,1
BPP_400_75_0.1_0.8_5.txt,181,181,Solved,1
BPP_400_75_0.2_0.7_5.txt,181,181,Solved,1
BPP_400_75_0.2_0.8_5.txt,202,202,Solved,0
BPP_400_75_0.1_0.7_6.txt,156,156,Solved,1
BPP_400_75_0.1_0.8_6.txt,177,177,Solved,1
BPP_400_75_0.2_0.7_6.txt,178,178,Solved,1
BPP_400_75_0.2_0.8_6.txt,200,200,Solved,0
BPP_400_75_0.1_0.7_7.txt,155,155,Solved,1
BPP_400_75_0.1_0.8_7.txt,188,188,Solved,0
BPP_400_75_0.2_0.7_7.txt,180,180,Solved,1
BPP_400_75_0.2_0.8_7.txt,206,206,Solved,1
BPP_400_75_0.1_0.7_8.txt,157,157,Solved,1
BPP_400_75_0.1_0.8_8.txt,179,179,Solved,1
BPP_400_75_0.2_0.7_8.txt,186,186,Solved,1
BPP_400_75_0.2_0.8_8.txt,197,197,Solved,1
BPP_400_75_0.1_0.7_9.txt,159,159,Solved,1
BPP_400_75_0.1_0.8_9.txt,180,180,Solved,1
BPP_400_75_0.2_0.7_9.txt,177,177,Solved,1
BPP_400_75_0.2_0.8_9.txt,199,199,Solved,1
BPP_400_100_0.1_0.7_0.txt,158,158,Solved,1
BPP_400_100_0.1_0.8_0.txt,180,180,Solved,1
BPP_400_100_0.2_0.7_0.txt,177,177,Solved,1
BPP_400_100_0.2_0.8_0.txt,208,208,Solved,0
BPP_400_100_0.1_0.7_1.txt,158,158,Solved,1
BPP_400_100_0.1_0.8_1.txt,175,175,Solved,1
BPP_400_100_0.2_0.7_1.txt,179,179,Solved,1
BPP_400_100_0.2_0.8_1.txt,214,214,Solved,0
BPP_400_100_0.1_0.7_2.txt,163,163,Solved,1
BPP_400_100_0.1_0.8_2.txt,187,187,Solved,0
BPP_400_100_0.2_0.7_2.txt,181,181,Solved,1
BPP_400_100_0.2_0.8_2.txt,204,204,Solved,1
BPP_400_100_0.1_0.7_3.txt,160,160,Solved,1
BPP_400_100_0.1_0.8_3.txt,187,187,Solved,1
BPP_400_100_0.2_0.7_3.txt,181,181,Solved,1
BPP_400_100_0.2_0.8_3.txt,199,199,Solved,1
BPP_400_100_0.1_0.7_4.txt,163,163,Solved,1
BPP_400_100_0.1_0.8_4.txt,180,180,Solved,1
BPP_400_100_0.2_0.7_4.txt,180,180,Solved,1
BPP_400_100_0.2_0.8_4.txt,206,206,Solved,1
BPP_400_100_0.1_0.7_5.txt,161,161,Solved,1
BPP_400_100_0.1_0.8_5.txt,186,186,Solved,0
BPP_400_100_0.2_0.7_5.txt,186,186,Solved,1
BPP_400_100_0.2_0.8_5.txt,199,199,Solved,1
BPP_400_100_0.1_0.7_6.txt,158,158,Solved,1
BPP_400_100_0.1_0.8_6.txt,184,184,Solved,1
BPP_400_100_0.2_0.7_6.txt,182,182,Solved,1
BPP_400_100_0.2_0.8_6.txt,203,203,Solved,1
BPP_400_100_0.1_0.7_7.txt,159,159,Solved,1
BPP_400_100_0.1_0.8_7.txt,180,180,Solved,1
BPP_400_100_0.2_0.7_7.txt,175,175,Solved,1
BPP_400_100_0.2_0.8_7.txt,211,211,Solved,0
BPP_400_100_0.1_0.7_8.txt,168,168,Solved,1
BPP_400_100_0.1_0.8_8.txt,171,171,Solved,1
BPP_400_100_0.2_0.7_8.txt,181,181,Solved,1
BPP_400_100_0.2_0.8_8.txt,199,199,Solved,0
BPP_400_100_0.1_0.7_9.txt,166,166,Solved,1
BPP_400_100_0.1_0.8_9.txt,177,177,Solved,1
BPP_400_100_0.2_0.7_9.txt,180,180,Solved,1
BPP_400_100_0.2_0.8_9.txt,209,209,Solved,0
BPP_400_120_0.1_0.7_0.txt,162,162,Solved,1
BPP_400_120_0.1_0.8_0.txt,178,178,Solved,1
BPP_400_120_0.2_0.7_0.txt,184,184,Solved,1
BPP_400_120_0.2_0.8_0.txt,196,196,Solved,1
BPP_400_120_0.1_0.7_1.txt,156,156,Solved,1
BPP_400_120_0.1_0.8_1.txt,179,179,Solved,1
BPP_400_120_0.2_0.7_1.txt,181,181,Solved,1
BPP_400_120_0.2_0.8_1.txt,211,211,Solved,0
BPP_400_120_0.1_0.7_2.txt,162,162,Solved,1
BPP_400_120_0.1_0.8_2.txt,183,183,Solved,1
BPP_400_120_0.2_0.7_2.txt,189,189,Solved,1
BPP_400_120_0.2_0.8_2.txt,204,204,Solved,0
BPP_400_120_0.1_0.7_3.txt,158,158,Solved,1
BPP_400_120_0.1_0.8_3.txt,181,181,Solved,1
BPP_400_120_0.2_0.7_3.txt,177,177,Solved,1
BPP_400_120_0.2_0.8_3.txt,201,201,Solved,1
BPP_400_120_0.1_0.7_4.txt,159,159,Solved,1
BPP_400_120_0.1_0.8_4.txt,176,176,Solved,1
BPP_400_120_0.2_0.7_4.txt,182,182,Solved,1
BPP_400_120_0.2_0.8_4.txt,215,215,Solved,0
BPP_400_120_0.1_0.7_5.txt,158,158,Solved,1
BPP_400_120_0.1_0.8_5.txt,193,193,Solved,0
BPP_400_120_0.2_0.7_5.txt,182,182,Solved,1
BPP_400_120_0.2_0.8_5.txt,210,210,Solved,1
BPP_400_120_0.1_0.7_6.txt,160,160,Solved,1
BPP_400_120_0.1_0.8_6.txt,180,180,Solved,1
BPP_400_120_0.2_0.7_6.txt,187,187,Solved,1
BPP_400_120_0.2_0.8_6.txt,205,205,Solved,1
BPP_400_120_0.1_0.7_7.txt,161,161,Solved,1
BPP_400_120_0.1_0.8_7.txt,183,183,Solved,1
BPP_400_120_0.2_0.7_7.txt,178,178,Solved,1
BPP_400_120_0.2_0.8_7.txt,200,200,Solved,1
BPP_400_120_0.1_0.7_8.txt,156,156,Solved,1
BPP_400_120_0.1_0.8_8.txt,178,178,Solved,1
BPP_400_120_0.2_0.7_8.txt,185,185,Solved,1
BPP_400_120_0.2_0.8_8.txt,211,211,Solved,0
BPP_400_120_0.1_0.7_9.txt,160,160,Solved,1
BPP_400_120_0.1_0.8_9.txt,182,182,Solved,1
BPP_400_120_0.2_0.7_9.txt,179,179,Solved,1
BPP_400_120_0.2_0.8_9.txt,205,205,Solved,1
BPP_400_125_0.1_0.7_0.txt,162,162,Solved,1
BPP_400_125_0.1_0.8_0.txt,177,177,Solved,1
BPP_400_125_0.2_0.7_0.txt,180,180,Solved,1
BPP_400_125_0.2_0.8_0.txt,200,200,Solved,0
BPP_400_125_0.1_0.7_1.txt,158,158,Solved,1
BPP_400_125_0.1_0.8_1.txt,188,188,Solved,1
BPP_400_125_0.2_0.7_1.txt,181,181,Solved,1
BPP_400_125_0.2_0.8_1.txt,212,212,Solved,1
BPP_400_125_0.1_0.7_2.txt,155,155,Solved,1
BPP_400_125_0.1_0.8_2.txt,175,175,Solved,1
BPP_400_125_0.2_0.7_2.txt,177,177,Solved,1
BPP_400_125_0.2_0.8_2.txt,205,205,Solved,1
BPP_400_125_0.1_0.7_3.txt,158,158,Solved,1
BPP_400_125_0.1_0.8_3.txt,192,192,Solved,0
BPP_400_125_0.2_0.7_3.txt,186,186,Solved,1
BPP_400_125_0.2_0.8_3.txt,204,204,Solved,1
BPP_400_125_0.1_0.7_4.txt,163,163,Solved,1
BPP_400_125_0.1_0.8_4.txt,179,179,Solved,1
BPP_400_125_0.2_0.7_4.txt,183,183,Solved,1
BPP_400_125_0.2_0.8_4.txt,219,219,Solved,0
BPP_400_125_0.1_0.7_5.txt,160,160,Solved,1
BPP_400_125_0.1_0.8_5.txt,179,179,Solved,1
BPP_400_125_0.2_0.7_5.txt,181,181,Solved,1
BPP_400_125_0.2_0.8_5.txt,208,208,Solved,0
BPP_400_125_0.1_0.7_6.txt,163,163,Solved,1
BPP_400_125_0.1_0.8_6.txt,177,177,Solved,1
BPP_400_125_0.2_0.7_6.txt,175,175,Solved,1
BPP_400_125_0.2_0.8_6.txt,202,202,Solved,0
BPP_400_125_0.1_0.7_7.txt,158,158,Solved,1
BPP_400_125_0.1_0.8_7.txt,181,181,Solved,0
BPP_400_125_0.2_0.7_7.txt,177,177,Solved,1
BPP_400_125_0.2_0.8_7.txt,205,205,Solved,0
BPP_400_125_0.1_0.7_8.txt,165,165,Solved,1
BPP_400_125_0.1_0.8_8.txt,182,182,Solved,1
BPP_400_125_0.2_0.7_8.txt,182,182,Solved,1
BPP_400_125_0.2_0.8_8.txt,204,204,Solved,1
BPP_400_125_0.1_0.7_9.txt,157,157,Solved,1
BPP_400_125_0.1_0.8_9.txt,180,180,Solved,1
BPP_400_125_0.2_0.7_9.txt,180,180,Solved,1
BPP_400_125_0.2_0.8_9.txt,209,209,Solved,0
BPP_400_150_0.1_0.7_0.txt,158,158,Solved,1
BPP_400_150_0.1_0.8_0.txt,180,180,Solved,1
BPP_400_150_0.2_0.7_0.txt,181,181,Solved,1
BPP_400_150_0.2_0.8_0.txt,216,216,Solved,1
BPP_400_150_0.1_0.7_1.txt,151,151,Solved,1
BPP_400_150_0.1_0.8_1.txt,178,178,Solved,1
BPP_400_150_0.2_0.7_1.txt,181,181,Solved,1
BPP_400_150_0.2_0.8_1.txt,211,211,Solved,0
BPP_400_150_0.1_0.7_2.txt,162,162,Solved,1
BPP_400_150_0.1_0.8_2.txt,183,183,Solved,1
BPP_400_150_0.2_0.7_2.txt,182,182,Solved,1
BPP_400_150_0.2_0.8_2.txt,200,200,Solved,1
BPP_400_150_0.1_0.7_3.txt,151,151,Solved,1
BPP_400_150_0.1_0.8_3.txt,179,179,Solved,1
BPP_400_150_0.2_0.7_3.txt,184,184,Solved,1
BPP_400_150_0.2_0.8_3.txt,197,197,Solved,1
BPP_400_150_0.1_0.7_4.txt,160,160,Solved,1
BPP_400_150_0.1_0.8_4.txt,176,176,Solved,1
BPP_400_150_0.2_0.7_4.txt,187,187,Solved,1
BPP_400_150_0.2_0.8_4.txt,198,198,Solved,1
BPP_400_150_0.1_0.7_5.txt,162,162,Solved,1
BPP_400_150_0.1_0.8_5.txt,186,186,Solved,1
BPP_400_150_0.2_0.7_5.txt,180,180,Solved,1
BPP_400_150_0.2_0.8_5.txt,206,206,Solved,0
BPP_400_150_0.1_0.7_6.txt,162,162,Solved,1
BPP_400_150_0.1_0.8_6.txt,180,180,Solved,1
BPP_400_150_0.2_0.7_6.txt,181,181,Solved,1
BPP_400_150_0.2_0.8_6.txt,199,199,Solved,1
BPP_400_150_0.1_0.7_7.txt,165,165,Solved,1
BPP_400_150_0.1_0.8_7.txt,172,172,Solved,1
BPP_400_150_0.2_0.7_7.txt,178,178,Solved,1
BPP_400_150_0.2_0.8_7.txt,200,200,Solved,1
BPP_400_150_0.1_0.7_8.txt,159,159,Solved,1
BPP_400_150_0.1_0.8_8.txt,177,177,Solved,1
BPP_400_150_0.2_0.7_8.txt,183,183,Solved,1
BPP_400_150_0.2_0.8_8.txt,212,212,Solved,0
BPP_400_150_0.1_0.7_9.txt,157,157,Solved,1
BPP_400_150_0.1_0.8_9.txt,175,175,Solved,1
BPP_400_150_0.2_0.7_9.txt,181,181,Solved,1
BPP_400_150_0.2_0.8_9.txt,206,206,Solved,1
BPP_400_200_0.1_0.7_0.txt,162,162,Solved,1
BPP_400_200_0.1_0.8_0.txt,181,181,Solved,1
BPP_400_200_0.2_0.7_0.txt,187,187,Solved,1
BPP_400_200_0.2_0.8_0.txt,208,208,Solved,0
BPP_400_200_0.1_0.7_1.txt,164,164,Solved,1
BPP_400_200_0.1_0.8_1.txt,183,183,Solved,1
BPP_400_200_0.2_0.7_1.txt,183,183,Solved,1
BPP_400_200_0.2_0.8_1.txt,211,211,Solved,1
BPP_400_200_0.1_0.7_2.txt,159,159,Solved,1
BPP_400_200_0.1_0.8_2.txt,176,176,Solved,1
BPP_400_200_0.2_0.7_2.txt,175,175,Solved,1
BPP_400_200_0.2_0.8_2.txt,212,212,Solved,0
BPP_400_200_0.1_0.7_3.txt,159,159,Solved,1
BPP_400_200_0.1_0.8_3.txt,186,186,Solved,1
BPP_400_200_0.2_0.7_3.txt,177,177,Solved,1
BPP_400_200_0.2_0.8_3.txt,200,200,Solved,1
BPP_400_200_0.1_0.7_4.txt,156,156,Solved,1
BPP_400_200_0.1_0.8_4.txt,177,177,Solved,1
BPP_400_200_0.2_0.7_4.txt,175,175,Solved,1
BPP_400_200_0.2_0.8_4.txt,204,204,Solved,0
BPP_400_200_0.1_0.7_5.txt,164,164,Solved,1
BPP_400_200_0.1_0.8_5.txt,180,180,Solved,1
BPP_400_200_0.2_0.7_5.txt,184,184,Solved,1
BPP_400_200_0.2_0.8_5.txt,207,207,Solved,1
BPP_400_200_0.1_0.7_6.txt,164,164,Solved,1
BPP_400_200_0.1_0.8_6.txt,180,180,Solved,1
BPP_400_200_0.2_0.7_6.txt,183,183,Solved,1
BPP_400_200_0.2_0.8_6.txt,218,218,Solved,0
BPP_400_200_0.1_0.7_7.txt,156,156,Solved,1
BPP_400_200_0.1_0.8_7.txt,179,179,Solved,1
BPP_400_200_0.2_0.7_7.txt,183,183,Solved,1
BPP_400_200_0.2_0.8_7.txt,208,208,Solved,1
BPP_400_200_0.1_0.7_8.txt,161,161,Solved,1
BPP_400_200_0.1_0.8_8.txt,182,182,Solved,1
BPP_400_200_0.2_0.7_8.txt,185,185,Solved,1
BPP_400_200_0.2_0.8_8.txt,210,210,Solved,0
BPP_400_200_0.1_0.7_9.txt,160,160,Solved,1
BPP_400_200_0.1_0.8_9.txt,178,178,Solved,1
BPP_400_200_0.2_0.7_9.txt,182,182,Solved,1
BPP_400_200_0.2_0.8_9.txt,215,215,Solved,1
BPP_400_300_0.1_0.7_0.txt,161,161,Solved,1
BPP_400_300_0.1_0.8_0.txt,181,181,Solved,1
BPP_400_300_0.2_0.7_0.txt,183,183,Solved,1
BPP_400_300_0.2_0.8_0.txt,204,204,Solved,1
BPP_400_300_0.1_0.7_1.txt,160,160,Solved,1
BPP_400_300_0.1_0.8_1.txt,173,173,Solved,1
BPP_400_300_0.2_0.7_1.txt,188,188,Solved,1
BPP_400_300_0.2_0.8_1.txt,197,197,Solved,1
BPP_400_300_0.1_0.7_2.txt,163,163,Solved,1
BPP_400_300_0.1_0.8_2.txt,184,184,Solved,1
BPP_400_300_0.2_0.7_2.txt,180,180,Solved,1
BPP_400_300_0.2_0.8_2.txt,206,206,Solved,1
BPP_400_300_0.1_0.7_3.txt,162,162,Solved,1
BPP_400_300_0.1_0.8_3.txt,178,178,Solved,1
BPP_400_300_0.2_0.7_3.txt,187,187,Solved,1
BPP_400_300_0.2_0.8_3.txt,204,204,Solved,1
BPP_400_300_0.1_0.7_4.txt,155,155,Solved,1
BPP_400_300_0.1_0.8_4.txt,177,177,Solved,1
BPP_400_300_0.2_0.7_4.txt,181,181,Solved,1
BPP_400_300_0.2_0.8_4.txt,206,206,Solved,0
BPP_400_300_0.1_0.7_5.txt,158,158,Solved,1
BPP_400_300_0.1_0.8_5.txt,178,178,Solved,1
BPP_400_300_0.2_0.7_5.txt,182,182,Solved,1
BPP_400_300_0.2_0.8_5.txt,205,205,Solved,1
BPP_400_300_0.1_0.7_6.txt,161,161,Solved,1
BPP_400_300_0.1_0.8_6.txt,182,182,Solved,1
BPP_400_300_0.2_0.7_6.txt,179,179,Solved,1
BPP_400_300_0.2_0.8_6.txt,204,204,Solved,1
BPP_400_300_0.1_0.7_7.txt,154,154,Solved,1
BPP_400_300_0.1_0.8_7.txt,184,184,Solved,1
BPP_400_300_0.2_0.7_7.txt,186,186,Solved,1
BPP_400_300_0.2_0.8_7.txt,199,199,Solved,0
BPP_400_300_0.1_0.7_8.txt,162,162,Solved,1
BPP_400_300_0.1_0.8_8.txt,186,186,Solved,1
BPP_400_300_0.2_0.7_8.txt,183,183,Solved,1
BPP_400_300_0.2_0.8_8.txt,208,208,Solved,1
BPP_400_300_0.1_0.7_9.txt,159,159,Solved,1
BPP_400_300_0.1_0.8_9.txt,181,181,Solved,1
BPP_400_300_0.2_0.7_9.txt,189,189,Solved,1
BPP_400_300_0.2_0.8_9.txt,198,198,Solved,1
BPP_400_400_0.1_0.7_0.txt,162,162,Solved,1
BPP_400_400_0.1_0.8_0.txt,181,181,Solved,1
BPP_400_400_0.2_0.7_0.txt,190,190,Solved,1
BPP_400_400_0.2_0.8_0.txt,210,210,Solved,0
BPP_400_400_0.1_0.7_1.txt,160,160,Solved,1
BPP_400_400_0.1_0.8_1.txt,180,180,Solved,1
BPP_400_400_0.2_0.7_1.txt,181,181,Solved,1
BPP_400_400_0.2_0.8_1.txt,212,212,Solved,0
BPP_400_400_0.1_0.7_2.txt,155,155,Solved,1
BPP_400_400_0.1_0.8_2.txt,187,187,Solved,1
BPP_400_400_0.2_0.7_2.txt,190,190,Solved,1
BPP_400_400_0.2_0.8_2.txt,217,217,Solved,1
BPP_400_400_0.1_0.7_3.txt,157,157,Solved,1
BPP_400_400_0.1_0.8_3.txt,188,188,Solved,1
BPP_400_400_0.2_0.7_3.txt,183,183,Solved,1
BPP_400_400_0.2_0.8_3.txt,204,204,Solved,0
BPP_400_400_0.1_0.7_4.txt,165,165,Solved,1
BPP_400_400_0.1_0.8_4.txt,183,183,Solved,1
BPP_400_400_0.2_0.7_4.txt,185,185,Solved,1
BPP_400_400_0.2_0.8_4.txt,206,206,Solved,1
BPP_400_400_0.1_0.7_5.txt,162,162,Solved,1
BPP_400_400_0.1_0.8_5.txt,179,179,Solved,1
BPP_400_400_0.2_0.7_5.txt,187,187,Solved,1
BPP_400_400_0.2_0.8_5.txt,201,201,Solved,1
BPP_400_400_0.1_0.7_6.txt,155,155,Solved,1
BPP_400_400_0.1_0.8_6.txt,183,183,Solved,1
BPP_400_400_0.2_0.7_6.txt,182,182,Solved,1
BPP_400_400_0.2_0.8_6.txt,208,208,Solved,0
BPP_400_400_0.1_0.7_7.txt,154,154,Solved,1
BPP_400_400_0.1_0.8_7.txt,177,177,Solved,1
BPP_400_400_0.2_0.7_7.txt,177,177,Solved,1
BPP_400_400_0.2_0.8_7.txt,215,215,Solved,0
BPP_400_400_0.1_0.7_8.txt,160,160,Solved,1
BPP_400_400_0.1_0.8_8.txt,176,176,Solved,1
BPP_400_400_0.2_0.7_8.txt,175,175,Solved,1
BPP_400_400_0.2_0.8_8.txt,195,195,Solved,1
BPP_400_400_0.1_0.7_9.txt,166,166,Solved,1
BPP_400_400_0.1_0.8_9.txt,177,177,Solved,1
BPP_400_400_0.2_0.7_9.txt,178,178,Solved,1
BPP_400_400_0.2_0.8_9.txt,209,209,Solved,1
BPP_400_500_0.1_0.7_0.txt,167,167,Solved,1
BPP_400_500_0.1_0.8_0.txt,181,181,Solved,1
BPP_400_500_0.2_0.7_0.txt,179,179,Solved,1
BPP_400_500_0.2_0.8_0.txt,209,209,Solved,0
BPP_400_500_0.1_0.7_1.txt,162,162,Solved,1
BPP_400_500_0.1_0.8_1.txt,182,182,Solved,1
BPP_400_500_0.2_0.7_1.txt,180,180,Solved,1
BPP_400_500_0.2_0.8_1.txt,201,201,Solved,1
BPP_400_500_0.1_0.7_2.txt,168,168,Solved,1
BPP_400_500_0.1_0.8_2.txt,175,175,Solved,1
BPP_400_500_0.2_0.7_2.txt,182,182,Solved,1
BPP_400_500_0.2_0.8_2.txt,198,198,Solved,1
BPP_400_500_0.1_0.7_3.txt,167,167,Solved,1
BPP_400_500_0.1_0.8_3.txt,183,183,Solved,1
BPP_400_500_0.2_0.7_3.txt,190,190,Solved,1
BPP_400_500_0.2_0.8_3.txt,203,203,Solved,1
BPP_400_500_0.1_0.7_4.txt,165,165,Solved,1
BPP_400_500_0.1_0.8_4.txt,181,181,Solved,1
BPP_400_500_0.2_0.7_4.txt,179,179,Solved,1
BPP_400_500_0.2_0.8_4.txt,199,199,Solved,1
BPP_400_500_0.1_0.7_5.txt,160,160,Solved,1
BPP_400_500_0.1_0.8_5.txt,177,177,Solved,1
BPP_400_500_0.2_0.7_5.txt,180,180,Solved,1
BPP_400_500_0.2_0.8_5.txt,199,199,Solved,1
BPP_400_500_0.1_0.7_6.txt,166,166,Solved,1
BPP_400_500_0.1_0.8_6.txt,177,177,Solved,1
BPP_400_500_0.2_0.7_6.txt,182,182,Solved,1
BPP_400_500_0.2_0.8_6.txt,207,207,Solved,1
BPP_400_500_0.1_0.7_7.txt,160,160,Solved,1
BPP_400_500_0.1_0.8_7.txt,178,178,Solved,1
BPP_400_500_0.2_0.7_7.txt,187,187,Solved,1
BPP_400_500_0.2_0.8_7.txt,207,207,Solved,1
BPP_400_500_0.1_0.7_8.txt,160,160,Solved,1
BPP_400_500_0.1_0.8_8.txt,185,185,Solved,0
BPP_400_500_0.2_0.7_8.txt,188,188,Solved,1
BPP_400_500_0.2_0.8_8.txt,202,202,Solved,1
BPP_400_500_0.1_0.7_9.txt,159,159,Solved,1
BPP_400_500_0.1_0.8_9.txt,179,179,Solved,1
BPP_400_500_0.2_0.7_9.txt,181,181,Solved,1
BPP_400_500_0.2_0.8_9.txt,211,211,Solved,0
BPP_400_750_0.1_0.7_0.txt,159,159,Solved,1
BPP_400_750_0.1_0.8_0.txt,183,183,Solved,1
BPP_400_750_0.2_0.7_0.txt,186,186,Solved,1
BPP_400_750_0.2_0.8_0.txt,206,206,Solved,0
BPP_400_750_0.1_0.7_1.txt,158,158,Solved,1
BPP_400_750_0.1_0.8_1.txt,185,185,Solved,1
BPP_400_750_0.2_0.7_1.txt,190,190,Solved,1
BPP_400_750_0.2_0.8_1.txt,200,200,Solved,1
BPP_400_750_0.1_0.7_2.txt,162,162,Solved,1
BPP_400_750_0.1_0.8_2.txt,182,182,Solved,1
BPP_400_750_0.2_0.7_2.txt,180,180,Solved,1
BPP_400_750_0.2_0.8_2.txt,207,207,Solved,1
BPP_400_750_0.1_0.7_3.txt,161,161,Solved,1
BPP_400_750_0.1_0.8_3.txt,179,179,Solved,1
BPP_400_750_0.2_0.7_3.txt,185,185,Solved,1
BPP_400_750_0.2_0.8_3.txt,196,196,Solved,1
BPP_400_750_0.1_0.7_4.txt,157,157,Solved,1
BPP_400_750_0.1_0.8_4.txt,180,180,Solved,1
BPP_400_750_0.2_0.7_4.txt,182,182,Solved,1
BPP_400_750_0.2_0.8_4.txt,205,205,Solved,1
BPP_400_750_0.1_0.7_5.txt,162,162,Solved,1
BPP_400_750_0.1_0.8_5.txt,179,179,Solved,1
BPP_400_750_0.2_0.7_5.txt,181,181,Solved,1
BPP_400_750_0.2_0.8_5.txt,217,217,Solved,0
BPP_400_750_0.1_0.7_6.txt,164,164,Solved,1
BPP_400_750_0.1_0.8_6.txt,187,187,Solved,1
BPP_400_750_0.2_0.7_6.txt,184,184,Solved,1
BPP_400_750_0.2_0.8_6.txt,209,209,Solved,0
BPP_400_750_0.1_0.7_7.txt,171,171,Solved,1
BPP_400_750_0.1_0.8_7.txt,186,186,Solved,1
BPP_400_750_0.2_0.7_7.txt,179,179,Solved,1
BPP_400_750_0.2_0.8_7.txt,213,213,Solved,1
BPP_400_750_0.1_0.7_8.txt,161,161,Solved,1
BPP_400_750_0.1_0.8_8.txt,186,186,Solved,1
BPP_400_750_0.2_0.7_8.txt,180,180,Solved,1
BPP_400_750_0.2_0.8_8.txt,213,213,Solved,0
BPP_400_750_0.1_0.7_9.txt,163,163,Solved,1
BPP_400_750_0.1_0.8_9.txt,180,180,Solved,1
BPP_400_750_0.2_0.7_9.txt,186,186,Solved,1
BPP_400_750_0.2_0.8_9.txt,201,201,Solved,1
BPP_400_1000_0.1_0.7_0.txt,164,164,Solved,1
BPP_400_1000_0.1_0.8_0.txt,198,198,Solved,0
BPP_400_1000_0.2_0.7_0.txt,184,184,Solved,1
BPP_400_1000_0.2_0.8_0.txt,212,212,Solved,1
BPP_400_1000_0.1_0.7_1.txt,161,161,Solved,1
BPP_400_1000_0.1_0.8_1.txt,180,180,Solved,1
BPP_400_1000_0.2_0.7_1.txt,181,181,Solved,1
BPP_400_1000_0.2_0.8_1.txt,207,207,Solved,0
BPP_400_1000_0.1_0.7_2.txt,155,155,Solved,1
BPP_400_1000_0.1_0.8_2.txt,181,181,Solved,1
BPP_400_1000_0.2_0.7_2.txt,183,183,Solved,1
BPP_400_1000_0.2_0.8_2.txt,206,206,Solved,1
BPP_400_1000_0.1_0.7_3.txt,166,166,Solved,1
BPP_400_1000_0.1_0.8_3.txt,174,174,Solved,1
BPP_400_1000_0.2_0.7_3.txt,184,184,Solved,1
BPP_400_1000_0.2_0.8_3.txt,204,204,Solved,1
BPP_400_1000_0.1_0.7_4.txt,165,165,Solved,1
BPP_400_1000_0.1_0.8_4.txt,183,183,Solved,1
BPP_400_1000_0.2_0.7_4.txt,184,184,Solved,1
BPP_400_1000_0.2_0.8_4.txt,198,198,Solved,1
BPP_400_1000_0.1_0.7_5.txt,160,160,Solved,1
BPP_400_1000_0.1_0.8_5.txt,179,179,Solved,1
BPP_400_1000_0.2_0.7_5.txt,184,184,Solved,1
BPP_400_1000_0.2_0.8_5.txt,207,207,Solved,1
BPP_400_1000_0.1_0.7_6.txt,155,155,Solved,1
BPP_400_1000_0.1_0.8_6.txt,180,180,Solved,1
BPP_400_1000_0.2_0.7_6.txt,181,181,Solved,1
BPP_400_1000_0.2_0.8_6.txt,200,200,Solved,1
BPP_400_1000_0.1_0.7_7.txt,165,165,Solved,1
BPP_400_1000_0.1_0.8_7.txt,180,180,Solved,1
BPP_400_1000_0.2_0.7_7.txt,180,180,Solved,1
BPP_400_1000_0.2_0.8_7.txt,200,200,Solved,1
BPP_400_1000_0.1_0.7_8.txt,158,158,Solved,1
BPP_400_1000_0.1_0.8_8.txt,181,181,Solved,1
BPP_400_1000_0.2_0.7_8.txt,185,185,Solved,1
BPP_400_1000_0.2_0.8_8.txt,208,208,Solved,1
BPP_400_1000_0.1_0.7_9.txt,162,162,Solved,1
BPP_400_1000_0.1_0.8_9.txt,182,182,Solved,1
BPP_400_1000_0.2_0.7_9.txt,181,181,Solved,1
BPP_400_1000_0.2_0.8_9.txt,197,197,Solved,1
BPP_500_50_0.1_0.7_0.txt,197,197,Solved,0
BPP_500_50_0.1_0.8_0.txt,229,229,Solved,1
BPP_500_50_0.2_0.7_0.txt,229,229,Solved,1
BPP_500_50_0.2_0.8_0.txt,255,255,Solved,0
BPP_500_50_0.1_0.7_1.txt,205,205,Solved,1
BPP_500_50_0.1_0.8_1.txt,221,221,Solved,1
BPP_500_50_0.2_0.7_1.txt,226,226,Solved,1
BPP_500_50_0.2_0.8_1.txt,245,245,Solved,1
BPP_500_50_0.1_0.7_2.txt,198,198,Solved,1
BPP_500_50_0.1_0.8_2.txt,217,217,Solved,1
BPP_500_50_0.2_0.7_2.txt,226,226,Solved,1
BPP_500_50_0.2_0.8_2.txt,248,248,Solved,1
BPP_500_50_0.1_0.7_3.txt,200,200,Solved,1
BPP_500_50_0.1_0.8_3.txt,234,234,Solved,1
BPP_500_50_0.2_0.7_3.txt,231,231,Solved,1
BPP_500_50_0.2_0.8_3.txt,254,254,Solved,1
BPP_500_50_0.1_0.7_4.txt,203,203,Solved,1
BPP_500_50_0.1_0.8_4.txt,218,218,Solved,1
BPP_500_50_0.2_0.7_4.txt,231,231,Solved,1
BPP_500_50_0.2_0.8_4.txt,266,266,Solved,0
BPP_500_50_0.1_0.7_5.txt,205,205,Solved,1
BPP_500_50_0.1_0.8_5.txt,227,227,Solved,1
BPP_500_50_0.2_0.7_5.txt,225,225,Solved,1
BPP_500_50_0.2_0.8_5.txt,249,249,Solved,1
BPP_500_50_0.1_0.7_6.txt,202,202,Solved,1
BPP_500_50_0.1_0.8_6.txt,228,228,Solved,1
BPP_500_50_0.2_0.7_6.txt,222,222,Solved,1
BPP_500_50_0.2_0.8_6.txt,256,256,Solved,0
BPP_500_50_0.1_0.7_7.txt,203,203,Solved,1
BPP_500_50_0.1_0.8_7.txt,233,233,Solved,1
BPP_500_50_0.2_0.7_7.txt,228,228,Solved,1
BPP_500_50_0.2_0.8_7.txt,258,258,Solved,0
BPP_500_50_0.1_0.7_8.txt,200,200,Solved,1
BPP_500_50_0.1_0.8_8.txt,225,225,Solved,1
BPP_500_50_0.2_0.7_8.txt,221,221,Solved,1
BPP_500_50_0.2_0.8_8.txt,255,255,Solved,1
BPP_500_50_0.1_0.7_9.txt,207,207,Solved,0
BPP_500_50_0.1_0.8_9.txt,235,235,Solved,0
BPP_500_50_0.2_0.7_9.txt,227,227,Solved,1
BPP_500_50_0.2_0.8_9.txt,274,274,Solved,0
BPP_500_75_0.1_0.7_0.txt,199,199,Solved,1
BPP_500_75_0.1_0.8_0.txt,231,231,Solved,1
BPP_500_75_0.2_0.7_0.txt,226,226,Solved,1
BPP_500_75_0.2_0.8_0.txt,262,262,Solved,0
BPP_500_75_0.1_0.7_1.txt,204,204,Solved,1
BPP_500_75_0.1_0.8_1.txt,221,221,Solved,0
BPP_500_75_0.2_0.7_1.txt,219,219,Solved,1
BPP_500_75_0.2_0.8_1.txt,255,255,Solved,0
BPP_500_75_0.1_0.7_2.txt,201,201,Solved,1
BPP_500_75_0.1_0.8_2.txt,230,230,Solved,1
BPP_500_75_0.2_0.7_2.txt,228,228,Solved,1
BPP_500_75_0.2_0.8_2.txt,256,256,Solved,1
BPP_500_75_0.1_0.7_3.txt,196,196,Solved,1
BPP_500_75_0.1_0.8_3.txt,225,225,Solved,1
BPP_500_75_0.2_0.7_3.txt,226,226,Solved,1
BPP_500_75_0.2_0.8_3.txt,251,251,Solved,1
BPP_500_75_0.1_0.7_4.txt,200,200,Solved,0
BPP_500_75_0.1_0.8_4.txt,227,227,Solved,1
BPP_500_75_0.2_0.7_4.txt,218,218,Solved,1
BPP_500_75_0.2_0.8_4.txt,250,250,Solved,1
BPP_500_75_0.1_0.7_5.txt,198,198,Solved,1
BPP_500_75_0.1_0.8_5.txt,228,228,Solved,1
BPP_500_75_0.2_0.7_5.txt,228,228,Solved,1
BPP_500_75_0.2_0.8_5.txt,259,259,Solved,1
BPP_500_75_0.1_0.7_6.txt,195,195,Solved,1
BPP_500_75_0.1_0.8_6.txt,225,225,Solved,1
BPP_500_75_0.2_0.7_6.txt,226,226,Solved,1
BPP_500_75_0.2_0.8_6.txt,264,264,Solved,0
BPP_500_75_0.1_0.7_7.txt,196,196,Solved,0
BPP_500_75_0.1_0.8_7.txt,230,230,Solved,1
BPP_500_75_0.2_0.7_7.txt,218,218,Solved,1
BPP_500_75_0.2_0.8_7.txt,248,248,Solved,1
BPP_500_75_0.1_0.7_8.txt,196,196,Solved,1
BPP_500_75_0.1_0.8_8.txt,225,225,Solved,1
BPP_500_75_0.2_0.7_8.txt,221,221,Solved,1
BPP_500_75_0.2_0.8_8.txt,254,254,Solved,0
BPP_500_75_0.1_0.7_9.txt,191,191,Solved,1
BPP_500_75_0.1_0.8_9.txt,227,227,Solved,1
BPP_500_75_0.2_0.7_9.txt,225,225,Solved,1
BPP_500_75_0.2_0.8_9.txt,269,269,Solved,1
BPP_500_100_0.1_0.7_0.txt,197,197,Solved,1
BPP_500_100_0.1_0.8_0.txt,230,230,Solved,1
BPP_500_100_0.2_0.7_0.txt,221,221,Solved,1
BPP_500_100_0.2_0.8_0.txt,262,262,Solved,1
BPP_500_100_0.1_0.7_1.txt,201,201,Solved,1
BPP_500_100_0.1_0.8_1.txt,223,223,Solved,1
BPP_500_100_0.2_0.7_1.txt,223,223,Solved,1
BPP_500_100_0.2_0.8_1.txt,249,249,Solved,1
BPP_500_100_0.1_0.7_2.txt,200,200,Solved,1
BPP_500_100_0.1_0.8_2.txt,231,231,Solved,1
BPP_500_100_0.2_0.7_2.txt,224,224,Solved,1
BPP_500_100_0.2_0.8_2.txt,259,259,Solved,0
BPP_500_100_0.1_0.7_3.txt,203,203,Solved,1
BPP_500_100_0.1_0.8_3.txt,221,221,Solved,1
BPP_500_100_0.2_0.7_3.txt,224,224,Solved,1
BPP_500_100_0.2_0.8_3.txt,257,257,Solved,1
BPP_500_100_0.1_0.7_4.txt,199,199,Solved,1
BPP_500_100_0.1_0.8_4.txt,223,223,Solved,1
BPP_500_100_0.2_0.7_4.txt,229,229,Solved,1
BPP_500_100_0.2_0.8_4.txt,247,247,Solved,1
BPP_500_100_0.1_0.7_5.txt,203,203,Solved,1
BPP_500_100_0.1_0.8_5.txt,218,218,Solved,1
BPP_500_100_0.2_0.7_5.txt,223,223,Solved,1
BPP_500_100_0.2_0.8_5.txt,268,268,Solved,0
BPP_500_100_0.1_0.7_6.txt,208,208,Solved,1
BPP_500_100_0.1_0.8_6.txt,221,221,Solved,1
BPP_500_100_0.2_0.7_6.txt,229,229,Solved,1
BPP_500_100_0.2_0.8_6.txt,252,252,Solved,0
BPP_500_100_0.1_0.7_7.txt,206,206,Solved,1
BPP_500_100_0.1_0.8_7.txt,226,226,Solved,1
BPP_500_100_0.2_0.7_7.txt,227,227,Solved,1
BPP_500_100_0.2_0.8_7.txt,244,244,Solved,1
BPP_500_100_0.1_0.7_8.txt,198,198,Solved,1
BPP_500_100_0.1_0.8_8.txt,224,224,Solved,0
BPP_500_100_0.2_0.7_8.txt,222,222,Solved,1
BPP_500_100_0.2_0.8_8.txt,250,250,Solved,1
BPP_500_100_0.1_0.7_9.txt,194,194,Solved,1
BPP_500_100_0.1_0.8_9.txt,224,224,Solved,1
BPP_500_100_0.2_0.7_9.txt,228,228,Solved,1
BPP_500_100_0.2_0.8_9.txt,258,258,Solved,0
BPP_500_120_0.1_0.7_0.txt,201,201,Solved,1
BPP_500_120_0.1_0.8_0.txt,224,224,Solved,1
BPP_500_120_0.2_0.7_0.txt,228,228,Solved,1
BPP_500_120_0.2_0.8_0.txt,266,266,Solved,1
BPP_500_120_0.1_0.7_1.txt,200,200,Solved,1
BPP_500_120_0.1_0.8_1.txt,223,223,Solved,1
BPP_500_120_0.2_0.7_1.txt,228,228,Solved,1
BPP_500_120_0.2_0.8_1.txt,263,263,Solved,1
BPP_500_120_0.1_0.7_2.txt,203,203,Solved,1
BPP_500_120_0.1_0.8_2.txt,215,215,Solved,1
BPP_500_120_0.2_0.7_2.txt,225,225,Solved,1
BPP_500_120_0.2_0.8_2.txt,248,248,Solved,1
BPP_500_120_0.1_0.7_3.txt,200,200,Solved,1
BPP_500_120_0.1_0.8_3.txt,222,222,Solved,1
BPP_500_120_0.2_0.7_3.txt,227,227,Solved,1
BPP_500_120_0.2_0.8_3.txt,264,264,Solved,1
BPP_500_120_0.1_0.7_4.txt,201,201,Solved,1
BPP_500_120_0.1_0.8_4.txt,226,226,Solved,1
BPP_500_120_0.2_0.7_4.txt,227,227,Solved,1
BPP_500_120_0.2_0.8_4.txt,260,260,Solved,0
BPP_500_120_0.1_0.7_5.txt,200,200,Solved,1
BPP_500_120_0.1_0.8_5.txt,227,227,Solved,1
BPP_500_120_0.2_0.7_5.txt,227,227,Solved,1
BPP_500_120_0.2_0.8_5.txt,259,259,Solved,0
BPP_500_120_0.1_0.7_6.txt,208,208,Solved,1
BPP_500_120_0.1_0.8_6.txt,227,227,Solved,1
BPP_500_120_0.2_0.7_6.txt,226,226,Solved,1
BPP_500_120_0.2_0.8_6.txt,257,257,Solved,0
BPP_500_120_0.1_0.7_7.txt,204,204,Solved,1
BPP_500_120_0.1_0.8_7.txt,226,226,Solved,1
BPP_500_120_0.2_0.7_7.txt,236,236,Solved,1
BPP_500_120_0.2_0.8_7.txt,252,252,Solved,0
BPP_500_120_0.1_0.7_8.txt,198,198,Solved,1
BPP_500_120_0.1_0.8_8.txt,228,228,Solved,1
BPP_500_120_0.2_0.7_8.txt,224,224,Solved,1
BPP_500_120_0.2_0.8_8.txt,249,249,Solved,1
BPP_500_120_0.1_0.7_9.txt,202,202,Solved,1
BPP_500_120_0.1_0.8_9.txt,214,214,Solved,1
BPP_500_120_0.2_0.7_9.txt,227,227,Solved,1
BPP_500_120_0.2_0.8_9.txt,258,258,Solved,1
BPP_500_125_0.1_0.7_0.txt,195,195,Solved,1
BPP_500_125_0.1_0.8_0.txt,226,226,Solved,1
BPP_500_125_0.2_0.7_0.txt,222,222,Solved,1
BPP_500_125_0.2_0.8_0.txt,255,255,Solved,1
BPP_500_125_0.1_0.7_1.txt,194,194,Solved,1
BPP_500_125_0.1_0.8_1.txt,226,226,Solved,1
BPP_500_125_0.2_0.7_1.txt,221,221,Solved,1
BPP_500_125_0.2_0.8_1.txt,253,253,Solved,1
BPP_500_125_0.1_0.7_2.txt,194,194,Solved,1
BPP_500_125_0.1_0.8_2.txt,226,226,Solved,1
BPP_500_125_0.2_0.7_2.txt,226,226,Solved,1
BPP_500_125_0.2_0.8_2.txt,258,258,Solved,1
BPP_500_125_0.1_0.7_3.txt,199,199,Solved,1
BPP_500_125_0.1_0.8_3.txt,221,221,Solved,1
BPP_500_125_0.2_0.7_3.txt,221,221,Solved,1
BPP_500_125_0.2_0.8_3.txt,249,249,Solved,1
BPP_500_125_0.1_0.7_4.txt,207,207,Solved,1
BPP_500_125_0.1_0.8_4.txt,229,229,Solved,1
BPP_500_125_0.2_0.7_4.txt,223,223,Solved,1
BPP_500_125_0.2_0.8_4.txt,249,249,Solved,1
BPP_500_125_0.1_0.7_5.txt,202,202,Solved,1
BPP_500_125_0.1_0.8_5.txt,219,219,Solved,1
BPP_500_125_0.2_0.7_5.txt,221,221,Solved,1
BPP_500_125_0.2_0.8_5.txt,245,245,Solved,1
BPP_500_125_0.1_0.7_6.txt,202,202,Solved,1
BPP_500_125_0.1_0.8_6.txt,223,223,Solved,1
BPP_500_125_0.2_0.7_6.txt,228,228,Solved,1
BPP_500_125_0.2_0.8_6.txt,267,267,Solved,0
BPP_500_125_0.1_0.7_7.txt,201,201,Solved,1
BPP_500_125_0.1_0.8_7.txt,225,225,Solved,1
BPP_500_125_0.2_0.7_7.txt,223,223,Solved,1
BPP_500_125_0.2_0.8_7.txt,253,253,Solved,1
BPP_500_125_0.1_0.7_8.txt,194,194,Solved,1
BPP_500_125_0.1_0.8_8.txt,244,244,Solved,0
BPP_500_125_0.2_0.7_8.txt,223,223,Solved,1
BPP_500_125_0.2_0.8_8.txt,262,262,Solved,0
BPP_500_125_0.1_0.7_9.txt,200,200,Solved,1
BPP_500_125_0.1_0.8_9.txt,221,221,Solved,1
BPP_500_125_0.2_0.7_9.txt,226,226,Solved,1
BPP_500_125_0.2_0.8_9.txt,249,249,Solved,1
BPP_500_150_0.1_0.7_0.txt,207,207,Solved,1
BPP_500_150_0.1_0.8_0.txt,230,230,Solved,1
BPP_500_150_0.2_0.7_0.txt,223,223,Solved,1
BPP_500_150_0.2_0.8_0.txt,255,255,Solved,0
BPP_500_150_0.1_0.7_1.txt,202,202,Solved,1
BPP_500_150_0.1_0.8_1.txt,223,223,Solved,1
BPP_500_150_0.2_0.7_1.txt,228,228,Solved,1
BPP_500_150_0.2_0.8_1.txt,245,245,Solved,1
BPP_500_150_0.1_0.7_2.txt,198,198,Solved,1
BPP_500_150_0.1_0.8_2.txt,230,230,Solved,1
BPP_500_150_0.2_0.7_2.txt,235,235,Solved,1
BPP_500_150_0.2_0.8_2.txt,262,262,Solved,0
BPP_500_150_0.1_0.7_3.txt,204,204,Solved,1
BPP_500_150_0.1_0.8_3.txt,218,218,Solved,1
BPP_500_150_0.2_0.7_3.txt,222,222,Solved,1
BPP_500_150_0.2_0.8_3.txt,254,254,Solved,1
BPP_500_150_0.1_0.7_4.txt,203,203,Solved,1
BPP_500_150_0.1_0.8_4.txt,220,220,Solved,1
BPP_500_150_0.2_0.7_4.txt,227,227,Solved,1
BPP_500_150_0.2_0.8_4.txt,265,265,Solved,1
BPP_500_150_0.1_0.7_5.txt,199,199,Solved,1
BPP_500_150_0.1_0.8_5.txt,225,225,Solved,1
BPP_500_150_0.2_0.7_5.txt,225,225,Solved,1
BPP_500_150_0.2_0.8_5.txt,256,256,Solved,1
BPP_500_150_0.1_0.7_6.txt,200,200,Solved,1
BPP_500_150_0.1_0.8_6.txt,221,221,Solved,1
BPP_500_150_0.2_0.7_6.txt,225,225,Solved,1
BPP_500_150_0.2_0.8_6.txt,254,254,Solved,0
BPP_500_150_0.1_0.7_7.txt,202,202,Solved,1
BPP_500_150_0.1_0.8_7.txt,231,231,Solved,1
BPP_500_150_0.2_0.7_7.txt,226,226,Solved,1
BPP_500_150_0.2_0.8_7.txt,249,249,Solved,1
BPP_500_150_0.1_0.7_8.txt,200,200,Solved,1
BPP_500_150_0.1_0.8_8.txt,239,239,Solved,0
BPP_500_150_0.2_0.7_8.txt,228,228,Solved,1
BPP_500_150_0.2_0.8_8.txt,263,263,Solved,1
BPP_500_150_0.1_0.7_9.txt,204,204,Solved,1
BPP_500_150_0.1_0.8_9.txt,224,224,Solved,1
BPP_500_150_0.2_0.7_9.txt,231,231,Solved,1
BPP_500_150_0.2_0.8_9.txt,253,253,Solved,0
BPP_500_200_0.1_0.7_0.txt,199,199,Solved,1
BPP_500_200_0.1_0.8_0.txt,231,231,Solved,1
BPP_500_200_0.2_0.7_0.txt,226,226,Solved,1
BPP_500_200_0.2_0.8_0.txt,262,262,Solved,1
BPP_500_200_0.1_0.7_1.txt,204,204,Solved,1
BPP_500_200_0.1_0.8_1.txt,248,248,Solved,0
BPP_500_200_0.2_0.7_1.txt,222,222,Solved,1
BPP_500_200_0.2_0.8_1.txt,247,247,Solved,1
BPP_500_200_0.1_0.7_2.txt,207,207,Solved,1
BPP_500_200_0.1_0.8_2.txt,222,222,Solved,1
BPP_500_200_0.2_0.7_2.txt,230,230,Solved,1
BPP_500_200_0.2_0.8_2.txt,252,252,Solved,1
BPP_500_200_0.1_0.7_3.txt,203,203,Solved,1
BPP_500_200_0.1_0.8_3.txt,224,224,Solved,1
BPP_500_200_0.2_0.7_3.txt,220,220,Solved,1
BPP_500_200_0.2_0.8_3.txt,253,253,Solved,1
BPP_500_200_0.1_0.7_4.txt,202,202,Solved,1
BPP_500_200_0.1_0.8_4.txt,231,231,Solved,0
BPP_500_200_0.2_0.7_4.txt,224,224,Solved,1
BPP_500_200_0.2_0.8_4.txt,265,265,Solved,1
BPP_500_200_0.1_0.7_5.txt,196,196,Solved,1
BPP_500_200_0.1_0.8_5.txt,230,230,Solved,1
BPP_500_200_0.2_0.7_5.txt,226,226,Solved,1
BPP_500_200_0.2_0.8_5.txt,268,268,Solved,0
BPP_500_200_0.1_0.7_6.txt,200,200,Solved,1
BPP_500_200_0.1_0.8_6.txt,228,228,Solved,1
BPP_500_200_0.2_0.7_6.txt,225,225,Solved,1
BPP_500_200_0.2_0.8_6.txt,270,270,Solved,1
BPP_500_200_0.1_0.7_7.txt,194,194,Solved,1
BPP_500_200_0.1_0.8_7.txt,223,223,Solved,1
BPP_500_200_0.2_0.7_7.txt,224,224,Solved,1
BPP_500_200_0.2_0.8_7.txt,267,267,Solved,0
BPP_500_200_0.1_0.7_8.txt,201,201,Solved,1
BPP_500_200_0.1_0.8_8.txt,226,226,Solved,1
BPP_500_200_0.2_0.7_8.txt,224,224,Solved,1
BPP_500_200_0.2_0.8_8.txt,247,247,Solved,1
BPP_500_200_0.1_0.7_9.txt,202,202,Solved,1
BPP_500_200_0.1_0.8_9.txt,227,227,Solved,1
BPP_500_200_0.2_0.7_9.txt,226,226,Solved,1
BPP_500_200_0.2_0.8_9.txt,253,253,Solved,1
BPP_500_300_0.1_0.7_0.txt,197,197,Solved,1
BPP_500_300_0.1_0.8_0.txt,228,228,Solved,1
BPP_500_300_0.2_0.7_0.txt,224,224,Solved,1
BPP_500_300_0.2_0.8_0.txt,268,268,Solved,0
BPP_500_300_0.1_0.7_1.txt,205,205,Solved,1
BPP_500_300_0.1_0.8_1.txt,227,227,Solved,1
BPP_500_300_0.2_0.7_1.txt,227,227,Solved,1
BPP_500_300_0.2_0.8_1.txt,266,266,Solved,0
BPP_500_300_0.1_0.7_2.txt,197,197,Solved,1
BPP_500_300_0.1_0.8_2.txt,221,221,Solved,1
BPP_500_300_0.2_0.7_2.txt,218,218,Solved,1
BPP_500_300_0.2_0.8_2.txt,252,252,Solved,1
BPP_500_300_0.1_0.7_3.txt,202,202,Solved,1
BPP_500_300_0.1_0.8_3.txt,226,226,Solved,1
BPP_500_300_0.2_0.7_3.txt,221,221,Solved,1
BPP_500_300_0.2_0.8_3.txt,252,252,Solved,1
BPP_500_300_0.1_0.7_4.txt,197,197,Solved,1
BPP_500_300_0.1_0.8_4.txt,230,230,Solved,1
BPP_500_300_0.2_0.7_4.txt,226,226,Solved,1
BPP_500_300_0.2_0.8_4.txt,256,256,Solved,0
BPP_500_300_0.1_0.7_5.txt,203,203,Solved,1
BPP_500_300_0.1_0.8_5.txt,228,228,Solved,1
BPP_500_300_0.2_0.7_5.txt,219,219,Solved,1
BPP_500_300_0.2_0.8_5.txt,256,256,Solved,0
BPP_500_300_0.1_0.7_6.txt,202,202,Solved,1
BPP_500_300_0.1_0.8_6.txt,228,228,Solved,1
BPP_500_300_0.2_0.7_6.txt,227,227,Solved,1
BPP_500_300_0.2_0.8_6.txt,250,250,Solved,0
BPP_500_300_0.1_0.7_7.txt,198,198,Solved,1
BPP_500_300_0.1_0.8_7.txt,222,222,Solved,1
BPP_500_300_0.2_0.7_7.txt,226,226,Solved,1
BPP_500_300_0.2_0.8_7.txt,255,255,Solved,1
BPP_500_300_0.1_0.7_8.txt,207,207,Solved,1
BPP_500_300_0.1_0.8_8.txt,231,231,Solved,1
BPP_500_300_0.2_0.7_8.txt,227,227,Solved,1
BPP_500_300_0.2_0.8_8.txt,253,253,Solved,0
BPP_500_300_0.1_0.7_9.txt,198,198,Solved,1
BPP_500_300_0.1_0.8_9.txt,220,220,Solved,1
BPP_500_300_0.2_0.7_9.txt,229,229,Solved,1
BPP_500_300_0.2_0.8_9.txt,270,270,Solved,0
BPP_500_400_0.1_0.7_0.txt,201,201,Solved,1
BPP_500_400_0.1_0.8_0.txt,230,230,Solved,1
BPP_500_400_0.2_0.7_0.txt,231,231,Solved,1
BPP_500_400_0.2_0.8_0.txt,253,253,Solved,1
BPP_500_400_0.1_0.7_1.txt,206,206,Solved,1
BPP_500_400_0.1_0.8_1.txt,242,242,Solved,1
BPP_500_400_0.2_0.7_1.txt,224,224,Solved,1
BPP_500_400_0.2_0.8_1.txt,250,250,Solved,1
BPP_500_400_0.1_0.7_2.txt,195,195,Solved,1
BPP_500_400_0.1_0.8_2.txt,243,243,Solved,0
BPP_500_400_0.2_0.7_2.txt,227,227,Solved,1
BPP_500_400_0.2_0.8_2.txt,254,254,Solved,1
BPP_500_400_0.1_0.7_3.txt,191,191,Solved,1
BPP_500_400_0.1_0.8_3.txt,226,226,Solved,1
BPP_500_400_0.2_0.7_3.txt,224,224,Solved,1
BPP_500_400_0.2_0.8_3.txt,258,258,Solved,1
BPP_500_400_0.1_0.7_4.txt,195,195,Solved,1
BPP_500_400_0.1_0.8_4.txt,226,226,Solved,1
BPP_500_400_0.2_0.7_4.txt,228,228,Solved,1
BPP_500_400_0.2_0.8_4.txt,256,256,Solved,1
BPP_500_400_0.1_0.7_5.txt,205,205,Solved,1
BPP_500_400_0.1_0.8_5.txt,220,220,Solved,1
BPP_500_400_0.2_0.7_5.txt,225,225,Solved,1
BPP_500_400_0.2_0.8_5.txt,249,249,Solved,1
BPP_500_400_0.1_0.7_6.txt,205,205,Solved,1
BPP_500_400_0.1_0.8_6.txt,225,225,Solved,1
BPP_500_400_0.2_0.7_6.txt,228,228,Solved,1
BPP_500_400_0.2_0.8_6.txt,265,265,Solved,0
BPP_500_400_0.1_0.7_7.txt,198,198,Solved,1
BPP_500_400_0.1_0.8_7.txt,221,221,Solved,1
BPP_500_400_0.2_0.7_7.txt,228,228,Solved,1
BPP_500_400_0.2_0.8_7.txt,248,248,Solved,1
BPP_500_400_0.1_0.7_8.txt,208,208,Solved,1
BPP_500_400_0.1_0.8_8.txt,223,223,Solved,1
BPP_500_400_0.2_0.7_8.txt,232,232,Solved,1
BPP_500_400_0.2_0.8_8.txt,260,260,Solved,1
BPP_500_400_0.1_0.7_9.txt,202,202,Solved,1
BPP_500_400_0.1_0.8_9.txt,222,222,Solved,1
BPP_500_400_0.2_0.7_9.txt,229,229,Solved,1
BPP_500_400_0.2_0.8_9.txt,267,267,Solved,0
BPP_500_500_0.1_0.7_0.txt,198,198,Solved,1
BPP_500_500_0.1_0.8_0.txt,223,223,Solved,1
BPP_500_500_0.2_0.7_0.txt,227,227,Solved,1
BPP_500_500_0.2_0.8_0.txt,244,244,Solved,1
BPP_500_500_0.1_0.7_1.txt,198,198,Solved,1
BPP_500_500_0.1_0.8_1.txt,228,228,Solved,1
BPP_500_500_0.2_0.7_1.txt,226,226,Solved,1
BPP_500_500_0.2_0.8_1.txt,258,258,Solved,0
BPP_500_500_0.1_0.7_2.txt,194,194,Solved,1
BPP_500_500_0.1_0.8_2.txt,225,225,Solved,1
BPP_500_500_0.2_0.7_2.txt,232,232,Solved,1
BPP_500_500_0.2_0.8_2.txt,252,252,Solved,1
BPP_500_500_0.1_0.7_3.txt,197,197,Solved,1
BPP_500_500_0.1_0.8_3.txt,251,251,Solved,1
BPP_500_500_0.2_0.7_3.txt,220,220,Solved,1
BPP_500_500_0.2_0.8_3.txt,271,271,Solved,0
BPP_500_500_0.1_0.7_4.txt,194,194,Solved,1
BPP_500_500_0.1_0.8_4.txt,220,220,Solved,1
BPP_500_500_0.2_0.7_4.txt,229,229,Solved,1
BPP_500_500_0.2_0.8_4.txt,252,252,Solved,0
BPP_500_500_0.1_0.7_5.txt,199,199,Solved,1
BPP_500_500_0.1_0.8_5.txt,233,233,Solved,1
BPP_500_500_0.2_0.7_5.txt,226,226,Solved,1
BPP_500_500_0.2_0.8_5.txt,253,253,Solved,1
BPP_500_500_0.1_0.7_6.txt,199,199,Solved,1
BPP_500_500_0.1_0.8_6.txt,230,230,Solved,1
BPP_500_500_0.2_0.7_6.txt,225,225,Solved,1
BPP_500_500_0.2_0.8_6.txt,269,269,Solved,0
BPP_500_500_0.1_0.7_7.txt,206,206,Solved,1
BPP_500_500_0.1_0.8_7.txt,223,223,Solved,1
BPP_500_500_0.2_0.7_7.txt,229,229,Solved,1
BPP_500_500_0.2_0.8_7.txt,250,250,Solved,0
BPP_500_500_0.1_0.7_8.txt,206,206,Solved,1
BPP_500_500_0.1_0.8_8.txt,226,226,Solved,1
BPP_500_500_0.2_0.7_8.txt,228,228,Solved,1
BPP_500_500_0.2_0.8_8.txt,264,264,Solved,0
BPP_500_500_0.1_0.7_9.txt,197,197,Solved,1
BPP_500_500_0.1_0.8_9.txt,220,220,Solved,1
BPP_500_500_0.2_0.7_9.txt,232,232,Solved,1
BPP_500_500_0.2_0.8_9.txt,274,274,Solved,0
BPP_500_750_0.1_0.7_0.txt,197,197,Solved,1
BPP_500_750_0.1_0.8_0.txt,232,232,Solved,1
BPP_500_750_0.2_0.7_0.txt,226,226,Solved,1
BPP_500_750_0.2_0.8_0.txt,252,252,Solved,1
BPP_500_750_0.1_0.7_1.txt,203,203,Solved,1
BPP_500_750_0.1_0.8_1.txt,226,226,Solved,1
BPP_500_750_0.2_0.7_1.txt,225,225,Solved,1
BPP_500_750_0.2_0.8_1.txt,267,267,Solved,0
BPP_500_750_0.1_0.7_2.txt,202,202,Solved,1
BPP_500_750_0.1_0.8_2.txt,225,225,Solved,1
BPP_500_750_0.2_0.7_2.txt,220,220,Solved,1
BPP_500_750_0.2_0.8_2.txt,273,273,Solved,0
BPP_500_750_0.1_0.7_3.txt,200,200,Solved,1
BPP_500_750_0.1_0.8_3.txt,220,220,Solved,1
BPP_500_750_0.2_0.7_3.txt,223,223,Solved,1
BPP_500_750_0.2_0.8_3.txt,265,265,Solved,0
BPP_500_750_0.1_0.7_4.txt,199,199,Solved,1
BPP_500_750_0.1_0.8_4.txt,226,226,Solved,1
BPP_500_750_0.2_0.7_4.txt,224,224,Solved,1
BPP_500_750_0.2_0.8_4.txt,251,251,Solved,1
BPP_500_750_0.1_0.7_5.txt,198,198,Solved,1
BPP_500_750_0.1_0.8_5.txt,224,224,Solved,1
BPP_500_750_0.2_0.7_5.txt,225,225,Solved,1
BPP_500_750_0.2_0.8_5.txt,249,249,Solved,1
BPP_500_750_0.1_0.7_6.txt,197,197,Solved,1
BPP_500_750_0.1_0.8_6.txt,235,235,Solved,1
BPP_500_750_0.2_0.7_6.txt,234,234,Solved,1
BPP_500_750_0.2_0.8_6.txt,250,250,Solved,1
BPP_500_750_0.1_0.7_7.txt,195,195,Solved,1
BPP_500_750_0.1_0.8_7.txt,231,231,Solved,1
BPP_500_750_0.2_0.7_7.txt,221,221,Solved,1
BPP_500_750_0.2_0.8_7.txt,253,253,Solved,1
BPP_500_750_0.1_0.7_8.txt,202,202,Solved,1
BPP_500_750_0.1_0.8_8.txt,231,231,Solved,1
BPP_500_750_0.2_0.7_8.txt,227,227,Solved,1
BPP_500_750_0.2_0.8_8.txt,272,272,Solved,0
BPP_500_750_0.1_0.7_9.txt,197,197,Solved,1
BPP_500_750_0.1_0.8_9.txt,223,223,Solved,1
BPP_500_750_0.2_0.7_9.txt,234,234,Solved,1
BPP_500_750_0.2_0.8_9.txt,258,258,Solved,0
BPP_500_1000_0.1_0.7_0.txt,196,196,Solved,1
BPP_500_1000_0.1_0.8_0.txt,229,229,Solved,1
BPP_500_1000_0.2_0.7_0.txt,225,225,Solved,1
BPP_500_1000_0.2_0.8_0.txt,263,263,Solved,0
BPP_500_1000_0.1_0.7_1.txt,205,205,Solved,1
BPP_500_1000_0.1_0.8_1.txt,235,235,Solved,0
BPP_500_1000_0.2_0.7_1.txt,217,217,Solved,1
BPP_500_1000_0.2_0.8_1.txt,254,254,Solved,0
BPP_500_1000_0.1_0.7_2.txt,200,200,Solved,1
BPP_500_1000_0.1_0.8_2.txt,226,226,Solved,1
BPP_500_1000_0.2_0.7_2.txt,226,226,Solved,1
BPP_500_1000_0.2_0.8_2.txt,254,254,Solved,1
BPP_500_1000_0.1_0.7_3.txt,199,199,Solved,1
BPP_500_1000_0.1_0.8_3.txt,230,230,Solved,1
BPP_500_1000_0.2_0.7_3.txt,231,231,Solved,1
BPP_500_1000_0.2_0.8_3.txt,251,251,Solved,1
BPP_500_1000_0.1_0.7_4.txt,205,205,Solved,1
BPP_500_1000_0.1_0.8_4.txt,227,227,Solved,1
BPP_500_1000_0.2_0.7_4.txt,227,227,Solved,1
BPP_500_1000_0.2_0.8_4.txt,252,252,Solved,0
BPP_500_1000_0.1_0.7_5.txt,196,196,Solved,1
BPP_500_1000_0.1_0.8_5.txt,234,234,Solved,0
BPP_500_1000_0.2_0.7_5.txt,223,223,Solved,1
BPP_500_1000_0.2_0.8_5.txt,245,245,Solved,1
BPP_500_1000_0.1_0.7_6.txt,196,196,Solved,1
BPP_500_1000_0.1_0.8_6.txt,228,228,Solved,1
BPP_500_1000_0.2_0.7_6.txt,231,231,Solved,1
BPP_500_1000_0.2_0.8_6.txt,248,248,Solved,1
BPP_500_1000_0.1_0.7_7.txt,198,198,Solved,1
BPP_500_1000_0.1_0.8_7.txt,236,236,Solved,0
BPP_500_1000_0.2_0.7_7.txt,230,230,Solved,1
BPP_500_1000_0.2_0.8_7.txt,250,250,Solved,0
BPP_500_1000_0.1_0.7_8.txt,199,199,Solved,1
BPP_500_1000_0.1_0.8_8.txt,235,235,Solved,1
BPP_500_1000_0.2_0.7_8.txt,218,218,Solved,1
BPP_500_1000_0.2_0.8_8.txt,248,248,Solved,1
BPP_500_1000_0.1_0.7_9.txt,189,189,Solved,1
BPP_500_1000_0.1_0.8_9.txt,229,229,Solved,1
BPP_500_1000_0.2_0.7_9.txt,226,226,Solved,1
BPP_500_1000_0.2_0.8_9.txt,277,277,Solved,0
BPP_750_50_0.1_0.7_0.txt,292,292,Solved,0
BPP_750_50_0.1_0.8_0.txt,331,331,Solved,1
BPP_750_50_0.2_0.7_0.txt,334,334,Solved,1
BPP_750_50_0.2_0.8_0.txt,394,394,Solved,0
BPP_750_50_0.1_0.7_1.txt,292,292,Solved,1
BPP_750_50_0.1_0.8_1.txt,345,345,Solved,1
BPP_750_50_0.2_0.7_1.txt,330,330,Solved,1
BPP_750_50_0.2_0.8_1.txt,402,402,Solved,0
BPP_750_50_0.1_0.7_2.txt,294,294,Solved,1
BPP_750_50_0.1_0.8_2.txt,334,334,Solved,1
BPP_750_50_0.2_0.7_2.txt,330,330,Solved,1
BPP_750_50_0.2_0.8_2.txt,384,384,Solved,1
BPP_750_50_0.1_0.7_3.txt,299,299,Solved,1
BPP_750_50_0.1_0.8_3.txt,341,341,Solved,1
BPP_750_50_0.2_0.7_3.txt,336,336,Solved,1
BPP_750_50_0.2_0.8_3.txt,389,389,Solved,1
BPP_750_50_0.1_0.7_4.txt,300,300,Solved,1
BPP_750_50_0.1_0.8_4.txt,342,342,Solved,1
BPP_750_50_0.2_0.7_4.txt,341,341,Solved,1
BPP_750_50_0.2_0.8_4.txt,392,392,Solved,1
BPP_750_50_0.1_0.7_5.txt,304,304,Solved,1
BPP_750_50_0.1_0.8_5.txt,337,337,Solved,1
BPP_750_50_0.2_0.7_5.txt,336,336,Solved,1
BPP_750_50_0.2_0.8_5.txt,366,366,Solved,1
BPP_750_50_0.1_0.7_6.txt,301,301,Solved,1
BPP_750_50_0.1_0.8_6.txt,330,330,Solved,1
BPP_750_50_0.2_0.7_6.txt,343,343,Solved,1
BPP_750_50_0.2_0.8_6.txt,381,381,Solved,1
BPP_750_50_0.1_0.7_7.txt,301,301,Solved,1
BPP_750_50_0.1_0.8_7.txt,339,339,Solved,1
BPP_750_50_0.2_0.7_7.txt,335,335,Solved,1
BPP_750_50_0.2_0.8_7.txt,393,393,Solved,0
BPP_750_50_0.1_0.7_8.txt,299,299,Solved,1
BPP_750_50_0.1_0.8_8.txt,344,344,Solved,1
BPP_750_50_0.2_0.7_8.txt,339,339,Solved,1
BPP_750_50_0.2_0.8_8.txt,383,383,Solved,1
BPP_750_50_0.1_0.7_9.txt,297,297,Solved,1
BPP_750_50_0.1_0.8_9.txt,337,337,Solved,1
BPP_750_50_0.2_0.7_9.txt,331,331,Solved,1
BPP_750_50_0.2_0.8_9.txt,382,382,Solved,1
BPP_750_75_0.1_0.7_0.txt,286,286,Solved,1
BPP_750_75_0.1_0.8_0.txt,336,336,Solved,1
BPP_750_75_0.2_0.7_0.txt,330,330,Solved,1
BPP_750_75_0.2_0.8_0.txt,382,382,Solved,0
BPP_750_75_0.1_0.7_1.txt,294,294,Solved,1
BPP_750_75_0.1_0.8_1.txt,336,336,Solved,1
BPP_750_75_0.2_0.7_1.txt,337,337,Solved,1
BPP_750_75_0.2_0.8_1.txt,365,365,Solved,1
BPP_750_75_0.1_0.7_2.txt,299,299,Solved,1
BPP_750_75_0.1_0.8_2.txt,340,340,Solved,1
BPP_750_75_0.2_0.7_2.txt,339,339,Solved,1
BPP_750_75_0.2_0.8_2.txt,390,390,Solved,1
BPP_750_75_0.1_0.7_3.txt,289,289,Solved,1
BPP_750_75_0.1_0.8_3.txt,332,332,Solved,1
BPP_750_75_0.2_0.7_3.txt,336,336,Solved,1
BPP_750_75_0.2_0.8_3.txt,390,390,Solved,1
BPP_750_75_0.1_0.7_4.txt,299,299,Solved,1
BPP_750_75_0.1_0.8_4.txt,334,334,Solved,1
BPP_750_75_0.2_0.7_4.txt,337,337,Solved,1
BPP_750_75_0.2_0.8_4.txt,396,396,Solved,0
BPP_750_75_0.1_0.7_5.txt,296,296,Solved,1
BPP_750_75_0.1_0.8_5.txt,347,347,Solved,1
BPP_750_75_0.2_0.7_5.txt,335,335,Solved,1
BPP_750_75_0.2_0.8_5.txt,371,371,Solved,1
BPP_750_75_0.1_0.7_6.txt,290,290,Solved,1
BPP_750_75_0.1_0.8_6.txt,346,346,Solved,1
BPP_750_75_0.2_0.7_6.txt,335,335,Solved,1
BPP_750_75_0.2_0.8_6.txt,389,389,Solved,1
BPP_750_75_0.1_0.7_7.txt,300,300,Solved,1
BPP_750_75_0.1_0.8_7.txt,328,328,Solved,1
BPP_750_75_0.2_0.7_7.txt,336,336,Solved,1
BPP_750_75_0.2_0.8_7.txt,381,381,Solved,1
BPP_750_75_0.1_0.7_8.txt,290,290,Solved,1
BPP_750_75_0.1_0.8_8.txt,345,345,Solved,1
BPP_750_75_0.2_0.7_8.txt,333,333,Solved,1
BPP_750_75_0.2_0.8_8.txt,389,389,Solved,1
BPP_750_75_0.1_0.7_9.txt,294,294,Solved,1
BPP_750_75_0.1_0.8_9.txt,339,339,Solved,1
BPP_750_75_0.2_0.7_9.txt,334,334,Solved,1
BPP_750_75_0.2_0.8_9.txt,383,383,Solved,1
BPP_750_100_0.1_0.7_0.txt,295,295,Solved,1
BPP_750_100_0.1_0.8_0.txt,336,336,Solved,1
BPP_750_100_0.2_0.7_0.txt,337,337,Solved,1
BPP_750_100_0.2_0.8_0.txt,379,379,Solved,1
BPP_750_100_0.1_0.7_1.txt,308,308,Solved,1
BPP_750_100_0.1_0.8_1.txt,343,343,Solved,1
BPP_750_100_0.2_0.7_1.txt,345,345,Solved,1
BPP_750_100_0.2_0.8_1.txt,377,377,Solved,1
BPP_750_100_0.1_0.7_2.txt,303,303,Solved,1
BPP_750_100_0.1_0.8_2.txt,335,335,Solved,1
BPP_750_100_0.2_0.7_2.txt,342,342,Solved,1
BPP_750_100_0.2_0.8_2.txt,397,397,Solved,0
BPP_750_100_0.1_0.7_3.txt,297,297,Solved,1
BPP_750_100_0.1_0.8_3.txt,334,334,Solved,1
BPP_750_100_0.2_0.7_3.txt,336,336,Solved,1
BPP_750_100_0.2_0.8_3.txt,376,376,Solved,0
BPP_750_100_0.1_0.7_4.txt,304,304,Solved,1
BPP_750_100_0.1_0.8_4.txt,339,339,Solved,1
BPP_750_100_0.2_0.7_4.txt,333,333,Solved,1
BPP_750_100_0.2_0.8_4.txt,378,378,Solved,1
BPP_750_100_0.1_0.7_5.txt,300,300,Solved,1
BPP_750_100_0.1_0.8_5.txt,338,338,Solved,1
BPP_750_100_0.2_0.7_5.txt,335,335,Solved,1
BPP_750_100_0.2_0.8_5.txt,382,382,Solved,0
BPP_750_100_0.1_0.7_6.txt,299,299,Solved,1
BPP_750_100_0.1_0.8_6.txt,328,328,Solved,1
BPP_750_100_0.2_0.7_6.txt,341,341,Solved,1
BPP_750_100_0.2_0.8_6.txt,377,377,Solved,1
BPP_750_100_0.1_0.7_7.txt,294,294,Solved,1
BPP_750_100_0.1_0.8_7.txt,333,333,Solved,1
BPP_750_100_0.2_0.7_7.txt,344,344,Solved,1
BPP_750_100_0.2_0.8_7.txt,386,386,Solved,0
BPP_750_100_0.1_0.7_8.txt,295,295,Solved,1
BPP_750_100_0.1_0.8_8.txt,332,332,Solved,1
BPP_750_100_0.2_0.7_8.txt,341,341,Solved,1
BPP_750_100_0.2_0.8_8.txt,384,384,Solved,0
BPP_750_100_0.1_0.7_9.txt,297,297,Solved,1
BPP_750_100_0.1_0.8_9.txt,344,344,Solved,1
BPP_750_100_0.2_0.7_9.txt,336,336,Solved,1
BPP_750_100_0.2_0.8_9.txt,381,381,Solved,0
BPP_750_120_0.1_0.7_0.txt,290,290,Solved,1
BPP_750_120_0.1_0.8_0.txt,339,339,Solved,1
BPP_750_120_0.2_0.7_0.txt,348,348,Solved,1
BPP_750_120_0.2_0.8_0.txt,384,384,Solved,1
BPP_750_120_0.1_0.7_1.txt,300,300,Solved,1
BPP_750_120_0.1_0.8_1.txt,330,330,Solved,1
BPP_750_120_0.2_0.7_1.txt,335,335,Solved,1
BPP_750_120_0.2_0.8_1.txt,381,381,Solved,1
BPP_750_120_0.1_0.7_2.txt,302,302,Solved,1
BPP_750_120_0.1_0.8_2.txt,334,334,Solved,1
BPP_750_120_0.2_0.7_2.txt,334,334,Solved,1
BPP_750_120_0.2_0.8_2.txt,395,395,Solved,0
BPP_750_120_0.1_0.7_3.txt,304,304,Solved,1
BPP_750_120_0.1_0.8_3.txt,339,339,Solved,1
BPP_750_120_0.2_0.7_3.txt,347,347,Solved,1
BPP_750_120_0.2_0.8_3.txt,364,364,Solved,1
BPP_750_120_0.1_0.7_4.txt,293,293,Solved,1
BPP_750_120_0.1_0.8_4.txt,342,342,Solved,1
BPP_750_120_0.2_0.7_4.txt,349,349,Solved,1
BPP_750_120_0.2_0.8_4.txt,389,389,Solved,0
BPP_750_120_0.1_0.7_5.txt,302,302,Solved,1
BPP_750_120_0.1_0.8_5.txt,334,334,Solved,1
BPP_750_120_0.2_0.7_5.txt,344,344,Solved,1
BPP_750_120_0.2_0.8_5.txt,376,376,Solved,1
BPP_750_120_0.1_0.7_6.txt,302,302,Solved,1
BPP_750_120_0.1_0.8_6.txt,340,340,Solved,1
BPP_750_120_0.2_0.7_6.txt,339,339,Solved,1
BPP_750_120_0.2_0.8_6.txt,391,391,Solved,0
BPP_750_120_0.1_0.7_7.txt,291,291,Solved,1
BPP_750_120_0.1_0.8_7.txt,338,338,Solved,1
BPP_750_120_0.2_0.7_7.txt,336,336,Solved,1
BPP_750_120_0.2_0.8_7.txt,380,380,Solved,1
BPP_750_120_0.1_0.7_8.txt,307,307,Solved,1
BPP_750_120_0.1_0.8_8.txt,351,351,Solved,0
BPP_750_120_0.2_0.7_8.txt,329,329,Solved,1
BPP_750_120_0.2_0.8_8.txt,367,367,Solved,1
BPP_750_120_0.1_0.7_9.txt,299,299,Solved,1
BPP_750_120_0.1_0.8_9.txt,337,337,Solved,1
BPP_750_120_0.2_0.7_9.txt,343,343,Solved,1
BPP_750_120_0.2_0.8_9.txt,404,404,Solved,0
BPP_750_125_0.1_0.7_0.txt,300,300,Solved,1
BPP_750_125_0.1_0.8_0.txt,328,328,Solved,1
BPP_750_125_0.2_0.7_0.txt,340,340,Solved,1
BPP_750_125_0.2_0.8_0.txt,382,382,Solved,1
BPP_750_125_0.1_0.7_1.txt,297,297,Solved,1
BPP_750_125_0.1_0.8_1.txt,338,338,Solved,1
BPP_750_125_0.2_0.7_1.txt,348,348,Solved,1
BPP_750_125_0.2_0.8_1.txt,383,383,Solved,1
BPP_750_125_0.1_0.7_2.txt,301,301,Solved,1
BPP_750_125_0.1_0.8_2.txt,342,342,Solved,1
BPP_750_125_0.2_0.7_2.txt,338,338,Solved,1
BPP_750_125_0.2_0.8_2.txt,384,384,Solved,1
BPP_750_125_0.1_0.7_3.txt,295,295,Solved,1
BPP_750_125_0.1_0.8_3.txt,341,341,Solved,1
BPP_750_125_0.2_0.7_3.txt,336,336,Solved,1
BPP_750_125_0.2_0.8_3.txt,396,396,Solved,1
BPP_750_125_0.1_0.7_4.txt,304,304,Solved,1
BPP_750_125_0.1_0.8_4.txt,343,343,Solved,1
BPP_750_125_0.2_0.7_4.txt,336,336,Solved,1
BPP_750_125_0.2_0.8_4.txt,371,371,Solved,1
BPP_750_125_0.1_0.7_5.txt,302,302,Solved,1
BPP_750_125_0.1_0.8_5.txt,342,342,Solved,1
BPP_750_125_0.2_0.7_5.txt,337,337,Solved,1
BPP_750_125_0.2_0.8_5.txt,373,373,Solved,1
BPP_750_125_0.1_0.7_6.txt,291,291,Solved,1
BPP_750_125_0.1_0.8_6.txt,323,323,Solved,1
BPP_750_125_0.2_0.7_6.txt,331,331,Solved,1
BPP_750_125_0.2_0.8_6.txt,386,386,Solved,1
BPP_750_125_0.1_0.7_7.txt,298,298,Solved,1
BPP_750_125_0.1_0.8_7.txt,338,338,Solved,1
BPP_750_125_0.2_0.7_7.txt,340,340,Solved,1
BPP_750_125_0.2_0.8_7.txt,385,385,Solved,1
BPP_750_125_0.1_0.7_8.txt,294,294,Solved,1
BPP_750_125_0.1_0.8_8.txt,337,337,Solved,1
BPP_750_125_0.2_0.7_8.txt,341,341,Solved,1
BPP_750_125_0.2_0.8_8.txt,378,378,Solved,0
BPP_750_125_0.1_0.7_9.txt,303,303,Solved,1
BPP_750_125_0.1_0.8_9.txt,340,340,Solved,1
BPP_750_125_0.2_0.7_9.txt,343,343,Solved,1
BPP_750_125_0.2_0.8_9.txt,375,375,Solved,1
BPP_750_150_0.1_0.7_0.txt,302,302,Solved,1
BPP_750_150_0.1_0.8_0.txt,347,347,Solved,1
BPP_750_150_0.2_0.7_0.txt,339,339,Solved,1
BPP_750_150_0.2_0.8_0.txt,382,382,Solved,1
BPP_750_150_0.1_0.7_1.txt,296,296,Solved,1
BPP_750_150_0.1_0.8_1.txt,343,343,Solved,0
BPP_750_150_0.2_0.7_1.txt,334,334,Solved,1
BPP_750_150_0.2_0.8_1.txt,394,394,Solved,1
BPP_750_150_0.1_0.7_2.txt,297,297,Solved,1
BPP_750_150_0.1_0.8_2.txt,336,336,Solved,1
BPP_750_150_0.2_0.7_2.txt,353,353,Solved,1
BPP_750_150_0.2_0.8_2.txt,379,379,Solved,1
BPP_750_150_0.1_0.7_3.txt,295,295,Solved,1
BPP_750_150_0.1_0.8_3.txt,335,335,Solved,1
BPP_750_150_0.2_0.7_3.txt,349,349,Solved,1
BPP_750_150_0.2_0.8_3.txt,376,376,Solved,1
BPP_750_150_0.1_0.7_4.txt,294,294,Solved,1
BPP_750_150_0.1_0.8_4.txt,342,342,Solved,1
BPP_750_150_0.2_0.7_4.txt,340,340,Solved,1
BPP_750_150_0.2_0.8_4.txt,384,384,Solved,0
BPP_750_150_0.1_0.7_5.txt,298,298,Solved,1
BPP_750_150_0.1_0.8_5.txt,339,339,Solved,1
BPP_750_150_0.2_0.7_5.txt,338,338,Solved,1
BPP_750_150_0.2_0.8_5.txt,374,374,Solved,1
BPP_750_150_0.1_0.7_6.txt,297,297,Solved,1
BPP_750_150_0.1_0.8_6.txt,350,350,Solved,1
BPP_750_150_0.2_0.7_6.txt,333,333,Solved,1
BPP_750_150_0.2_0.8_6.txt,375,375,Solved,1
BPP_750_150_0.1_0.7_7.txt,310,310,Solved,1
BPP_750_150_0.1_0.8_7.txt,339,339,Solved,1
BPP_750_150_0.2_0.7_7.txt,344,344,Solved,1
BPP_750_150_0.2_0.8_7.txt,375,375,Solved,1
BPP_750_150_0.1_0.7_8.txt,298,298,Solved,1
BPP_750_150_0.1_0.8_8.txt,341,341,Solved,1
BPP_750_150_0.2_0.7_8.txt,330,330,Solved,1
BPP_750_150_0.2_0.8_8.txt,371,371,Solved,1
BPP_750_150_0.1_0.7_9.txt,298,298,Solved,1
BPP_750_150_0.1_0.8_9.txt,334,334,Solved,1
BPP_750_150_0.2_0.7_9.txt,334,334,Solved,1
BPP_750_150_0.2_0.8_9.txt,388,388,Solved,1
BPP_750_200_0.1_0.7_0.txt,300,300,Solved,1
BPP_750_200_0.1_0.8_0.txt,333,333,Solved,1
BPP_750_200_0.2_0.7_0.txt,341,341,Solved,1
BPP_750_200_0.2_0.8_0.txt,375,375,Solved,1
BPP_750_200_0.1_0.7_1.txt,299,299,Solved,1
BPP_750_200_0.1_0.8_1.txt,331,331,Solved,1
BPP_750_200_0.2_0.7_1.txt,343,343,Solved,1
BPP_750_200_0.2_0.8_1.txt,392,392,Solved,0
BPP_750_200_0.1_0.7_2.txt,300,300,Solved,1
BPP_750_200_0.1_0.8_2.txt,332,332,Solved,1
BPP_750_200_0.2_0.7_2.txt,340,340,Solved,1
BPP_750_200_0.2_0.8_2.txt,388,388,Solved,1
BPP_750_200_0.1_0.7_3.txt,297,297,Solved,1
BPP_750_200_0.1_0.8_3.txt,328,328,Solved,1
BPP_750_200_0.2_0.7_3.txt,342,342,Solved,1
BPP_750_200_0.2_0.8_3.txt,388,388,Solved,0
BPP_750_200_0.1_0.7_4.txt,295,295,Solved,1
BPP_750_200_0.1_0.8_4.txt,340,340,Solved,1
BPP_750_200_0.2_0.7_4.txt,340,340,Solved,1
BPP_750_200_0.2_0.8_4.txt,394,394,Solved,1
BPP_750_200_0.1_0.7_5.txt,305,305,Solved,1
BPP_750_200_0.1_0.8_5.txt,343,343,Solved,1
BPP_750_200_0.2_0.7_5.txt,338,338,Solved,1
BPP_750_200_0.2_0.8_5.txt,393,393,Solved,1
BPP_750_200_0.1_0.7_6.txt,298,298,Solved,1
BPP_750_200_0.1_0.8_6.txt,338,338,Solved,1
BPP_750_200_0.2_0.7_6.txt,348,348,Solved,1
BPP_750_200_0.2_0.8_6.txt,380,380,Solved,0
BPP_750_200_0.1_0.7_7.txt,298,298,Solved,1
BPP_750_200_0.1_0.8_7.txt,337,337,Solved,1
BPP_750_200_0.2_0.7_7.txt,343,343,Solved,1
BPP_750_200_0.2_0.8_7.txt,363,363,Solved,1
BPP_750_200_0.1_0.7_8.txt,300,300,Solved,1
BPP_750_200_0.1_0.8_8.txt,337,337,Solved,1
BPP_750_200_0.2_0.7_8.txt,337,337,Solved,1
BPP_750_200_0.2_0.8_8.txt,395,395,Solved,1
BPP_750_200_0.1_0.7_9.txt,303,303,Solved,1
BPP_750_200_0.1_0.8_9.txt,339,339,Solved,1
BPP_750_200_0.2_0.7_9.txt,346,346,Solved,1
BPP_750_200_0.2_0.8_9.txt,378,378,Solved,1
BPP_750_300_0.1_0.7_0.txt,300,300,Solved,1
BPP_750_300_0.1_0.8_0.txt,338,338,Solved,1
BPP_750_300_0.2_0.7_0.txt,336,336,Solved,1
BPP_750_300_0.2_0.8_0.txt,374,374,Solved,0
BPP_750_300_0.1_0.7_1.txt,305,305,Solved,1
BPP_750_300_0.1_0.8_1.txt,332,332,Solved,1
BPP_750_300_0.2_0.7_1.txt,343,343,Solved,1
BPP_750_300_0.2_0.8_1.txt,370,370,Solved,1
BPP_750_300_0.1_0.7_2.txt,306,306,Solved,1
BPP_750_300_0.1_0.8_2.txt,343,343,Solved,1
BPP_750_300_0.2_0.7_2.txt,344,344,Solved,1
BPP_750_300_0.2_0.8_2.txt,377,377,Solved,0
BPP_750_300_0.1_0.7_3.txt,305,305,Solved,1
BPP_750_300_0.1_0.8_3.txt,332,332,Solved,1
BPP_750_300_0.2_0.7_3.txt,332,332,Solved,1
BPP_750_300_0.2_0.8_3.txt,384,384,Solved,1
BPP_750_300_0.1_0.7_4.txt,297,297,Solved,1
BPP_750_300_0.1_0.8_4.txt,338,338,Solved,1
BPP_750_300_0.2_0.7_4.txt,342,342,Solved,1
BPP_750_300_0.2_0.8_4.txt,368,368,Solved,1
BPP_750_300_0.1_0.7_5.txt,301,301,Solved,1
BPP_750_300_0.1_0.8_5.txt,337,337,Solved,1
BPP_750_300_0.2_0.7_5.txt,335,335,Solved,1
BPP_750_300_0.2_0.8_5.txt,386,386,Solved,1
BPP_750_300_0.1_0.7_6.txt,300,300,Solved,1
BPP_750_300_0.1_0.8_6.txt,339,339,Solved,1
BPP_750_300_0.2_0.7_6.txt,339,339,Solved,1
BPP_750_300_0.2_0.8_6.txt,380,380,Solved,0
BPP_750_300_0.1_0.7_7.txt,297,297,Solved,1
BPP_750_300_0.1_0.8_7.txt,333,333,Solved,1
BPP_750_300_0.2_0.7_7.txt,344,344,Solved,1
BPP_750_300_0.2_0.8_7.txt,382,382,Solved,0
BPP_750_300_0.1_0.7_8.txt,301,301,Solved,1
BPP_750_300_0.1_0.8_8.txt,337,337,Solved,1
BPP_750_300_0.2_0.7_8.txt,338,338,Solved,1
BPP_750_300_0.2_0.8_8.txt,389,389,Solved,0
BPP_750_300_0.1_0.7_9.txt,301,301,Solved,1
BPP_750_300_0.1_0.8_9.txt,331,331,Solved,1
BPP_750_300_0.2_0.7_9.txt,342,342,Solved,1
BPP_750_300_0.2_0.8_9.txt,379,379,Solved,0
BPP_750_400_0.1_0.7_0.txt,302,302,Solved,1
BPP_750_400_0.1_0.8_0.txt,349,349,Solved,1
BPP_750_400_0.2_0.7_0.txt,346,346,Solved,1
BPP_750_400_0.2_0.8_0.txt,384,384,Solved,1
BPP_750_400_0.1_0.7_1.txt,299,299,Solved,1
BPP_750_400_0.1_0.8_1.txt,341,341,Solved,1
BPP_750_400_0.2_0.7_1.txt,330,330,Solved,1
BPP_750_400_0.2_0.8_1.txt,376,376,Solved,1
BPP_750_400_0.1_0.7_2.txt,298,298,Solved,1
BPP_750_400_0.1_0.8_2.txt,339,339,Solved,1
BPP_750_400_0.2_0.7_2.txt,334,334,Solved,1
BPP_750_400_0.2_0.8_2.txt,379,379,Solved,1
BPP_750_400_0.1_0.7_3.txt,301,301,Solved,1
BPP_750_400_0.1_0.8_3.txt,345,345,Solved,1
BPP_750_400_0.2_0.7_3.txt,346,346,Solved,1
BPP_750_400_0.2_0.8_3.txt,400,400,Solved,0
BPP_750_400_0.1_0.7_4.txt,297,297,Solved,1
BPP_750_400_0.1_0.8_4.txt,332,332,Solved,1
BPP_750_400_0.2_0.7_4.txt,337,337,Solved,1
BPP_750_400_0.2_0.8_4.txt,382,382,Solved,1
BPP_750_400_0.1_0.7_5.txt,301,301,Solved,1
BPP_750_400_0.1_0.8_5.txt,337,337,Solved,1
BPP_750_400_0.2_0.7_5.txt,341,341,Solved,1
BPP_750_400_0.2_0.8_5.txt,383,383,Solved,1
BPP_750_400_0.1_0.7_6.txt,301,301,Solved,1
BPP_750_400_0.1_0.8_6.txt,336,336,Solved,1
BPP_750_400_0.2_0.7_6.txt,342,342,Solved,1
BPP_750_400_0.2_0.8_6.txt,378,378,Solved,1
BPP_750_400_0.1_0.7_7.txt,295,295,Solved,1
BPP_750_400_0.1_0.8_7.txt,347,347,Solved,1
BPP_750_400_0.2_0.7_7.txt,336,336,Solved,1
BPP_750_400_0.2_0.8_7.txt,387,387,Solved,0
BPP_750_400_0.1_0.7_8.txt,301,301,Solved,1
BPP_750_400_0.1_0.8_8.txt,340,340,Solved,1
BPP_750_400_0.2_0.7_8.txt,337,337,Solved,1
BPP_750_400_0.2_0.8_8.txt,381,381,Solved,1
BPP_750_400_0.1_0.7_9.txt,305,305,Solved,1
BPP_750_400_0.1_0.8_9.txt,358,358,Solved,0
BPP_750_400_0.2_0.7_9.txt,343,343,Solved,1
BPP_750_400_0.2_0.8_9.txt,370,370,Solved,1
BPP_750_500_0.1_0.7_0.txt,295,295,Solved,1
BPP_750_500_0.1_0.8_0.txt,335,335,Solved,1
BPP_750_500_0.2_0.7_0.txt,342,342,Solved,1
BPP_750_500_0.2_0.8_0.txt,397,397,Solved,0
BPP_750_500_0.1_0.7_1.txt,292,292,Solved,1
BPP_750_500_0.1_0.8_1.txt,330,330,Solved,1
BPP_750_500_0.2_0.7_1.txt,341,341,Solved,1
BPP_750_500_0.2_0.8_1.txt,378,378,Solved,1
BPP_750_500_0.1_0.7_2.txt,308,308,Solved,1
BPP_750_500_0.1_0.8_2.txt,337,337,Solved,1
BPP_750_500_0.2_0.7_2.txt,340,340,Solved,1
BPP_750_500_0.2_0.8_2.txt,383,383,Solved,0
BPP_750_500_0.1_0.7_3.txt,307,307,Solved,1
BPP_750_500_0.1_0.8_3.txt,333,333,Solved,1
BPP_750_500_0.2_0.7_3.txt,341,341,Solved,1
BPP_750_500_0.2_0.8_3.txt,378,378,Solved,1
BPP_750_500_0.1_0.7_4.txt,300,300,Solved,1
BPP_750_500_0.1_0.8_4.txt,330,330,Solved,1
BPP_750_500_0.2_0.7_4.txt,341,341,Solved,1
BPP_750_500_0.2_0.8_4.txt,384,384,Solved,1
BPP_750_500_0.1_0.7_5.txt,298,298,Solved,1
BPP_750_500_0.1_0.8_5.txt,332,332,Solved,1
BPP_750_500_0.2_0.7_5.txt,342,342,Solved,1
BPP_750_500_0.2_0.8_5.txt,378,378,Solved,1
BPP_750_500_0.1_0.7_6.txt,304,304,Solved,1
BPP_750_500_0.1_0.8_6.txt,345,345,Solved,1
BPP_750_500_0.2_0.7_6.txt,339,339,Solved,1
BPP_750_500_0.2_0.8_6.txt,381,381,Solved,1
BPP_750_500_0.1_0.7_7.txt,299,299,Solved,1
BPP_750_500_0.1_0.8_7.txt,336,336,Solved,1
BPP_750_500_0.2_0.7_7.txt,338,338,Solved,1
BPP_750_500_0.2_0.8_7.txt,386,386,Solved,1
BPP_750_500_0.1_0.7_8.txt,311,311,Solved,1
BPP_750_500_0.1_0.8_8.txt,336,336,Solved,1
BPP_750_500_0.2_0.7_8.txt,340,340,Solved,1
BPP_750_500_0.2_0.8_8.txt,385,385,Solved,0
BPP_750_500_0.1_0.7_9.txt,292,292,Solved,1
BPP_750_500_0.1_0.8_9.txt,355,355,Solved,0
BPP_750_500_0.2_0.7_9.txt,333,333,Solved,1
BPP_750_500_0.2_0.8_9.txt,373,373,Solved,1
BPP_750_750_0.1_0.7_0.txt,297,297,Solved,1
BPP_750_750_0.1_0.8_0.txt,347,347,Solved,1
BPP_750_750_0.2_0.7_0.txt,342,342,Solved,1
BPP_750_750_0.2_0.8_0.txt,399,399,Solved,0
BPP_750_750_0.1_0.7_1.txt,306,306,Solved,1
BPP_750_750_0.1_0.8_1.txt,337,337,Solved,1
BPP_750_750_0.2_0.7_1.txt,343,343,Solved,1
BPP_750_750_0.2_0.8_1.txt,398,398,Solved,0
BPP_750_750_0.1_0.7_2.txt,297,297,Solved,1
BPP_750_750_0.1_0.8_2.txt,348,348,Solved,1
BPP_750_750_0.2_0.7_2.txt,338,338,Solved,1
BPP_750_750_0.2_0.8_2.txt,395,395,Solved,1
BPP_750_750_0.1_0.7_3.txt,296,296,Solved,1
BPP_750_750_0.1_0.8_3.txt,328,328,Solved,1
BPP_750_750_0.2_0.7_3.txt,340,340,Solved,1
BPP_750_750_0.2_0.8_3.txt,381,381,Solved,1
BPP_750_750_0.1_0.7_4.txt,301,301,Solved,1
BPP_750_750_0.1_0.8_4.txt,331,331,Solved,1
BPP_750_750_0.2_0.7_4.txt,332,332,Solved,1
BPP_750_750_0.2_0.8_4.txt,383,383,Solved,0
BPP_750_750_0.1_0.7_5.txt,290,290,Solved,1
BPP_750_750_0.1_0.8_5.txt,330,330,Solved,1
BPP_750_750_0.2_0.7_5.txt,341,341,Solved,1
BPP_750_750_0.2_0.8_5.txt,385,385,Solved,0
BPP_750_750_0.1_0.7_6.txt,301,301,Solved,1
BPP_750_750_0.1_0.8_6.txt,347,347,Solved,0
BPP_750_750_0.2_0.7_6.txt,336,336,Solved,1
BPP_750_750_0.2_0.8_6.txt,376,376,Solved,1
BPP_750_750_0.1_0.7_7.txt,297,297,Solved,1
BPP_750_750_0.1_0.8_7.txt,340,340,Solved,1
BPP_750_750_0.2_0.7_7.txt,337,337,Solved,1
BPP_750_750_0.2_0.8_7.txt,377,377,Solved,1
BPP_750_750_0.1_0.7_8.txt,307,307,Solved,1
BPP_750_750_0.1_0.8_8.txt,335,335,Solved,1
BPP_750_750_0.2_0.7_8.txt,337,337,Solved,1
BPP_750_750_0.2_0.8_8.txt,391,391,Solved,0
BPP_750_750_0.1_0.7_9.txt,311,311,Solved,1
BPP_750_750_0.1_0.8_9.txt,331,331,Solved,1
BPP_750_750_0.2_0.7_9.txt,342,342,Solved,1
BPP_750_750_0.2_0.8_9.txt,385,385,Solved,1
BPP_750_1000_0.1_0.7_0.txt,308,308,Solved,1
BPP_750_1000_0.1_0.8_0.txt,332,332,Solved,1
BPP_750_1000_0.2_0.7_0.txt,335,335,Solved,1
BPP_750_1000_0.2_0.8_0.txt,368,368,Solved,1
BPP_750_1000_0.1_0.7_1.txt,295,295,Solved,1
BPP_750_1000_0.1_0.8_1.txt,329,329,Solved,1
BPP_750_1000_0.2_0.7_1.txt,337,337,Solved,1
BPP_750_1000_0.2_0.8_1.txt,384,384,Solved,0
BPP_750_1000_0.1_0.7_2.txt,300,300,Solved,1
BPP_750_1000_0.1_0.8_2.txt,338,338,Solved,1
BPP_750_1000_0.2_0.7_2.txt,334,334,Solved,1
BPP_750_1000_0.2_0.8_2.txt,375,375,Solved,1
BPP_750_1000_0.1_0.7_3.txt,295,295,Solved,1
BPP_750_1000_0.1_0.8_3.txt,335,335,Solved,1
BPP_750_1000_0.2_0.7_3.txt,342,342,Solved,1
BPP_750_1000_0.2_0.8_3.txt,393,393,Solved,1
BPP_750_1000_0.1_0.7_4.txt,309,309,Solved,1
BPP_750_1000_0.1_0.8_4.txt,335,335,Solved,1
BPP_750_1000_0.2_0.7_4.txt,338,338,Solved,1
BPP_750_1000_0.2_0.8_4.txt,400,400,Solved,0
BPP_750_1000_0.1_0.7_5.txt,299,299,Solved,1
BPP_750_1000_0.1_0.8_5.txt,339,339,Solved,1
BPP_750_1000_0.2_0.7_5.txt,342,342,Solved,1
BPP_750_1000_0.2_0.8_5.txt,388,388,Solved,0
BPP_750_1000_0.1_0.7_6.txt,296,296,Solved,1
BPP_750_1000_0.1_0.8_6.txt,342,342,Solved,1
BPP_750_1000_0.2_0.7_6.txt,336,336,Solved,1
BPP_750_1000_0.2_0.8_6.txt,390,390,Solved,0
BPP_750_1000_0.1_0.7_7.txt,302,302,Solved,1
BPP_750_1000_0.1_0.8_7.txt,336,336,Solved,1
BPP_750_1000_0.2_0.7_7.txt,337,337,Solved,1
BPP_750_1000_0.2_0.8_7.txt,381,381,Solved,1
BPP_750_1000_0.1_0.7_8.txt,300,300,Solved,1
BPP_750_1000_0.1_0.8_8.txt,338,338,Solved,1
BPP_750_1000_0.2_0.7_8.txt,342,342,Solved,1
BPP_750_1000_0.2_0.8_8.txt,410,410,Solved,0
BPP_750_1000_0.1_0.7_9.txt,304,304,Solved,1
BPP_750_1000_0.1_0.8_9.txt,345,345,Solved,1
BPP_750_1000_0.2_0.7_9.txt,332,332,Solved,1
BPP_750_1000_0.2_0.8_9.txt,394,394,Solved,1
BPP_1000_50_0.1_0.7_0.txt,400,400,Solved,1
BPP_1000_50_0.1_0.8_0.txt,452,452,Solved,1
BPP_1000_50_0.2_0.7_0.txt,455,455,Solved,1
BPP_1000_50_0.2_0.8_0.txt,521,521,Solved,0
BPP_1000_50_0.1_0.7_1.txt,391,391,Solved,1
BPP_1000_50_0.1_0.8_1.txt,452,452,Solved,1
BPP_1000_50_0.2_0.7_1.txt,446,446,Solved,1
BPP_1000_50_0.2_0.8_1.txt,497,497,Solved,1
BPP_1000_50_0.1_0.7_2.txt,400,400,Solved,1
BPP_1000_50_0.1_0.8_2.txt,450,450,Solved,1
BPP_1000_50_0.2_0.7_2.txt,455,455,Solved,1
BPP_1000_50_0.2_0.8_2.txt,505,505,Solved,1
BPP_1000_50_0.1_0.7_3.txt,388,388,Solved,1
BPP_1000_50_0.1_0.8_3.txt,458,458,Solved,1
BPP_1000_50_0.2_0.7_3.txt,446,446,Solved,1
BPP_1000_50_0.2_0.8_3.txt,509,509,Solved,0
BPP_1000_50_0.1_0.7_4.txt,395,395,Solved,1
BPP_1000_50_0.1_0.8_4.txt,449,449,Solved,1
BPP_1000_50_0.2_0.7_4.txt,443,443,Solved,1
BPP_1000_50_0.2_0.8_4.txt,500,500,Solved,0
BPP_1000_50_0.1_0.7_5.txt,404,404,Solved,1
BPP_1000_50_0.1_0.8_5.txt,448,448,Solved,1
BPP_1000_50_0.2_0.7_5.txt,446,446,Solved,1
BPP_1000_50_0.2_0.8_5.txt,493,493,Solved,1
BPP_1000_50_0.1_0.7_6.txt,411,411,Solved,1
BPP_1000_50_0.1_0.8_6.txt,454,454,Solved,1
BPP_1000_50_0.2_0.7_6.txt,451,451,Solved,1
BPP_1000_50_0.2_0.8_6.txt,501,501,Solved,1
BPP_1000_50_0.1_0.7_7.txt,399,399,Solved,1
BPP_1000_50_0.1_0.8_7.txt,451,451,Solved,1
BPP_1000_50_0.2_0.7_7.txt,453,453,Solved,1
BPP_1000_50_0.2_0.8_7.txt,500,500,Solved,1
BPP_1000_50_0.1_0.7_8.txt,395,395,Solved,1
BPP_1000_50_0.1_0.8_8.txt,444,444,Solved,1
BPP_1000_50_0.2_0.7_8.txt,456,456,Solved,1
BPP_1000_50_0.2_0.8_8.txt,506,506,Solved,0
BPP_1000_50_0.1_0.7_9.txt,404,404,Solved,1
BPP_1000_50_0.1_0.8_9.txt,448,448,Solved,1
BPP_1000_50_0.2_0.7_9.txt,448,448,Solved,1
BPP_1000_50_0.2_0.8_9.txt,518,518,Solved,1
BPP_1000_75_0.1_0.7_0.txt,397,397,Solved,1
BPP_1000_75_0.1_0.8_0.txt,435,435,Solved,1
BPP_1000_75_0.2_0.7_0.txt,458,458,Solved,1
BPP_1000_75_0.2_0.8_0.txt,524,524,Solved,1
BPP_1000_75_0.1_0.7_1.txt,396,396,Solved,1
BPP_1000_75_0.1_0.8_1.txt,449,449,Solved,1
BPP_1000_75_0.2_0.7_1.txt,441,441,Solved,1
BPP_1000_75_0.2_0.8_1.txt,518,518,Solved,1
BPP_1000_75_0.1_0.7_2.txt,409,409,Solved,1
BPP_1000_75_0.1_0.8_2.txt,453,453,Solved,1
BPP_1000_75_0.2_0.7_2.txt,451,451,Solved,1
BPP_1000_75_0.2_0.8_2.txt,512,512,Solved,1
BPP_1000_75_0.1_0.7_3.txt,393,393,Solved,1
BPP_1000_75_0.1_0.8_3.txt,457,457,Solved,1
BPP_1000_75_0.2_0.7_3.txt,450,450,Solved,1
BPP_1000_75_0.2_0.8_3.txt,526,526,Solved,1
BPP_1000_75_0.1_0.7_4.txt,396,396,Solved,1
BPP_1000_75_0.1_0.8_4.txt,445,445,Solved,1
BPP_1000_75_0.2_0.7_4.txt,445,445,Solved,1
BPP_1000_75_0.2_0.8_4.txt,508,508,Solved,0
BPP_1000_75_0.1_0.7_5.txt,389,389,Solved,1
BPP_1000_75_0.1_0.8_5.txt,453,453,Solved,1
BPP_1000_75_0.2_0.7_5.txt,446,446,Solved,1
BPP_1000_75_0.2_0.8_5.txt,503,503,Solved,1
BPP_1000_75_0.1_0.7_6.txt,389,389,Solved,1
BPP_1000_75_0.1_0.8_6.txt,453,453,Solved,1
BPP_1000_75_0.2_0.7_6.txt,453,453,Solved,1
BPP_1000_75_0.2_0.8_6.txt,487,487,Solved,1
BPP_1000_75_0.1_0.7_7.txt,396,396,Solved,1
BPP_1000_75_0.1_0.8_7.txt,456,456,Solved,1
BPP_1000_75_0.2_0.7_7.txt,453,453,Solved,1
BPP_1000_75_0.2_0.8_7.txt,505,505,Solved,1
BPP_1000_75_0.1_0.7_8.txt,396,396,Solved,1
BPP_1000_75_0.1_0.8_8.txt,452,452,Solved,1
BPP_1000_75_0.2_0.7_8.txt,447,447,Solved,1
BPP_1000_75_0.2_0.8_8.txt,508,508,Solved,1
BPP_1000_75_0.1_0.7_9.txt,387,387,Solved,1
BPP_1000_75_0.1_0.8_9.txt,444,444,Solved,1
BPP_1000_75_0.2_0.7_9.txt,439,439,Solved,1
BPP_1000_75_0.2_0.8_9.txt,512,512,Solved,0
BPP_1000_100_0.1_0.7_0.txt,400,400,Solved,1
BPP_1000_100_0.1_0.8_0.txt,452,452,Solved,1
BPP_1000_100_0.2_0.7_0.txt,447,447,Solved,1
BPP_1000_100_0.2_0.8_0.txt,516,516,Solved,0
BPP_1000_100_0.1_0.7_1.txt,394,394,Solved,1
BPP_1000_100_0.1_0.8_1.txt,449,449,Solved,1
BPP_1000_100_0.2_0.7_1.txt,447,447,Solved,1
BPP_1000_100_0.2_0.8_1.txt,493,493,Solved,1
BPP_1000_100_0.1_0.7_2.txt,398,398,Solved,1
BPP_1000_100_0.1_0.8_2.txt,451,451,Solved,1
BPP_1000_100_0.2_0.7_2.txt,452,452,Solved,1
BPP_1000_100_0.2_0.8_2.txt,507,507,Solved,0
BPP_1000_100_0.1_0.7_3.txt,398,398,Solved,1
BPP_1000_100_0.1_0.8_3.txt,454,454,Solved,1
BPP_1000_100_0.2_0.7_3.txt,453,453,Solved,1
BPP_1000_100_0.2_0.8_3.txt,509,509,Solved,1
BPP_1000_100_0.1_0.7_4.txt,401,401,Solved,1
BPP_1000_100_0.1_0.8_4.txt,456,456,Solved,1
BPP_1000_100_0.2_0.7_4.txt,453,453,Solved,1
BPP_1000_100_0.2_0.8_4.txt,527,527,Solved,1
BPP_1000_100_0.1_0.7_5.txt,409,409,Solved,1
BPP_1000_100_0.1_0.8_5.txt,449,449,Solved,1
BPP_1000_100_0.2_0.7_5.txt,456,456,Solved,1
BPP_1000_100_0.2_0.8_5.txt,502,502,Solved,1
BPP_1000_100_0.1_0.7_6.txt,398,398,Solved,1
BPP_1000_100_0.1_0.8_6.txt,452,452,Solved,1
BPP_1000_100_0.2_0.7_6.txt,455,455,Solved,1
BPP_1000_100_0.2_0.8_6.txt,495,495,Solved,1
BPP_1000_100_0.1_0.7_7.txt,400,400,Solved,1
BPP_1000_100_0.1_0.8_7.txt,453,453,Solved,1
BPP_1000_100_0.2_0.7_7.txt,452,452,Solved,1
BPP_1000_100_0.2_0.8_7.txt,493,493,Solved,1
BPP_1000_100_0.1_0.7_8.txt,395,395,Solved,1
BPP_1000_100_0.1_0.8_8.txt,454,454,Solved,1
BPP_1000_100_0.2_0.7_8.txt,452,452,Solved,1
BPP_1000_100_0.2_0.8_8.txt,518,518,Solved,0
BPP_1000_100_0.1_0.7_9.txt,409,409,Solved,1
BPP_1000_100_0.1_0.8_9.txt,453,453,Solved,1
BPP_1000_100_0.2_0.7_9.txt,451,451,Solved,1
BPP_1000_100_0.2_0.8_9.txt,508,508,Solved,1
BPP_1000_120_0.1_0.7_0.txt,399,399,Solved,1
BPP_1000_120_0.1_0.8_0.txt,445,445,Solved,1
BPP_1000_120_0.2_0.7_0.txt,451,451,Solved,1
BPP_1000_120_0.2_0.8_0.txt,512,512,Solved,1
BPP_1000_120_0.1_0.7_1.txt,404,404,Solved,1
BPP_1000_120_0.1_0.8_1.txt,450,450,Solved,1
BPP_1000_120_0.2_0.7_1.txt,456,456,Solved,1
BPP_1000_120_0.2_0.8_1.txt,499,499,Solved,1
BPP_1000_120_0.1_0.7_2.txt,395,395,Solved,1
BPP_1000_120_0.1_0.8_2.txt,448,448,Solved,1
BPP_1000_120_0.2_0.7_2.txt,451,451,Solved,1
BPP_1000_120_0.2_0.8_2.txt,506,506,Solved,0
BPP_1000_120_0.1_0.7_3.txt,395,395,Solved,1
BPP_1000_120_0.1_0.8_3.txt,479,479,Solved,0
BPP_1000_120_0.2_0.7_3.txt,451,451,Solved,1
BPP_1000_120_0.2_0.8_3.txt,511,511,Solved,0
BPP_1000_120_0.1_0.7_4.txt,401,401,Solved,1
BPP_1000_120_0.1_0.8_4.txt,446,446,Solved,1
BPP_1000_120_0.2_0.7_4.txt,452,452,Solved,1
BPP_1000_120_0.2_0.8_4.txt,502,502,Solved,1
BPP_1000_120_0.1_0.7_5.txt,400,400,Solved,1
BPP_1000_120_0.1_0.8_5.txt,443,443,Solved,1
BPP_1000_120_0.2_0.7_5.txt,453,453,Solved,1
BPP_1000_120_0.2_0.8_5.txt,493,493,Solved,1
BPP_1000_120_0.1_0.7_6.txt,408,408,Solved,1
BPP_1000_120_0.1_0.8_6.txt,446,446,Solved,1
BPP_1000_120_0.2_0.7_6.txt,450,450,Solved,1
BPP_1000_120_0.2_0.8_6.txt,511,511,Solved,0
BPP_1000_120_0.1_0.7_7.txt,391,391,Solved,1
BPP_1000_120_0.1_0.8_7.txt,465,465,Solved,1
BPP_1000_120_0.2_0.7_7.txt,467,467,Solved,1
BPP_1000_120_0.2_0.8_7.txt,494,494,Solved,1
BPP_1000_120_0.1_0.7_8.txt,394,394,Solved,1
BPP_1000_120_0.1_0.8_8.txt,452,452,Solved,1
BPP_1000_120_0.2_0.7_8.txt,450,450,Solved,1
BPP_1000_120_0.2_0.8_8.txt,512,512,Solved,1
BPP_1000_120_0.1_0.7_9.txt,408,408,Solved,1
BPP_1000_120_0.1_0.8_9.txt,450,450,Solved,1
BPP_1000_120_0.2_0.7_9.txt,446,446,Solved,1
BPP_1000_120_0.2_0.8_9.txt,521,521,Solved,1
BPP_1000_125_0.1_0.7_0.txt,397,397,Solved,1
BPP_1000_125_0.1_0.8_0.txt,442,442,Solved,1
BPP_1000_125_0.2_0.7_0.txt,450,450,Solved,1
BPP_1000_125_0.2_0.8_0.txt,513,513,Solved,0
BPP_1000_125_0.1_0.7_1.txt,397,397,Solved,1
BPP_1000_125_0.1_0.8_1.txt,441,441,Solved,1
BPP_1000_125_0.2_0.7_1.txt,445,445,Solved,1
BPP_1000_125_0.2_0.8_1.txt,506,506,Solved,1
BPP_1000_125_0.1_0.7_2.txt,382,382,Solved,1
BPP_1000_125_0.1_0.8_2.txt,466,466,Solved,1
BPP_1000_125_0.2_0.7_2.txt,450,450,Solved,1
BPP_1000_125_0.2_0.8_2.txt,518,518,Solved,1
BPP_1000_125_0.1_0.7_3.txt,403,403,Solved,1
BPP_1000_125_0.1_0.8_3.txt,442,442,Solved,1
BPP_1000_125_0.2_0.7_3.txt,455,455,Solved,1
BPP_1000_125_0.2_0.8_3.txt,527,527,Solved,0
BPP_1000_125_0.1_0.7_4.txt,398,398,Solved,1
BPP_1000_125_0.1_0.8_4.txt,447,447,Solved,1
BPP_1000_125_0.2_0.7_4.txt,440,440,Solved,1
BPP_1000_125_0.2_0.8_4.txt,497,497,Solved,1
BPP_1000_125_0.1_0.7_5.txt,399,399,Solved,1
BPP_1000_125_0.1_0.8_5.txt,460,460,Solved,1
BPP_1000_125_0.2_0.7_5.txt,454,454,Solved,1
BPP_1000_125_0.2_0.8_5.txt,496,496,Solved,1
BPP_1000_125_0.1_0.7_6.txt,400,400,Solved,1
BPP_1000_125_0.1_0.8_6.txt,449,449,Solved,1
BPP_1000_125_0.2_0.7_6.txt,447,447,Solved,1
BPP_1000_125_0.2_0.8_6.txt,506,506,Solved,1
BPP_1000_125_0.1_0.7_7.txt,400,400,Solved,1
BPP_1000_125_0.1_0.8_7.txt,446,446,Solved,1
BPP_1000_125_0.2_0.7_7.txt,453,453,Solved,1
BPP_1000_125_0.2_0.8_7.txt,504,504,Solved,1
BPP_1000_125_0.1_0.7_8.txt,395,395,Solved,1
BPP_1000_125_0.1_0.8_8.txt,439,439,Solved,1
BPP_1000_125_0.2_0.7_8.txt,452,452,Solved,1
BPP_1000_125_0.2_0.8_8.txt,495,495,Solved,1
BPP_1000_125_0.1_0.7_9.txt,406,406,Solved,1
BPP_1000_125_0.1_0.8_9.txt,440,440,Solved,1
BPP_1000_125_0.2_0.7_9.txt,445,445,Solved,1
BPP_1000_125_0.2_0.8_9.txt,498,498,Solved,1
BPP_1000_150_0.1_0.7_0.txt,395,395,Solved,1
BPP_1000_150_0.1_0.8_0.txt,444,444,Solved,1
BPP_1000_150_0.2_0.7_0.txt,448,448,Solved,1
BPP_1000_150_0.2_0.8_0.txt,516,516,Solved,0
BPP_1000_150_0.1_0.7_1.txt,398,398,Solved,1
BPP_1000_150_0.1_0.8_1.txt,444,444,Solved,1
BPP_1000_150_0.2_0.7_1.txt,454,454,Solved,1
BPP_1000_150_0.2_0.8_1.txt,495,495,Solved,1
BPP_1000_150_0.1_0.7_2.txt,399,399,Solved,1
BPP_1000_150_0.1_0.8_2.txt,453,453,Solved,1
BPP_1000_150_0.2_0.7_2.txt,439,439,Solved,1
BPP_1000_150_0.2_0.8_2.txt,500,500,Solved,1
BPP_1000_150_0.1_0.7_3.txt,401,401,Solved,1
BPP_1000_150_0.1_0.8_3.txt,450,450,Solved,1
BPP_1000_150_0.2_0.7_3.txt,450,450,Solved,1
BPP_1000_150_0.2_0.8_3.txt,501,501,Solved,0
BPP_1000_150_0.1_0.7_4.txt,398,398,Solved,1
BPP_1000_150_0.1_0.8_4.txt,447,447,Solved,1
BPP_1000_150_0.2_0.7_4.txt,453,453,Solved,1
BPP_1000_150_0.2_0.8_4.txt,507,507,Solved,1
BPP_1000_150_0.1_0.7_5.txt,394,394,Solved,1
BPP_1000_150_0.1_0.8_5.txt,454,454,Solved,1
BPP_1000_150_0.2_0.7_5.txt,443,443,Solved,1
BPP_1000_150_0.2_0.8_5.txt,513,513,Solved,0
BPP_1000_150_0.1_0.7_6.txt,404,404,Solved,1
BPP_1000_150_0.1_0.8_6.txt,449,449,Solved,1
BPP_1000_150_0.2_0.7_6.txt,447,447,Solved,1
BPP_1000_150_0.2_0.8_6.txt,499,499,Solved,1
BPP_1000_150_0.1_0.7_7.txt,410,410,Solved,1
BPP_1000_150_0.1_0.8_7.txt,443,443,Solved,1
BPP_1000_150_0.2_0.7_7.txt,447,447,Solved,1
BPP_1000_150_0.2_0.8_7.txt,525,525,Solved,0
BPP_1000_150_0.1_0.7_8.txt,400,400,Solved,1
BPP_1000_150_0.1_0.8_8.txt,450,450,Solved,1
BPP_1000_150_0.2_0.7_8.txt,454,454,Solved,1
BPP_1000_150_0.2_0.8_8.txt,505,505,Solved,1
BPP_1000_150_0.1_0.7_9.txt,402,402,Solved,1
BPP_1000_150_0.1_0.8_9.txt,453,453,Solved,1
BPP_1000_150_0.2_0.7_9.txt,452,452,Solved,1
BPP_1000_150_0.2_0.8_9.txt,525,525,Solved,0
BPP_1000_200_0.1_0.7_0.txt,403,403,Solved,1
BPP_1000_200_0.1_0.8_0.txt,449,449,Solved,1
BPP_1000_200_0.2_0.7_0.txt,453,453,Solved,1
BPP_1000_200_0.2_0.8_0.txt,517,517,Solved,0
BPP_1000_200_0.1_0.7_1.txt,398,398,Solved,1
BPP_1000_200_0.1_0.8_1.txt,456,456,Solved,1
BPP_1000_200_0.2_0.7_1.txt,447,447,Solved,1
BPP_1000_200_0.2_0.8_1.txt,490,490,Solved,1
BPP_1000_200_0.1_0.7_2.txt,391,391,Solved,1
BPP_1000_200_0.1_0.8_2.txt,433,433,Solved,1
BPP_1000_200_0.2_0.7_2.txt,446,446,Solved,1
BPP_1000_200_0.2_0.8_2.txt,499,499,Solved,1
BPP_1000_200_0.1_0.7_3.txt,396,396,Solved,1
BPP_1000_200_0.1_0.8_3.txt,448,448,Solved,1
BPP_1000_200_0.2_0.7_3.txt,455,455,Solved,1
BPP_1000_200_0.2_0.8_3.txt,526,526,Solved,1
BPP_1000_200_0.1_0.7_4.txt,401,401,Solved,1
BPP_1000_200_0.1_0.8_4.txt,450,450,Solved,1
BPP_1000_200_0.2_0.7_4.txt,449,449,Solved,1
BPP_1000_200_0.2_0.8_4.txt,518,518,Solved,1
BPP_1000_200_0.1_0.7_5.txt,403,403,Solved,1
BPP_1000_200_0.1_0.8_5.txt,454,454,Solved,1
BPP_1000_200_0.2_0.7_5.txt,446,446,Solved,1
BPP_1000_200_0.2_0.8_5.txt,517,517,Solved,0
BPP_1000_200_0.1_0.7_6.txt,405,405,Solved,1
BPP_1000_200_0.1_0.8_6.txt,448,448,Solved,1
BPP_1000_200_0.2_0.7_6.txt,454,454,Solved,1
BPP_1000_200_0.2_0.8_6.txt,497,497,Solved,1
BPP_1000_200_0.1_0.7_7.txt,396,396,Solved,1
BPP_1000_200_0.1_0.8_7.txt,439,439,Solved,1
BPP_1000_200_0.2_0.7_7.txt,450,450,Solved,1
BPP_1000_200_0.2_0.8_7.txt,510,510,Solved,0
BPP_1000_200_0.1_0.7_8.txt,399,399,Solved,1
BPP_1000_200_0.1_0.8_8.txt,447,447,Solved,1
BPP_1000_200_0.2_0.7_8.txt,454,454,Solved,1
BPP_1000_200_0.2_0.8_8.txt,520,520,Solved,1
BPP_1000_200_0.1_0.7_9.txt,402,402,Solved,1
BPP_1000_200_0.1_0.8_9.txt,443,443,Solved,1
BPP_1000_200_0.2_0.7_9.txt,451,451,Solved,1
BPP_1000_200_0.2_0.8_9.txt,508,508,Solved,1
BPP_1000_300_0.1_0.7_0.txt,393,393,Solved,1
BPP_1000_300_0.1_0.8_0.txt,450,450,Solved,1
BPP_1000_300_0.2_0.7_0.txt,443,443,Solved,1
BPP_1000_300_0.2_0.8_0.txt,532,532,Solved,0
BPP_1000_300_0.1_0.7_1.txt,392,392,Solved,1
BPP_1000_300_0.1_0.8_1.txt,444,444,Solved,1
BPP_1000_300_0.2_0.7_1.txt,450,450,Solved,1
BPP_1000_300_0.2_0.8_1.txt,513,513,Solved,1
BPP_1000_300_0.1_0.7_2.txt,397,397,Solved,1
BPP_1000_300_0.1_0.8_2.txt,451,451,Solved,1
BPP_1000_300_0.2_0.7_2.txt,451,451,Solved,1
BPP_1000_300_0.2_0.8_2.txt,502,502,Solved,0
BPP_1000_300_0.1_0.7_3.txt,393,393,Solved,1
BPP_1000_300_0.1_0.8_3.txt,454,454,Solved,1
BPP_1000_300_0.2_0.7_3.txt,457,457,Solved,1
BPP_1000_300_0.2_0.8_3.txt,496,496,Solved,1
BPP_1000_300_0.1_0.7_4.txt,402,402,Solved,1
BPP_1000_300_0.1_0.8_4.txt,448,448,Solved,1
BPP_1000_300_0.2_0.7_4.txt,448,448,Solved,1
BPP_1000_300_0.2_0.8_4.txt,507,507,Solved,0
BPP_1000_300_0.1_0.7_5.txt,407,407,Solved,1
BPP_1000_300_0.1_0.8_5.txt,455,455,Solved,1
BPP_1000_300_0.2_0.7_5.txt,442,442,Solved,1
BPP_1000_300_0.2_0.8_5.txt,491,491,Solved,1
BPP_1000_300_0.1_0.7_6.txt,402,402,Solved,1
BPP_1000_300_0.1_0.8_6.txt,453,453,Solved,1
BPP_1000_300_0.2_0.7_6.txt,459,459,Solved,1
BPP_1000_300_0.2_0.8_6.txt,500,500,Solved,1
BPP_1000_300_0.1_0.7_7.txt,406,406,Solved,1
BPP_1000_300_0.1_0.8_7.txt,450,450,Solved,1
BPP_1000_300_0.2_0.7_7.txt,443,443,Solved,1
BPP_1000_300_0.2_0.8_7.txt,510,510,Solved,1
BPP_1000_300_0.1_0.7_8.txt,392,392,Solved,1
BPP_1000_300_0.1_0.8_8.txt,447,447,Solved,1
BPP_1000_300_0.2_0.7_8.txt,456,456,Solved,1
BPP_1000_300_0.2_0.8_8.txt,503,503,Solved,1
BPP_1000_300_0.1_0.7_9.txt,397,397,Solved,1
BPP_1000_300_0.1_0.8_9.txt,465,465,Solved,1
BPP_1000_300_0.2_0.7_9.txt,453,453,Solved,1
BPP_1000_300_0.2_0.8_9.txt,516,516,Solved,1
BPP_1000_400_0.1_0.7_0.txt,401,401,Solved,1
BPP_1000_400_0.1_0.8_0.txt,436,436,Solved,1
BPP_1000_400_0.2_0.7_0.txt,450,450,Solved,1
BPP_1000_400_0.2_0.8_0.txt,487,487,Solved,1
BPP_1000_400_0.1_0.7_1.txt,402,402,Solved,1
BPP_1000_400_0.1_0.8_1.txt,455,455,Solved,1
BPP_1000_400_0.2_0.7_1.txt,451,451,Solved,1
BPP_1000_400_0.2_0.8_1.txt,539,539,Solved,0
BPP_1000_400_0.1_0.7_2.txt,405,405,Solved,1
BPP_1000_400_0.1_0.8_2.txt,455,455,Solved,1
BPP_1000_400_0.2_0.7_2.txt,453,453,Solved,1
BPP_1000_400_0.2_0.8_2.txt,502,502,Solved,1
BPP_1000_400_0.1_0.7_3.txt,393,393,Solved,1
BPP_1000_400_0.1_0.8_3.txt,450,450,Solved,1
BPP_1000_400_0.2_0.7_3.txt,450,450,Solved,1
BPP_1000_400_0.2_0.8_3.txt,513,513,Solved,1
BPP_1000_400_0.1_0.7_4.txt,395,395,Solved,1
BPP_1000_400_0.1_0.8_4.txt,449,449,Solved,1
BPP_1000_400_0.2_0.7_4.txt,449,449,Solved,1
BPP_1000_400_0.2_0.8_4.txt,510,510,Solved,0
BPP_1000_400_0.1_0.7_5.txt,405,405,Solved,1
BPP_1000_400_0.1_0.8_5.txt,448,448,Solved,1
BPP_1000_400_0.2_0.7_5.txt,451,451,Solved,1
BPP_1000_400_0.2_0.8_5.txt,499,499,Solved,1
BPP_1000_400_0.1_0.7_6.txt,402,402,Solved,1
BPP_1000_400_0.1_0.8_6.txt,454,454,Solved,1
BPP_1000_400_0.2_0.7_6.txt,450,450,Solved,1
BPP_1000_400_0.2_0.8_6.txt,494,494,Solved,1
BPP_1000_400_0.1_0.7_7.txt,403,403,Solved,1
BPP_1000_400_0.1_0.8_7.txt,447,447,Solved,1
BPP_1000_400_0.2_0.7_7.txt,454,454,Solved,1
BPP_1000_400_0.2_0.8_7.txt,546,546,Solved,0
BPP_1000_400_0.1_0.7_8.txt,402,402,Solved,1
BPP_1000_400_0.1_0.8_8.txt,444,444,Solved,1
BPP_1000_400_0.2_0.7_8.txt,451,451,Solved,1
BPP_1000_400_0.2_0.8_8.txt,508,508,Solved,1
BPP_1000_400_0.1_0.7_9.txt,402,402,Solved,1
BPP_1000_400_0.1_0.8_9.txt,445,445,Solved,1
BPP_1000_400_0.2_0.7_9.txt,450,450,Solved,1
BPP_1000_400_0.2_0.8_9.txt,504,504,Solved,0
BPP_1000_500_0.1_0.7_0.txt,403,403,Solved,1
BPP_1000_500_0.1_0.8_0.txt,449,449,Solved,1
BPP_1000_500_0.2_0.7_0.txt,464,464,Solved,1
BPP_1000_500_0.2_0.8_0.txt,524,524,Solved,1
BPP_1000_500_0.1_0.7_1.txt,405,405,Solved,1
BPP_1000_500_0.1_0.8_1.txt,447,447,Solved,1
BPP_1000_500_0.2_0.7_1.txt,456,456,Solved,1
BPP_1000_500_0.2_0.8_1.txt,509,509,Solved,1
BPP_1000_500_0.1_0.7_2.txt,395,395,Solved,1
BPP_1000_500_0.1_0.8_2.txt,455,455,Solved,1
BPP_1000_500_0.2_0.7_2.txt,447,447,Solved,1
BPP_1000_500_0.2_0.8_2.txt,496,496,Solved,1
BPP_1000_500_0.1_0.7_3.txt,396,396,Solved,1
BPP_1000_500_0.1_0.8_3.txt,450,450,Solved,1
BPP_1000_500_0.2_0.7_3.txt,457,457,Solved,1
BPP_1000_500_0.2_0.8_3.txt,499,499,Solved,0
BPP_1000_500_0.1_0.7_4.txt,413,413,Solved,1
BPP_1000_500_0.1_0.8_4.txt,460,460,Solved,1
BPP_1000_500_0.2_0.7_4.txt,450,450,Solved,1
BPP_1000_500_0.2_0.8_4.txt,505,505,Solved,1
BPP_1000_500_0.1_0.7_5.txt,395,395,Solved,1
BPP_1000_500_0.1_0.8_5.txt,444,444,Solved,1
BPP_1000_500_0.2_0.7_5.txt,442,442,Solved,1
BPP_1000_500_0.2_0.8_5.txt,511,511,Solved,0
BPP_1000_500_0.1_0.7_6.txt,402,402,Solved,1
BPP_1000_500_0.1_0.8_6.txt,455,455,Solved,1
BPP_1000_500_0.2_0.7_6.txt,455,455,Solved,1
BPP_1000_500_0.2_0.8_6.txt,521,521,Solved,0
BPP_1000_500_0.1_0.7_7.txt,401,401,Solved,1
BPP_1000_500_0.1_0.8_7.txt,453,453,Solved,1
BPP_1000_500_0.2_0.7_7.txt,451,451,Solved,1
BPP_1000_500_0.2_0.8_7.txt,502,502,Solved,1
BPP_1000_500_0.1_0.7_8.txt,392,392,Solved,1
BPP_1000_500_0.1_0.8_8.txt,456,456,Solved,1
BPP_1000_500_0.2_0.7_8.txt,449,449,Solved,1
BPP_1000_500_0.2_0.8_8.txt,526,526,Solved,0
BPP_1000_500_0.1_0.7_9.txt,391,391,Solved,1
BPP_1000_500_0.1_0.8_9.txt,444,444,Solved,1
BPP_1000_500_0.2_0.7_9.txt,460,460,Solved,1
BPP_1000_500_0.2_0.8_9.txt,510,510,Solved,1
BPP_1000_750_0.1_0.7_0.txt,406,406,Solved,1
BPP_1000_750_0.1_0.8_0.txt,464,464,Solved,1
BPP_1000_750_0.2_0.7_0.txt,457,457,Solved,1
BPP_1000_750_0.2_0.8_0.txt,500,500,Solved,1
BPP_1000_750_0.1_0.7_1.txt,411,411,Solved,1
BPP_1000_750_0.1_0.8_1.txt,453,453,Solved,1
BPP_1000_750_0.2_0.7_1.txt,449,449,Solved,1
BPP_1000_750_0.2_0.8_1.txt,503,503,Solved,1
BPP_1000_750_0.1_0.7_2.txt,408,408,Solved,1
BPP_1000_750_0.1_0.8_2.txt,461,461,Solved,1
BPP_1000_750_0.2_0.7_2.txt,460,460,Solved,1
BPP_1000_750_0.2_0.8_2.txt,510,510,Solved,1
BPP_1000_750_0.1_0.7_3.txt,392,392,Solved,1
BPP_1000_750_0.1_0.8_3.txt,459,459,Solved,1
BPP_1000_750_0.2_0.7_3.txt,458,458,Solved,1
BPP_1000_750_0.2_0.8_3.txt,507,507,Solved,1
BPP_1000_750_0.1_0.7_4.txt,398,398,Solved,1
BPP_1000_750_0.1_0.8_4.txt,446,446,Solved,1
BPP_1000_750_0.2_0.7_4.txt,454,454,Solved,1
BPP_1000_750_0.2_0.8_4.txt,516,516,Solved,0
BPP_1000_750_0.1_0.7_5.txt,400,400,Solved,1
BPP_1000_750_0.1_0.8_5.txt,445,445,Solved,1
BPP_1000_750_0.2_0.7_5.txt,453,453,Solved,1
BPP_1000_750_0.2_0.8_5.txt,498,498,Solved,1
BPP_1000_750_0.1_0.7_6.txt,412,412,Solved,1
BPP_1000_750_0.1_0.8_6.txt,445,445,Solved,1
BPP_1000_750_0.2_0.7_6.txt,452,452,Solved,1
BPP_1000_750_0.2_0.8_6.txt,532,532,Solved,1
BPP_1000_750_0.1_0.7_7.txt,399,399,Solved,1
BPP_1000_750_0.1_0.8_7.txt,456,456,Solved,1
BPP_1000_750_0.2_0.7_7.txt,454,454,Solved,1
BPP_1000_750_0.2_0.8_7.txt,510,510,Solved,1
BPP_1000_750_0.1_0.7_8.txt,402,402,Solved,1
BPP_1000_750_0.1_0.8_8.txt,463,463,Solved,1
BPP_1000_750_0.2_0.7_8.txt,456,456,Solved,1
BPP_1000_750_0.2_0.8_8.txt,517,517,Solved,1
BPP_1000_750_0.1_0.7_9.txt,406,406,Solved,1
BPP_1000_750_0.1_0.8_9.txt,460,460,Solved,1
BPP_1000_750_0.2_0.7_9.txt,453,453,Solved,1
BPP_1000_750_0.2_0.8_9.txt,523,523,Solved,1
BPP_1000_1000_0.1_0.7_0.txt,397,397,Solved,1
BPP_1000_1000_0.1_0.8_0.txt,449,449,Solved,1
BPP_1000_1000_0.2_0.7_0.txt,446,446,Solved,1
BPP_1000_1000_0.2_0.8_0.txt,508,508,Solved,1
BPP_1000_1000_0.1_0.7_1.txt,391,391,Solved,1
BPP_1000_1000_0.1_0.8_1.txt,458,458,Solved,1
BPP_1000_1000_0.2_0.7_1.txt,455,455,Solved,1
BPP_1000_1000_0.2_0.8_1.txt,542,542,Solved,0
BPP_1000_1000_0.1_0.7_2.txt,394,394,Solved,1
BPP_1000_1000_0.1_0.8_2.txt,460,460,Solved,1
BPP_1000_1000_0.2_0.7_2.txt,451,451,Solved,1
BPP_1000_1000_0.2_0.8_2.txt,505,505,Solved,1
BPP_1000_1000_0.1_0.7_3.txt,390,390,Solved,1
BPP_1000_1000_0.1_0.8_3.txt,444,444,Solved,1
BPP_1000_1000_0.2_0.7_3.txt,453,453,Solved,1
BPP_1000_1000_0.2_0.8_3.txt,519,519,Solved,1
BPP_1000_1000_0.1_0.7_4.txt,400,400,Solved,1
BPP_1000_1000_0.1_0.8_4.txt,454,454,Solved,1
BPP_1000_1000_0.2_0.7_4.txt,459,459,Solved,1
BPP_1000_1000_0.2_0.8_4.txt,520,520,Solved,1
BPP_1000_1000_0.1_0.7_5.txt,401,401,Solved,1
BPP_1000_1000_0.1_0.8_5.txt,442,442,Solved,1
BPP_1000_1000_0.2_0.7_5.txt,455,455,Solved,1
BPP_1000_1000_0.2_0.8_5.txt,511,511,Solved,0
BPP_1000_1000_0.1_0.7_6.txt,399,399,Solved,1
BPP_1000_1000_0.1_0.8_6.txt,453,453,Solved,1
BPP_1000_1000_0.2_0.7_6.txt,453,453,Solved,1
BPP_1000_1000_0.2_0.8_6.txt,514,514,Solved,0
BPP_1000_1000_0.1_0.7_7.txt,407,407,Solved,1
BPP_1000_1000_0.1_0.8_7.txt,446,446,Solved,1
BPP_1000_1000_0.2_0.7_7.txt,451,451,Solved,1
BPP_1000_1000_0.2_0.8_7.txt,512,512,Solved,1
BPP_1000_1000_0.1_0.7_8.txt,397,397,Solved,1
BPP_1000_1000_0.1_0.8_8.txt,449,449,Solved,1
BPP_1000_1000_0.2_0.7_8.txt,448,448,Solved,1
BPP_1000_1000_0.2_0.8_8.txt,531,531,Solved,0
BPP_1000_1000_0.1_0.7_9.txt,411,411,Solved,1
BPP_1000_1000_0.1_0.8_9.txt,459,459,Solved,1
BPP_1000_1000_0.2_0.7_9.txt,451,451,Solved,1
BPP_1000_1000_0.2_0.8_9.txt,501,501,Solved,1
201_2500_NR_0.txt,66,66,Solved,1
201_2500_NR_1.txt,66,66,Solved,1
201_2500_NR_2.txt,66,66,Solved,1
201_2500_NR_3.txt,66,66,Solved,1
201_2500_NR_4.txt,66,66,Solved,1
201_2500_NR_5.txt,66,66,Solved,1
201_2500_NR_6.txt,66,66,Solved,1
201_2500_NR_7.txt,66,66,Solved,1
201_2500_NR_8.txt,66,66,Solved,1
201_2500_NR_9.txt,66,66,Solved,1
201_2500_NR_10.txt,66,66,Solved,1
201_2500_NR_11.txt,66,66,Solved,1
201_2500_NR_12.txt,66,66,Solved,1
201_2500_NR_13.txt,66,66,Solved,1
201_2500_NR_14.txt,66,66,Solved,1
201_2500_NR_15.txt,66,66,Solved,1
201_2500_NR_16.txt,66,66,Solved,1
201_2500_NR_17.txt,66,66,Solved,1
201_2500_NR_18.txt,66,66,Solved,1
201_2500_NR_19.txt,66,66,Solved,1
201_2500_NR_20.txt,66,66,Solved,1
201_2500_NR_21.txt,66,66,Solved,1
201_2500_NR_22.txt,66,66,Solved,1
201_2500_NR_23.txt,66,66,Solved,1
201_2500_NR_24.txt,66,66,Solved,1
201_2500_NR_25.txt,66,66,Solved,1
201_2500_NR_26.txt,66,66,Solved,1
201_2500_NR_27.txt,66,66,Solved,1
201_2500_NR_28.txt,66,66,Solved,1
201_2500_NR_29.txt,66,66,Solved,1
201_2500_NR_30.txt,66,66,Solved,1
201_2500_NR_31.txt,66,66,Solved,1
201_2500_NR_32.txt,66,66,Solved,1
201_2500_NR_33.txt,66,66,Solved,1
201_2500_NR_34.txt,66,66,Solved,1
201_2500_NR_35.txt,66,66,Solved,1
201_2500_NR_36.txt,66,66,Solved,1
201_2500_NR_37.txt,66,66,Solved,1
201_2500_NR_38.txt,66,66,Solved,1
201_2500_NR_39.txt,66,66,Solved,1
201_2500_NR_40.txt,66,66,Solved,1
201_2500_NR_41.txt,66,66,Solved,1
201_2500_NR_42.txt,66,66,Solved,1
201_2500_NR_43.txt,66,66,Solved,1
201_2500_NR_44.txt,66,66,Solved,1
201_2500_NR_45.txt,66,66,Solved,1
201_2500_NR_46.txt,66,66,Solved,1
201_2500_NR_47.txt,66,66,Solved,1
201_2500_NR_48.txt,66,66,Solved,1
201_2500_NR_49.txt,66,66,Solved,1
402_10000_NR_0.txt,133,133,Solved,1
402_10000_NR_1.txt,133,133,Solved,1
402_10000_NR_2.txt,133,133,Solved,1
402_10000_NR_3.txt,133,133,Solved,1
402_10000_NR_4.txt,133,133,Solved,1
402_10000_NR_5.txt,133,133,Solved,1
402_10000_NR_6.txt,133,133,Solved,1
402_10000_NR_7.txt,133,133,Solved,1
402_10000_NR_8.txt,133,133,Solved,1
402_10000_NR_9.txt,133,133,Solved,1
402_10000_NR_10.txt,133,133,Solved,1
402_10000_NR_11.txt,133,133,Solved,1
402_10000_NR_12.txt,133,133,Solved,1
402_10000_NR_13.txt,133,133,Solved,1
402_10000_NR_14.txt,133,133,Solved,1
402_10000_NR_15.txt,133,133,Solved,1
402_10000_NR_16.txt,133,133,Solved,1
402_10000_NR_17.txt,133,133,Solved,1
402_10000_NR_18.txt,133,133,Solved,1
402_10000_NR_19.txt,133,133,Solved,1
402_10000_NR_20.txt,133,133,Solved,1
402_10000_NR_21.txt,133,133,Solved,1
402_10000_NR_22.txt,133,133,Solved,1
402_10000_NR_23.txt,133,133,Solved,1
402_10000_NR_24.txt,133,133,Solved,1
402_10000_NR_25.txt,133,133,Solved,1
402_10000_NR_26.txt,133,133,Solved,1
402_10000_NR_27.txt,133,133,Solved,1
402_10000_NR_28.txt,133,133,Solved,1
402_10000_NR_29.txt,133,133,Solved,1
402_10000_NR_30.txt,133,133,Solved,1
402_10000_NR_31.txt,133,133,Solved,1
402_10000_NR_32.txt,133,133,Solved,1
402_10000_NR_33.txt,133,133,Solved,1
402_10000_NR_34.txt,133,133,Solved,1
402_10000_NR_35.txt,133,133,Solved,1
402_10000_NR_36.txt,133,133,Solved,1
402_10000_NR_37.txt,133,133,Solved,1
402_10000_NR_38.txt,133,133,Solved,1
402_10000_NR_39.txt,133,133,Solved,1
402_10000_NR_40.txt,133,133,Solved,1
402_10000_NR_41.txt,133,133,Solved,1
402_10000_NR_42.txt,133,133,Solved,1
402_10000_NR_43.txt,133,133,Solved,1
402_10000_NR_44.txt,133,133,Solved,1
402_10000_NR_45.txt,133,133,Solved,1
402_10000_NR_46.txt,133,133,Solved,1
402_10000_NR_47.txt,133,133,Solved,1
402_10000_NR_48.txt,133,133,Solved,1
402_10000_NR_49.txt,133,133,Solved,1
600_20000_NR_0.txt,199,199,Solved,1
600_20000_NR_1.txt,199,199,Solved,1
600_20000_NR_2.txt,199,199,Solved,1
600_20000_NR_3.txt,199,199,Solved,1
600_20000_NR_4.txt,199,199,Solved,1
600_20000_NR_5.txt,199,199,Solved,1
600_20000_NR_6.txt,199,199,Solved,1
600_20000_NR_7.txt,199,199,Solved,1
600_20000_NR_8.txt,199,199,Solved,1
600_20000_NR_9.txt,199,199,Solved,1
600_20000_NR_10.txt,199,199,Solved,1
600_20000_NR_11.txt,199,199,Solved,1
600_20000_NR_12.txt,199,199,Solved,1
600_20000_NR_13.txt,199,199,Solved,1
600_20000_NR_14.txt,199,199,Solved,1
600_20000_NR_15.txt,199,199,Solved,1
600_20000_NR_16.txt,199,199,Solved,1
600_20000_NR_17.txt,199,199,Solved,1
600_20000_NR_18.txt,199,199,Solved,1
600_20000_NR_19.txt,199,199,Solved,1
600_20000_NR_20.txt,199,199,Solved,1
600_20000_NR_21.txt,199,199,Solved,1
600_20000_NR_22.txt,199,199,Solved,1
600_20000_NR_23.txt,199,199,Solved,1
600_20000_NR_24.txt,199,199,Solved,1
600_20000_NR_25.txt,199,199,Solved,1
600_20000_NR_26.txt,199,199,Solved,1
600_20000_NR_27.txt,199,199,Solved,1
600_20000_NR_28.txt,199,199,Solved,1
600_20000_NR_29.txt,199,199,Solved,1
600_20000_NR_30.txt,199,199,Solved,1
600_20000_NR_31.txt,199,199,Solved,1
600_20000_NR_32.txt,199,199,Solved,1
600_20000_NR_33.txt,199,199,Solved,1
600_20000_NR_34.txt,199,199,Solved,1
600_20000_NR_35.txt,199,199,Solved,1
600_20000_NR_36.txt,199,199,Solved,1
600_20000_NR_37.txt,199,199,Solved,1
600_20000_NR_38.txt,199,199,Solved,1
600_20000_NR_39.txt,199,199,Solved,1
600_20000_NR_40.txt,199,199,Solved,1
600_20000_NR_41.txt,199,199,Solved,1
600_20000_NR_42.txt,199,199,Solved,1
600_20000_NR_43.txt,199,199,Solved,1
600_20000_NR_44.txt,199,199,Solved,1
600_20000_NR_45.txt,199,199,Solved,1
600_20000_NR_46.txt,199,199,Solved,1
600_20000_NR_47.txt,199,199,Solved,1
600_20000_NR_48.txt,199,199,Solved,1
600_20000_NR_49.txt,199,199,Solved,1
801_40000_NR_0.txt,266,266,Solved,1
801_40000_NR_1.txt,266,266,Solved,1
801_40000_NR_2.txt,266,266,Solved,1
801_40000_NR_3.txt,266,266,Solved,1
801_40000_NR_4.txt,266,266,Solved,1
801_40000_NR_5.txt,266,266,Solved,1
801_40000_NR_6.txt,266,266,Solved,1
801_40000_NR_7.txt,266,266,Solved,1
801_40000_NR_8.txt,266,266,Solved,1
801_40000_NR_9.txt,266,266,Solved,1
801_40000_NR_10.txt,266,266,Solved,1
801_40000_NR_11.txt,266,266,Solved,1
801_40000_NR_12.txt,266,266,Solved,1
801_40000_NR_13.txt,266,266,Solved,1
801_40000_NR_14.txt,266,266,Solved,1
801_40000_NR_15.txt,266,266,Solved,1
801_40000_NR_16.txt,266,266,Solved,1
801_40000_NR_17.txt,266,266,Solved,1
801_40000_NR_18.txt,266,266,Solved,1
801_40000_NR_19.txt,266,266,Solved,1
801_40000_NR_20.txt,266,266,Solved,1
801_40000_NR_21.txt,266,266,Solved,1
801_40000_NR_22.txt,266,266,Solved,1
801_40000_NR_23.txt,266,266,Solved,1
801_40000_NR_24.txt,266,266,Solved,1
801_40000_NR_25.txt,266,266,Solved,1
801_40000_NR_26.txt,266,266,Solved,1
801_40000_NR_27.txt,266,266,Solved,1
801_40000_NR_28.txt,266,266,Solved,1
801_40000_NR_29.txt,266,266,Solved,1
801_40000_NR_30.txt,266,266,Solved,1
801_40000_NR_31.txt,266,266,Solved,1
801_40000_NR_32.txt,266,266,Solved,1
801_40000_NR_33.txt,266,266,Solved,1
801_40000_NR_34.txt,266,266,Solved,1
801_40000_NR_35.txt,266,266,Solved,1
801_40000_NR_36.txt,266,266,Solved,1
801_40000_NR_37.txt,266,266,Solved,1
801_40000_NR_38.txt,266,266,Solved,1
801_40000_NR_39.txt,266,266,Solved,1
801_40000_NR_40.txt,266,266,Solved,1
801_40000_NR_41.txt,266,266,Solved,1
801_40000_NR_42.txt,266,266,Solved,1
801_40000_NR_43.txt,266,266,Solved,1
801_40000_NR_44.txt,266,266,Solved,1
801_40000_NR_45.txt,266,266,Solved,1
801_40000_NR_46.txt,266,266,Solved,1
801_40000_NR_47.txt,266,266,Solved,1
801_40000_NR_48.txt,266,266,Solved,1
801_40000_NR_49.txt,266,266,Solved,1
1002_80000_NR_0.txt,333,333,Solved,1
1002_80000_NR_1.txt,333,333,Solved,1
1002_80000_NR_2.txt,333,333,Solved,1
1002_80000_NR_3.txt,333,333,Solved,1
1002_80000_NR_4.txt,333,333,Solved,1
1002_80000_NR_5.txt,333,333,Solved,1
1002_80000_NR_6.txt,333,333,Solved,1
1002_80000_NR_7.txt,333,333,Solved,1
1002_80000_NR_8.txt,333,333,Solved,1
1002_80000_NR_9.txt,333,333,Solved,1
1002_80000_NR_10.txt,333,333,Solved,1
1002_80000_NR_11.txt,333,333,Solved,1
1002_80000_NR_12.txt,333,333,Solved,1
1002_80000_NR_13.txt,333,333,Solved,1
1002_80000_NR_14.txt,333,333,Solved,1
1002_80000_NR_15.txt,333,333,Solved,1
1002_80000_NR_16.txt,333,333,Solved,1
1002_80000_NR_17.txt,333,333,Solved,1
1002_80000_NR_18.txt,333,333,Solved,1
1002_80000_NR_19.txt,333,333,Solved,1
1002_80000_NR_20.txt,333,333,Solved,1
1002_80000_NR_21.txt,333,333,Solved,1
1002_80000_NR_22.txt,333,333,Solved,1
1002_80000_NR_23.txt,333,333,Solved,1
1002_80000_NR_24.txt,333,333,Solved,1
1002_80000_NR_25.txt,333,333,Solved,1
1002_80000_NR_26.txt,333,333,Solved,1
1002_80000_NR_27.txt,333,333,Solved,1
1002_80000_NR_28.txt,333,333,Solved,1
1002_80000_NR_29.txt,333,333,Solved,1
1002_80000_NR_30.txt,333,333,Solved,1
1002_80000_NR_31.txt,333,333,Solved,1
1002_80000_NR_32.txt,333,333,Solved,1
1002_80000_NR_33.txt,333,333,Solved,1
1002_80000_NR_34.txt,333,333,Solved,1
1002_80000_NR_35.txt,333,333,Solved,1
1002_80000_NR_36.txt,333,333,Solved,1
1002_80000_NR_37.txt,333,333,Solved,1
1002_80000_NR_38.txt,333,333,Solved,1
1002_80000_NR_39.txt,333,333,Solved,1
1002_80000_NR_40.txt,333,333,Solved,1
1002_80000_NR_41.txt,333,333,Solved,1
1002_80000_NR_42.txt,333,333,Solved,1
1002_80000_NR_43.txt,333,333,Solved,1
1002_80000_NR_44.txt,333,333,Solved,1
1002_80000_NR_45.txt,333,333,Solved,1
1002_80000_NR_46.txt,333,333,Solved,1
1002_80000_NR_47.txt,333,333,Solved,1
1002_80000_NR_48.txt,333,333,Solved,1
1002_80000_NR_49.txt,333,333,Solved,1
201_2500_DI_0.txt,65,65,Solved,1
201_2500_DI_1.txt,65,65,Solved,1
201_2500_DI_2.txt,65,65,Solved,1
201_2500_DI_3.txt,65,65,Solved,1
201_2500_DI_4.txt,65,65,Solved,1
201_2500_DI_5.txt,65,65,Solved,1
201_2500_DI_6.txt,65,65,Solved,1
201_2500_DI_7.txt,65,65,Solved,1
201_2500_DI_8.txt,65,65,Solved,1
201_2500_DI_9.txt,65,65,Solved,1
201_2500_DI_10.txt,65,65,Solved,1
201_2500_DI_11.txt,65,65,Solved,1
201_2500_DI_12.txt,65,65,Solved,1
201_2500_DI_13.txt,65,65,Solved,1
201_2500_DI_14.txt,65,65,Solved,1
201_2500_DI_15.txt,65,65,Solved,1
201_2500_DI_16.txt,65,65,Solved,1
201_2500_DI_17.txt,65,65,Solved,1
201_2500_DI_18.txt,65,65,Solved,1
201_2500_DI_19.txt,65,65,Solved,1
201_2500_DI_20.txt,65,65,Solved,1
201_2500_DI_21.txt,65,65,Solved,1
201_2500_DI_22.txt,65,65,Solved,1
201_2500_DI_23.txt,65,65,Solved,1
201_2500_DI_24.txt,65,65,Solved,1
201_2500_DI_25.txt,65,65,Solved,1
201_2500_DI_26.txt,65,65,Solved,1
201_2500_DI_27.txt,65,65,Solved,1
201_2500_DI_28.txt,65,65,Solved,1
201_2500_DI_29.txt,65,65,Solved,1
201_2500_DI_30.txt,65,65,Solved,1
201_2500_DI_31.txt,65,65,Solved,1
201_2500_DI_32.txt,65,65,Solved,1
201_2500_DI_33.txt,65,65,Solved,1
201_2500_DI_34.txt,65,65,Solved,1
201_2500_DI_35.txt,65,65,Solved,1
201_2500_DI_36.txt,65,65,Solved,1
201_2500_DI_37.txt,65,65,Solved,1
201_2500_DI_38.txt,65,65,Solved,1
201_2500_DI_39.txt,65,65,Solved,1
201_2500_DI_40.txt,65,65,Solved,1
201_2500_DI_41.txt,65,65,Solved,1
201_2500_DI_42.txt,65,65,Solved,1
201_2500_DI_43.txt,65,65,Solved,1
201_2500_DI_44.txt,65,65,Solved,1
201_2500_DI_45.txt,65,65,Solved,1
201_2500_DI_46.txt,65,65,Solved,1
201_2500_DI_47.txt,65,65,Solved,1
201_2500_DI_48.txt,65,65,Solved,1
201_2500_DI_49.txt,65,65,Solved,1
402_10000_DI_0.txt,132,132,Solved,1
402_10000_DI_1.txt,132,132,Solved,1
402_10000_DI_2.txt,132,132,Solved,1
402_10000_DI_3.txt,132,132,Solved,1
402_10000_DI_4.txt,132,132,Solved,1
402_10000_DI_5.txt,132,132,Solved,1
402_10000_DI_6.txt,132,132,Solved,1
402_10000_DI_7.txt,132,132,Solved,1
402_10000_DI_8.txt,132,132,Solved,1
402_10000_DI_9.txt,132,132,Solved,1
402_10000_DI_10.txt,132,132,Solved,1
402_10000_DI_11.txt,132,132,Solved,1
402_10000_DI_12.txt,132,132,Solved,1
402_10000_DI_13.txt,132,132,Solved,1
402_10000_DI_14.txt,132,132,Solved,1
402_10000_DI_15.txt,132,132,Solved,1
402_10000_DI_16.txt,132,132,Solved,1
402_10000_DI_17.txt,132,132,Solved,1
402_10000_DI_18.txt,132,132,Solved,1
402_10000_DI_19.txt,132,132,Solved,1
402_10000_DI_20.txt,132,132,Solved,1
402_10000_DI_21.txt,132,132,Solved,1
402_10000_DI_22.txt,132,132,Solved,1
402_10000_DI_23.txt,132,132,Solved,1
402_10000_DI_24.txt,132,132,Solved,1
402_10000_DI_25.txt,132,132,Solved,1
402_10000_DI_26.txt,132,132,Solved,1
402_10000_DI_27.txt,132,132,Solved,1
402_10000_DI_28.txt,132,132,Solved,1
402_10000_DI_29.txt,132,132,Solved,1
402_10000_DI_30.txt,132,132,Solved,1
402_10000_DI_31.txt,132,132,Solved,1
402_10000_DI_32.txt,132,132,Solved,1
402_10000_DI_33.txt,132,132,Solved,1
402_10000_DI_34.txt,132,132,Solved,1
402_10000_DI_35.txt,132,132,Solved,1
402_10000_DI_36.txt,132,132,Solved,1
402_10000_DI_37.txt,132,132,Solved,1
402_10000_DI_38.txt,132,132,Solved,1
402_10000_DI_39.txt,132,132,Solved,1
402_10000_DI_40.txt,132,132,Solved,1
402_10000_DI_41.txt,132,132,Solved,1
402_10000_DI_42.txt,132,132,Solved,1
402_10000_DI_43.txt,132,132,Solved,1
402_10000_DI_44.txt,132,132,Solved,1
402_10000_DI_45.txt,132,132,Solved,1
402_10000_DI_46.txt,132,132,Solved,1
402_10000_DI_47.txt,132,132,Solved,1
402_10000_DI_48.txt,132,132,Solved,1
402_10000_DI_49.txt,132,132,Solved,1
600_20000_DI_0.txt,198,198,Solved,1
600_20000_DI_1.txt,198,198,Solved,1
600_20000_DI_2.txt,198,198,Solved,1
600_20000_DI_3.txt,198,198,Solved,1
600_20000_DI_4.txt,198,198,Solved,1
600_20000_DI_5.txt,198,198,Solved,1
600_20000_DI_6.txt,198,198,Solved,1
600_20000_DI_7.txt,198,198,Solved,1
600_20000_DI_8.txt,198,198,Solved,1
600_20000_DI_9.txt,198,198,Solved,1
600_20000_DI_10.txt,198,198,Solved,1
600_20000_DI_11.txt,198,198,Solved,1
600_20000_DI_12.txt,198,198,Solved,1
600_20000_DI_13.txt,198,198,Solved,1
600_20000_DI_14.txt,198,198,Solved,1
600_20000_DI_15.txt,198,198,Solved,1
600_20000_DI_16.txt,198,198,Solved,1
600_20000_DI_17.txt,198,198,Solved,1
600_20000_DI_18.txt,198,198,Solved,1
600_20000_DI_19.txt,198,198,Solved,1
600_20000_DI_20.txt,198,198,Solved,1
600_20000_DI_21.txt,198,198,Solved,1
600_20000_DI_22.txt,198,198,Solved,1
600_20000_DI_23.txt,198,198,Solved,1
600_20000_DI_24.txt,198,198,Solved,1
600_20000_DI_25.txt,198,198,Solved,1
600_20000_DI_26.txt,198,198,Solved,1
600_20000_DI_27.txt,198,198,Solved,1
600_20000_DI_28.txt,198,198,Solved,1
600_20000_DI_29.txt,198,198,Solved,1
600_20000_DI_30.txt,198,198,Solved,1
600_20000_DI_31.txt,198,198,Solved,1
600_20000_DI_32.txt,198,198,Solved,1
600_20000_DI_33.txt,198,198,Solved,1
600_20000_DI_34.txt,198,198,Solved,1
600_20000_DI_35.txt,198,198,Solved,1
600_20000_DI_36.txt,198,198,Solved,1
600_20000_DI_37.txt,198,198,Solved,1
600_20000_DI_38.txt,198,198,Solved,1
600_20000_DI_39.txt,198,198,Solved,1
600_20000_DI_40.txt,198,198,Solved,1
600_20000_DI_41.txt,198,198,Solved,1
600_20000_DI_42.txt,198,198,Solved,1
600_20000_DI_43.txt,198,198,Solved,1
600_20000_DI_44.txt,198,198,Solved,1
600_20000_DI_45.txt,198,198,Solved,1
600_20000_DI_46.txt,198,198,Solved,1
600_20000_DI_47.txt,198,198,Solved,1
600_20000_DI_48.txt,198,198,Solved,1
600_20000_DI_49.txt,198,198,Solved,1
801_40000_DI_0.txt,265,265,Solved,1
801_40000_DI_1.txt,265,265,Solved,1
801_40000_DI_2.txt,265,265,Solved,1
801_40000_DI_3.txt,265,265,Solved,1
801_40000_DI_4.txt,265,265,Solved,1
801_40000_DI_5.txt,265,265,Solved,1
801_40000_DI_6.txt,265,265,Solved,1
801_40000_DI_7.txt,265,265,Solved,1
801_40000_DI_8.txt,265,265,Solved,1
801_40000_DI_9.txt,265,265,Solved,1
801_40000_DI_10.txt,265,265,Solved,1
801_40000_DI_11.txt,265,265,Solved,1
801_40000_DI_12.txt,265,265,Solved,1
801_40000_DI_13.txt,265,265,Solved,1
801_40000_DI_14.txt,265,265,Solved,1
801_40000_DI_15.txt,265,265,Solved,1
801_40000_DI_16.txt,265,265,Solved,1
801_40000_DI_17.txt,265,265,Solved,1
801_40000_DI_18.txt,265,265,Solved,1
801_40000_DI_19.txt,265,265,Solved,1
801_40000_DI_20.txt,265,265,Solved,1
801_40000_DI_21.txt,265,265,Solved,1
801_40000_DI_22.txt,265,265,Solved,1
801_40000_DI_23.txt,265,265,Solved,1
801_40000_DI_24.txt,265,265,Solved,1
801_40000_DI_25.txt,265,265,Solved,1
801_40000_DI_26.txt,265,265,Solved,1
801_40000_DI_27.txt,265,265,Solved,1
801_40000_DI_28.txt,265,265,Solved,1
801_40000_DI_29.txt,265,265,Solved,1
801_40000_DI_30.txt,265,265,Solved,1
801_40000_DI_31.txt,265,265,Solved,1
801_40000_DI_32.txt,265,265,Solved,1
801_40000_DI_33.txt,265,265,Solved,1
801_40000_DI_34.txt,265,265,Solved,1
801_40000_DI_35.txt,265,265,Solved,1
801_40000_DI_36.txt,265,265,Solved,1
801_40000_DI_37.txt,265,265,Solved,1
801_40000_DI_38.txt,265,265,Solved,1
801_40000_DI_39.txt,265,265,Solved,1
801_40000_DI_40.txt,265,265,Solved,1
801_40000_DI_41.txt,265,265,Solved,1
801_40000_DI_42.txt,265,265,Solved,1
801_40000_DI_43.txt,265,265,Solved,1
801_40000_DI_44.txt,265,265,Solved,1
801_40000_DI_45.txt,265,265,Solved,1
801_40000_DI_46.txt,265,265,Solved,1
801_40000_DI_47.txt,265,265,Solved,1
801_40000_DI_48.txt,265,265,Solved,1
801_40000_DI_49.txt,265,265,Solved,1
1002_80000_DI_0.txt,332,332,Solved,1
1002_80000_DI_1.txt,332,332,Solved,1
1002_80000_DI_2.txt,332,332,Solved,1
1002_80000_DI_3.txt,332,332,Solved,1
1002_80000_DI_4.txt,332,332,Solved,1
1002_80000_DI_5.txt,332,332,Solved,1
1002_80000_DI_6.txt,332,332,Solved,1
1002_80000_DI_7.txt,332,332,Solved,1
1002_80000_DI_8.txt,332,332,Solved,1
1002_80000_DI_9.txt,332,332,Solved,1
1002_80000_DI_10.txt,332,332,Solved,1
1002_80000_DI_11.txt,332,332,Solved,1
1002_80000_DI_12.txt,332,332,Solved,1
1002_80000_DI_13.txt,332,332,Solved,1
1002_80000_DI_14.txt,332,332,Solved,1
1002_80000_DI_15.txt,332,332,Solved,1
1002_80000_DI_16.txt,332,332,Solved,1
1002_80000_DI_17.txt,332,332,Solved,1
1002_80000_DI_18.txt,332,332,Solved,1
1002_80000_DI_19.txt,332,332,Solved,1
1002_80000_DI_20.txt,332,332,Solved,1
1002_80000_DI_21.txt,332,332,Solved,1
1002_80000_DI_22.txt,332,332,Solved,1
1002_80000_DI_23.txt,332,332,Solved,1
1002_80000_DI_24.txt,332,332,Solved,1
1002_80000_DI_25.txt,332,332,Solved,1
1002_80000_DI_26.txt,332,332,Solved,1
1002_80000_DI_27.txt,332,332,Solved,1
1002_80000_DI_28.txt,332,332,Solved,1
1002_80000_DI_29.txt,332,332,Solved,1
1002_80000_DI_30.txt,332,332,Solved,1
1002_80000_DI_31.txt,332,332,Solved,1
1002_80000_DI_32.txt,332,332,Solved,1
1002_80000_DI_33.txt,332,332,Solved,1
1002_80000_DI_34.txt,332,332,Solved,1
1002_80000_DI_35.txt,332,332,Solved,1
1002_80000_DI_36.txt,332,332,Solved,1
1002_80000_DI_37.txt,332,332,Solved,1
1002_80000_DI_38.txt,332,332,Solved,1
1002_80000_DI_39.txt,332,332,Solved,1
1002_80000_DI_40.txt,332,332,Solved,1
1002_80000_DI_41.txt,332,332,Solved,1
1002_80000_DI_42.txt,332,332,Solved,1
1002_80000_DI_43.txt,332,332,Solved,1
1002_80000_DI_44.txt,332,332,Solved,1
1002_80000_DI_45.txt,332,332,Solved,1
1002_80000_DI_46.txt,332,332,Solved,1
1002_80000_DI_47.txt,332,332,Solved,1
1002_80000_DI_48.txt,332,332,Solved,1
1002_80000_DI_49.txt,332,332,Solved,1
csAA125_1.txt,527,527,Solved
csAA125_2.txt,525,525,Solved
csAA125_3.txt,522,522,Solved
csAA125_4.txt,567,567,Solved
csAA125_5.txt,523,523,Solved
csAA125_6.txt,567,567,Solved
csAA125_7.txt,573,573,Solved
csAA125_8.txt,542,542,Solved
csAA125_9.txt,515,515,Solved
csAA125_10.txt,512,512,Solved
csAA125_11.txt,570,570,Solved
csAA125_12.txt,590,590,Solved
csAA125_13.txt,559,559,Solved
csAA125_14.txt,600,600,Solved
csAA125_15.txt,548,548,Solved
csAA125_16.txt,552,552,Solved
csAA125_17.txt,604,604,Solved
csAA125_18.txt,536,536,Solved
csAA125_19.txt,634,634,Solved
csAA125_20.txt,524,524,Solved
csAA250_1.txt,1061,1061,Solved
csAA250_2.txt,1169,1169,Solved
csAA250_3.txt,997,997,Solved
csAA250_4.txt,1143,1143,Solved
csAA250_5.txt,1034,1034,Solved
csAA250_6.txt,1049,1049,Solved
csAA250_7.txt,1030,1030,Solved
csAA250_8.txt,1118,1118,Solved
csAA250_9.txt,994,994,Solved
csAA250_10.txt,1041,1041,Solved
csAA250_11.txt,1021,1021,Solved
csAA250_12.txt,1067,1067,Solved
csAA250_13.txt,1091,1091,Solved
csAA250_14.txt,963,963,Solved
csAA250_15.txt,1061,1061,Solved
csAA250_16.txt,1081,1081,Solved
csAA250_17.txt,1084,1084,Solved
csAA250_18.txt,1067,1067,Solved
csAA250_19.txt,1043,1043,Solved
csAA250_20.txt,1095,1095,Solved
csAA500_1.txt,2042,2042,Solved
csAA500_2.txt,1913,1913,Solved
csAA500_3.txt,2044,2044,Solved
csAA500_4.txt,1982,1982,Solved
csAA500_5.txt,2099,2099,Solved
csAA500_6.txt,2023,2023,Solved
csAA500_7.txt,2090,2090,Solved
csAA500_8.txt,1953,1953,Solved
csAA500_9.txt,2201,2201,Solved
csAA500_10.txt,2005,2005,Solved
csAA500_11.txt,1992,1992,Solved
csAA500_12.txt,2047,2047,Solved
csAA500_13.txt,2206,2206,Solved
csAA500_14.txt,2110,2110,Solved
csAA500_15.txt,2041,2041,Solved
csAA500_16.txt,2124,2124,Solved
csAA500_17.txt,2120,2120,Solved
csAA500_18.txt,2084,2084,Solved
csAA500_19.txt,2114,2114,Solved
csAA500_20.txt,2134,2134,Solved
csAB125_1.txt,519,519,Solved
csAB125_2.txt,408,408,Solved
csAB125_3.txt,484,484,Solved
csAB125_4.txt,460,460,Solved
csAB125_5.txt,511,511,Solved
csAB125_6.txt,457,457,Solved
csAB125_7.txt,419,419,Solved
csAB125_8.txt,450,450,Solved
csAB125_9.txt,444,444,Solved
csAB125_10.txt,505,505,Solved
csAB125_11.txt,433,433,Solved
csAB125_12.txt,454,454,Solved
csAB125_13.txt,438,438,Solved
csAB125_14.txt,466,466,Solved
csAB125_15.txt,389,389,Solved
csAB125_16.txt,442,442,Solved
csAB125_17.txt,461,461,Solved
csAB125_18.txt,457,457,Solved
csAB125_19.txt,449,449,Solved
csAB125_20.txt,446,446,Solved
csAB250_1.txt,893,893,Solved
csAB250_2.txt,893,893,Solved
csAB250_3.txt,930,930,Solved
csAB250_4.txt,933,933,Solved
csAB250_5.txt,914,914,Solved
csAB250_6.txt,863,863,Solved
csAB250_7.txt,868,868,Solved
csAB250_8.txt,871,871,Solved
csAB250_9.txt,928,928,Solved
csAB250_10.txt,947,947,Solved
csAB250_11.txt,886,886,Solved
csAB250_12.txt,874,874,Solved
csAB250_13.txt,886,886,Solved
csAB250_14.txt,917,917,Solved
csAB250_15.txt,890,890,Solved
csAB250_16.txt,899,899,Solved
csAB250_17.txt,974,974,Solved
csAB250_18.txt,836,836,Solved
csAB250_19.txt,936,936,Solved
csAB250_20.txt,964,964,Solved
csAB500_1.txt,1818,1818,Solved
csAB500_2.txt,1731,1731,Solved
csAB500_3.txt,1824,1824,Solved
csAB500_4.txt,1778,1778,Solved
csAB500_5.txt,1780,1780,Solved
csAB500_6.txt,1752,1752,Solved
csAB500_7.txt,1873,1873,Solved
csAB500_8.txt,1771,1771,Solved
csAB500_9.txt,1756,1756,Solved
csAB500_10.txt,1831,1831,Solved
csAB500_11.txt,1745,1745,Solved
csAB500_12.txt,1763,1763,Solved
csAB500_13.txt,1879,1879,Solved
csAB500_14.txt,1725,1725,Solved
csAB500_15.txt,1786,1786,Solved
csAB500_16.txt,1840,1840,Solved
csAB500_17.txt,1877,1877,Solved
csAB500_18.txt,1828,1828,Solved
csAB500_19.txt,1793,1793,Solved
csAB500_20.txt,1755,1755,Solved
csBA125_1.txt,598,598,Solved
csBA125_2.txt,569,569,Solved
csBA125_3.txt,561,561,Solved
csBA125_4.txt,536,536,Solved
csBA125_5.txt,524,524,Solved
csBA125_6.txt,585,585,Solved
csBA125_7.txt,509,509,Solved
csBA125_8.txt,530,530,Solved
csBA125_9.txt,577,577,Solved
csBA125_10.txt,577,577,Solved
csBA125_11.txt,499,499,Solved
csBA125_12.txt,493,493,Solved
csBA125_13.txt,512,512,Solved
csBA125_14.txt,608,608,Solved
csBA125_15.txt,560,560,Solved
csBA125_16.txt,611,611,Solved
csBA125_17.txt,604,604,Solved
csBA125_18.txt,550,550,Solved
csBA125_19.txt,563,563,Solved
csBA125_20.txt,478,478,Solved
csBA250_1.txt,1041,1041,Solved
csBA250_2.txt,1087,1087,Solved
csBA250_3.txt,1077,1077,Solved
csBA250_4.txt,1056,1056,Solved
csBA250_5.txt,1104,1104,Solved
csBA250_6.txt,1061,1061,Solved
csBA250_7.txt,1047,1047,Solved
csBA250_8.txt,1079,1079,Solved
csBA250_9.txt,1135,1135,Solved
csBA250_10.txt,1074,1074,Solved
csBA250_11.txt,1091,1091,Solved
csBA250_12.txt,1071,1071,Solved
csBA250_13.txt,1060,1060,Solved
csBA250_14.txt,1004,1004,Solved
csBA250_15.txt,1072,1072,Solved
csBA250_16.txt,1054,1054,Solved
csBA250_17.txt,1073,1073,Solved
csBA250_18.txt,1011,1011,Solved
csBA250_19.txt,1057,1057,Solved
csBA250_20.txt,1094,1094,Solved
csBA500_1.txt,2118,2118,Solved
csBA500_2.txt,2071,2071,Solved
csBA500_3.txt,2142,2142,Solved
csBA500_4.txt,2065,2065,Solved
csBA500_5.txt,2169,2169,Solved
csBA500_6.txt,2026,2026,Solved
csBA500_7.txt,2052,2052,Solved
csBA500_8.txt,2097,2097,Solved
csBA500_9.txt,2058,2058,Solved
csBA500_10.txt,2196,2196,Solved
csBA500_11.txt,2155,2155,Solved
csBA500_12.txt,2084,2084,Solved
csBA500_13.txt,2180,2180,Solved
csBA500_14.txt,2156,2156,Solved
csBA500_15.txt,2249,2249,Solved
csBA500_16.txt,2152,2152,Solved
csBA500_17.txt,2179,2179,Solved
csBA500_18.txt,2057,2057,Solved
csBA500_19.txt,2081,2081,Solved
csBA500_20.txt,2124,2124,Solved
csBB125_1.txt,532,532,Solved
csBB125_2.txt,486,486,Solved
csBB125_3.txt,440,440,Solved
csBB125_4.txt,419,419,Solved
csBB125_5.txt,424,424,Solved
csBB125_6.txt,422,422,Solved
csBB125_7.txt,467,467,Solved
csBB125_8.txt,454,454,Solved
csBB125_9.txt,426,426,Solved
csBB125_10.txt,446,446,Solved
csBB125_11.txt,493,493,Solved
csBB125_12.txt,490,490,Solved
csBB125_13.txt,429,429,Solved
csBB125_14.txt,482,482,Solved
csBB125_15.txt,518,518,Solved
csBB125_16.txt,484,484,Solved
csBB125_17.txt,548,548,Solved
csBB125_18.txt,499,499,Solved
csBB125_19.txt,452,452,Solved
csBB125_20.txt,473,473,Solved
csBB250_1.txt,913,913,Solved
csBB250_2.txt,915,915,Solved
csBB250_3.txt,934,934,Solved
csBB250_4.txt,932,932,Solved
csBB250_5.txt,829,829,Solved
csBB250_6.txt,913,913,Solved
csBB250_7.txt,866,866,Solved
csBB250_8.txt,877,877,Solved
csBB250_9.txt,906,906,Solved
csBB250_10.txt,903,903,Solved
csBB250_11.txt,902,902,Solved
csBB250_12.txt,912,912,Solved
csBB250_13.txt,832,832,Solved
csBB250_14.txt,890,890,Solved
csBB250_15.txt,949,949,Solved
csBB250_16.txt,866,866,Solved
csBB250_17.txt,876,876,Solved
csBB250_18.txt,870,870,Solved
csBB250_19.txt,941,941,Solved
csBB250_20.txt,884,884,Solved
csBB500_1.txt,1821,1821,Solved
csBB500_2.txt,1827,1827,Solved
csBB500_3.txt,1773,1773,Solved
csBB500_4.txt,1769,1769,Solved
csBB500_5.txt,1719,1719,Solved
csBB500_6.txt,1685,1685,Solved
csBB500_7.txt,1768,1768,Solved
csBB500_8.txt,1722,1722,Solved
csBB500_9.txt,1772,1772,Solved
csBB500_10.txt,1726,1726,Solved
csBB500_11.txt,1815,1815,Solved
csBB500_12.txt,1862,1862,Solved
csBB500_13.txt,1844,1844,Solved
csBB500_14.txt,1742,1742,Solved
csBB500_15.txt,1826,1826,Solved
csBB500_16.txt,1873,1873,Solved
csBB500_17.txt,1814,1814,Solved
csBB500_18.txt,1867,1867,Solved
csBB500_19.txt,1802,1802,Solved
csBB500_20.txt,1800,1800,Solved
N216W10000-001,72,72,Solved
N216W10000-002,72,72,Solved
N216W10000-003,72,72,Solved
N216W10000-004,72,72,Solved
N216W10000-005,72,72,Solved
N216W10000-006,72,72,Solved
N216W10000-007,72,72,Solved
N216W10000-008,72,73,Open
N216W10000-009,72,72,Solved
N216W10000-010,72,72,Solved
N216W10000-011,72,72,Solved
N216W10000-012,72,72,Solved
N216W10000-013,72,72,Solved
N216W10000-014,72,72,Solved
N216W10000-015,72,72,Solved
N216W10000-016,72,72,Solved
N216W10000-017,72,72,Solved
N216W10000-018,72,73,Open
N216W10000-019,72,73,Open
N216W10000-020,72,72,Solved
N216W10000-021,72,72,Solved
N216W10000-022,72,72,Solved
N216W10000-023,72,72,Solved
N216W10000-024,72,72,Solved
N216W10000-025,72,72,Solved
N216W10000-026,72,72,Solved
N216W10000-027,72,72,Solved
N216W10000-028,72,72,Solved
N216W10000-029,72,73,Open
N216W10000-030,72,72,Solved
N216W10000-031,72,72,Solved
N216W10000-032,72,72,Solved
N216W10000-033,72,73,Open
N216W10000-034,72,72,Solved
N216W10000-035,72,72,Solved
N216W10000-036,72,72,Solved
N216W10000-037,72,72,Solved
N216W10000-038,72,73,Open
N216W10000-039,72,72,Solved
N216W10000-040,72,72,Solved
N216W10000-041,72,72,Solved
N216W10000-042,72,72,Solved
N216W10000-043,72,72,Solved
N216W10000-044,72,72,Solved
N216W10000-045,72,72,Solved
N216W10000-046,72,72,Solved
N216W10000-047,72,72,Solved
N216W10000-048,72,72,Solved
N216W10000-049,72,72,Solved
N216W10000-050,72,72,Solved
N405W15000-001,135,135,Solved
N405W15000-002,135,135,Solved
N405W15000-003,135,135,Solved
N405W15000-004,135,135,Solved
N405W15000-005,135,136,Open
N405W15000-006,135,136,Open
N405W15000-007,135,135,Solved
N405W15000-008,135,136,Open
N405W15000-009,135,135,Solved
N405W15000-010,135,136,Open
N405W15000-011,135,135,Solved
N405W15000-012,135,135,Solved
N405W15000-013,135,136,Open
N405W15000-014,135,135,Solved
N405W15000-015,135,135,Solved
N405W15000-016,135,135,Solved
N405W15000-017,135,135,Solved
N405W15000-018,135,135,Solved
N405W15000-019,135,135,Solved
N405W15000-020,135,135,Solved
N405W15000-021,135,135,Solved
N405W15000-022,135,136,Open
N405W15000-023,135,136,Open
N405W15000-024,135,135,Solved
N405W15000-025,135,135,Solved
N405W15000-026,135,135,Solved
N405W15000-027,135,135,Solved
N405W15000-028,135,135,Solved
N405W15000-029,135,135,Solved
N405W15000-030,135,136,Open
N405W15000-031,135,136,Open
N405W15000-032,135,135,Solved
N405W15000-033,135,135,Solved
N405W15000-034,135,135,Solved
N405W15000-035,135,135,Solved
N405W15000-036,135,135,Solved
N405W15000-037,135,135,Solved
N405W15000-038,135,136,Open
N405W15000-039,135,136,Open
N405W15000-040,135,136,Open
N405W15000-041,135,135,Solved
N405W15000-042,135,136,Open
N405W15000-043,135,135,Solved
N405W15000-044,135,135,Solved
N405W15000-045,135,136,Open
N405W15000-046,135,136,Open
N405W15000-047,135,135,Solved
N405W15000-048,135,135,Solved
N405W15000-049,135,135,Solved
N405W15000-050,135,135,Solved
N648W20000-001,216,217,Open
N648W20000-002,216,217,Open
N648W20000-003,216,217,Open
N648W20000-004,216,216,Solved
N648W20000-005,216,217,Open
N648W20000-006,216,217,Open
N648W20000-007,216,216,Solved
N648W20000-008,216,217,Open
N648W20000-009,216,217,Open
N648W20000-010,216,217,Open
N648W20000-011,216,217,Open
N648W20000-012,216,217,Open
N648W20000-013,216,216,Solved
N648W20000-014,216,217,Open
N648W20000-015,216,217,Open
N648W20000-016,216,217,Open
N648W20000-017,216,216,Solved
N648W20000-018,216,217,Open
N648W20000-019,216,217,Open
N648W20000-020,216,217,Open
N648W20000-021,216,217,Open
N648W20000-022,216,217,Open
N648W20000-023,216,217,Open
N648W20000-024,216,217,Open
N648W20000-025,216,217,Open
N648W20000-026,216,217,Open
N648W20000-027,216,216,Solved
N648W20000-028,216,216,Solved
N648W20000-029,216,217,Open
N648W20000-030,216,216,Solved
N648W20000-031,216,217,Open
N648W20000-032,216,217,Open
N648W20000-033,216,216,Solved
N648W20000-034,216,216,Solved
N648W20000-035,216,216,Solved
N648W20000-036,216,216,Solved
N648W20000-037,216,216,Solved
N648W20000-038,216,217,Open
N648W20000-039,216,216,Solved
N648W20000-040,216,217,Open
N648W20000-041,216,217,Open
N648W20000-042,216,217,Open
N648W20000-043,216,217,Open
N648W20000-044,216,217,Open
N648W20000-045,216,217,Open
N648W20000-046,216,217,Open
N648W20000-047,216,217,Open
N648W20000-048,216,217,Open
N648W20000-049,216,217,Open
N648W20000-050,216,217,Open
