Name,Best LB,Best UB,Status,Selected
BPP_50_50_0.1_0.7_0.txt,23,23,Solved,0
BPP_50_50_0.1_0.8_0.txt,24,24,Solved,0
BPP_50_50_0.2_0.7_0.txt,22,22,Solved,0
BPP_50_50_0.2_0.8_0.txt,24,24,Solved,0
BPP_50_50_0.1_0.7_1.txt,21,21,Solved,0
BPP_50_50_0.1_0.8_1.txt,28,28,Solved,0
BPP_50_50_0.2_0.7_1.txt,25,25,Solved,0
BPP_50_50_0.2_0.8_1.txt,25,25,Solved,0
BPP_50_50_0.1_0.7_2.txt,21,21,Solved,0
BPP_50_50_0.1_0.8_2.txt,25,25,Solved,0
BPP_50_50_0.2_0.7_2.txt,22,22,Solved,1
BPP_50_50_0.2_0.8_2.txt,28,28,Solved,0
BPP_50_50_0.1_0.7_3.txt,21,21,Solved,1
BPP_50_50_0.1_0.8_3.txt,21,21,Solved,1
BPP_50_50_0.2_0.7_3.txt,22,22,Solved,0
BPP_50_50_0.2_0.8_3.txt,27,27,Solved,0
BPP_50_50_0.1_0.7_4.txt,24,24,Solved,0
BPP_50_50_0.1_0.8_4.txt,24,24,Solved,1
BPP_50_50_0.2_0.7_4.txt,25,25,Solved,1
BPP_50_50_0.2_0.8_4.txt,29,29,Solved,0
BPP_50_50_0.1_0.7_5.txt,19,19,Solved,0
BPP_50_50_0.1_0.8_5.txt,25,25,Solved,0
BPP_50_50_0.2_0.7_5.txt,24,24,Solved,1
BPP_50_50_0.2_0.8_5.txt,25,25,Solved,0
BPP_50_50_0.1_0.7_6.txt,20,20,Solved,0
BPP_50_50_0.1_0.8_6.txt,23,23,Solved,0
BPP_50_50_0.2_0.7_6.txt,22,22,Solved,0
BPP_50_50_0.2_0.8_6.txt,27,27,Solved,0
BPP_50_50_0.1_0.7_7.txt,23,23,Solved,1
BPP_50_50_0.1_0.8_7.txt,25,25,Solved,0
BPP_50_50_0.2_0.7_7.txt,26,26,Solved,0
BPP_50_50_0.2_0.8_7.txt,27,27,Solved,1
BPP_50_50_0.1_0.7_8.txt,22,22,Solved,0
BPP_50_50_0.1_0.8_8.txt,23,23,Solved,1
BPP_50_50_0.2_0.7_8.txt,26,26,Solved,0
BPP_50_50_0.2_0.8_8.txt,29,29,Solved,0
BPP_50_50_0.1_0.7_9.txt,22,22,Solved,0
BPP_50_50_0.1_0.8_9.txt,24,24,Solved,0
BPP_50_50_0.2_0.7_9.txt,25,25,Solved,0
BPP_50_50_0.2_0.8_9.txt,30,30,Solved,0
BPP_50_75_0.1_0.7_0.txt,20,20,Solved,0
BPP_50_75_0.1_0.8_0.txt,26,26,Solved,0
BPP_50_75_0.2_0.7_0.txt,24,24,Solved,0
BPP_50_75_0.2_0.8_0.txt,28,28,Solved,1
BPP_50_75_0.1_0.7_1.txt,20,20,Solved,1
BPP_50_75_0.1_0.8_1.txt,29,29,Solved,0
BPP_50_75_0.2_0.7_1.txt,22,22,Solved,0
BPP_50_75_0.2_0.8_1.txt,25,25,Solved,0
BPP_50_75_0.1_0.7_2.txt,20,20,Solved,0
BPP_50_75_0.1_0.8_2.txt,23,23,Solved,1
BPP_50_75_0.2_0.7_2.txt,24,24,Solved,1
BPP_50_75_0.2_0.8_2.txt,31,31,Solved,0
BPP_50_75_0.1_0.7_3.txt,20,20,Solved,0
BPP_50_75_0.1_0.8_3.txt,22,22,Solved,1
BPP_50_75_0.2_0.7_3.txt,23,23,Solved,1
BPP_50_75_0.2_0.8_3.txt,31,31,Solved,1
BPP_50_75_0.1_0.7_4.txt,24,24,Solved,0
BPP_50_75_0.1_0.8_4.txt,29,29,Solved,1
BPP_50_75_0.2_0.7_4.txt,22,22,Solved,1
BPP_50_75_0.2_0.8_4.txt,27,27,Solved,1
BPP_50_75_0.1_0.7_5.txt,20,20,Solved,0
BPP_50_75_0.1_0.8_5.txt,26,26,Solved,0
BPP_50_75_0.2_0.7_5.txt,26,26,Solved,0
BPP_50_75_0.2_0.8_5.txt,28,28,Solved,0
BPP_50_75_0.1_0.7_6.txt,19,19,Solved,0
BPP_50_75_0.1_0.8_6.txt,21,21,Solved,0
BPP_50_75_0.2_0.7_6.txt,24,24,Solved,1
BPP_50_75_0.2_0.8_6.txt,26,26,Solved,0
BPP_50_75_0.1_0.7_7.txt,19,19,Solved,1
BPP_50_75_0.1_0.8_7.txt,22,22,Solved,0
BPP_50_75_0.2_0.7_7.txt,27,27,Solved,0
BPP_50_75_0.2_0.8_7.txt,26,26,Solved,0
BPP_50_75_0.1_0.7_8.txt,19,19,Solved,0
BPP_50_75_0.1_0.8_8.txt,20,20,Solved,0
BPP_50_75_0.2_0.7_8.txt,23,23,Solved,0
BPP_50_75_0.2_0.8_8.txt,26,26,Solved,0
BPP_50_75_0.1_0.7_9.txt,20,20,Solved,0
BPP_50_75_0.1_0.8_9.txt,27,27,Solved,0
BPP_50_75_0.2_0.7_9.txt,23,23,Solved,1
BPP_50_75_0.2_0.8_9.txt,33,33,Solved,0
BPP_50_100_0.1_0.7_0.txt,22,22,Solved,0
BPP_50_100_0.1_0.8_0.txt,29,29,Solved,1
BPP_50_100_0.2_0.7_0.txt,27,27,Solved,0
BPP_50_100_0.2_0.8_0.txt,29,29,Solved,0
BPP_50_100_0.1_0.7_1.txt,21,21,Solved,0
BPP_50_100_0.1_0.8_1.txt,26,26,Solved,1
BPP_50_100_0.2_0.7_1.txt,23,23,Solved,1
BPP_50_100_0.2_0.8_1.txt,32,32,Solved,0
BPP_50_100_0.1_0.7_2.txt,22,22,Solved,0
BPP_50_100_0.1_0.8_2.txt,23,23,Solved,0
BPP_50_100_0.2_0.7_2.txt,24,24,Solved,1
BPP_50_100_0.2_0.8_2.txt,27,27,Solved,1
BPP_50_100_0.1_0.7_3.txt,20,20,Solved,0
BPP_50_100_0.1_0.8_3.txt,20,20,Solved,0
BPP_50_100_0.2_0.7_3.txt,22,22,Solved,1
BPP_50_100_0.2_0.8_3.txt,29,29,Solved,0
BPP_50_100_0.1_0.7_4.txt,20,20,Solved,0
BPP_50_100_0.1_0.8_4.txt,25,25,Solved,0
BPP_50_100_0.2_0.7_4.txt,22,22,Solved,0
BPP_50_100_0.2_0.8_4.txt,30,30,Solved,0
BPP_50_100_0.1_0.7_5.txt,22,22,Solved,0
BPP_50_100_0.1_0.8_5.txt,23,23,Solved,0
BPP_50_100_0.2_0.7_5.txt,24,24,Solved,0
BPP_50_100_0.2_0.8_5.txt,25,25,Solved,1
BPP_50_100_0.1_0.7_6.txt,21,21,Solved,0
BPP_50_100_0.1_0.8_6.txt,24,24,Solved,0
BPP_50_100_0.2_0.7_6.txt,25,25,Solved,0
BPP_50_100_0.2_0.8_6.txt,31,31,Solved,0
BPP_50_100_0.1_0.7_7.txt,20,20,Solved,0
BPP_50_100_0.1_0.8_7.txt,24,24,Solved,1
BPP_50_100_0.2_0.7_7.txt,26,26,Solved,0
BPP_50_100_0.2_0.8_7.txt,27,27,Solved,0
BPP_50_100_0.1_0.7_8.txt,21,21,Solved,0
BPP_50_100_0.1_0.8_8.txt,21,21,Solved,1
BPP_50_100_0.2_0.7_8.txt,25,25,Solved,0
BPP_50_100_0.2_0.8_8.txt,26,26,Solved,1
BPP_50_100_0.1_0.7_9.txt,23,23,Solved,0
BPP_50_100_0.1_0.8_9.txt,22,22,Solved,0
BPP_50_100_0.2_0.7_9.txt,23,23,Solved,0
BPP_50_100_0.2_0.8_9.txt,27,27,Solved,0
BPP_50_120_0.1_0.7_0.txt,21,21,Solved,0
BPP_50_120_0.1_0.8_0.txt,25,25,Solved,0
BPP_50_120_0.2_0.7_0.txt,23,23,Solved,1
BPP_50_120_0.2_0.8_0.txt,28,28,Solved,1
BPP_50_120_0.1_0.7_1.txt,20,20,Solved,1
BPP_50_120_0.1_0.8_1.txt,21,21,Solved,0
BPP_50_120_0.2_0.7_1.txt,25,25,Solved,1
BPP_50_120_0.2_0.8_1.txt,27,27,Solved,1
BPP_50_120_0.1_0.7_2.txt,22,22,Solved,0
BPP_50_120_0.1_0.8_2.txt,25,25,Solved,0
BPP_50_120_0.2_0.7_2.txt,22,22,Solved,0
BPP_50_120_0.2_0.8_2.txt,27,27,Solved,0
BPP_50_120_0.1_0.7_3.txt,23,23,Solved,0
BPP_50_120_0.1_0.8_3.txt,22,22,Solved,0
BPP_50_120_0.2_0.7_3.txt,24,24,Solved,1
BPP_50_120_0.2_0.8_3.txt,24,24,Solved,0
BPP_50_120_0.1_0.7_4.txt,18,18,Solved,0
BPP_50_120_0.1_0.8_4.txt,25,25,Solved,0
BPP_50_120_0.2_0.7_4.txt,24,24,Solved,0
BPP_50_120_0.2_0.8_4.txt,28,28,Solved,1
BPP_50_120_0.1_0.7_5.txt,21,21,Solved,0
BPP_50_120_0.1_0.8_5.txt,22,22,Solved,0
BPP_50_120_0.2_0.7_5.txt,23,23,Solved,0
BPP_50_120_0.2_0.8_5.txt,27,27,Solved,0
BPP_50_120_0.1_0.7_6.txt,22,22,Solved,0
BPP_50_120_0.1_0.8_6.txt,22,22,Solved,1
BPP_50_120_0.2_0.7_6.txt,22,22,Solved,0
BPP_50_120_0.2_0.8_6.txt,28,28,Solved,0
BPP_50_120_0.1_0.7_7.txt,21,21,Solved,0
BPP_50_120_0.1_0.8_7.txt,22,22,Solved,0
BPP_50_120_0.2_0.7_7.txt,23,23,Solved,1
BPP_50_120_0.2_0.8_7.txt,24,24,Solved,1
BPP_50_120_0.1_0.7_8.txt,19,19,Solved,1
BPP_50_120_0.1_0.8_8.txt,23,23,Solved,0
BPP_50_120_0.2_0.7_8.txt,23,23,Solved,1
BPP_50_120_0.2_0.8_8.txt,26,26,Solved,0
BPP_50_120_0.1_0.7_9.txt,21,21,Solved,1
BPP_50_120_0.1_0.8_9.txt,22,22,Solved,1
BPP_50_120_0.2_0.7_9.txt,22,22,Solved,0
BPP_50_120_0.2_0.8_9.txt,26,26,Solved,0
BPP_50_125_0.1_0.7_0.txt,20,20,Solved,0
BPP_50_125_0.1_0.8_0.txt,26,26,Solved,0
BPP_50_125_0.2_0.7_0.txt,22,22,Solved,0
BPP_50_125_0.2_0.8_0.txt,24,24,Solved,0
BPP_50_125_0.1_0.7_1.txt,19,19,Solved,1
BPP_50_125_0.1_0.8_1.txt,23,23,Solved,0
BPP_50_125_0.2_0.7_1.txt,24,24,Solved,1
BPP_50_125_0.2_0.8_1.txt,32,32,Solved,0
BPP_50_125_0.1_0.7_2.txt,19,19,Solved,0
BPP_50_125_0.1_0.8_2.txt,21,21,Solved,0
BPP_50_125_0.2_0.7_2.txt,22,22,Solved,1
BPP_50_125_0.2_0.8_2.txt,25,25,Solved,1
BPP_50_125_0.1_0.7_3.txt,20,20,Solved,1
BPP_50_125_0.1_0.8_3.txt,29,29,Solved,0
BPP_50_125_0.2_0.7_3.txt,23,23,Solved,1
BPP_50_125_0.2_0.8_3.txt,29,29,Solved,0
BPP_50_125_0.1_0.7_4.txt,22,22,Solved,1
BPP_50_125_0.1_0.8_4.txt,25,25,Solved,1
BPP_50_125_0.2_0.7_4.txt,25,25,Solved,0
BPP_50_125_0.2_0.8_4.txt,26,26,Solved,1
BPP_50_125_0.1_0.7_5.txt,20,20,Solved,1
BPP_50_125_0.1_0.8_5.txt,30,30,Solved,0
BPP_50_125_0.2_0.7_5.txt,23,23,Solved,1
BPP_50_125_0.2_0.8_5.txt,24,24,Solved,1
BPP_50_125_0.1_0.7_6.txt,21,21,Solved,0
BPP_50_125_0.1_0.8_6.txt,26,26,Solved,1
BPP_50_125_0.2_0.7_6.txt,20,20,Solved,1
BPP_50_125_0.2_0.8_6.txt,27,27,Solved,1
BPP_50_125_0.1_0.7_7.txt,20,20,Solved,0
BPP_50_125_0.1_0.8_7.txt,26,26,Solved,1
BPP_50_125_0.2_0.7_7.txt,25,25,Solved,1
BPP_50_125_0.2_0.8_7.txt,25,25,Solved,1
BPP_50_125_0.1_0.7_8.txt,20,20,Solved,1
BPP_50_125_0.1_0.8_8.txt,21,21,Solved,0
BPP_50_125_0.2_0.7_8.txt,23,23,Solved,1
BPP_50_125_0.2_0.8_8.txt,23,23,Solved,0
BPP_50_125_0.1_0.7_9.txt,21,21,Solved,0
BPP_50_125_0.1_0.8_9.txt,24,24,Solved,0
BPP_50_125_0.2_0.7_9.txt,24,24,Solved,1
BPP_50_125_0.2_0.8_9.txt,28,28,Solved,0
BPP_50_150_0.1_0.7_0.txt,21,21,Solved,0
BPP_50_150_0.1_0.8_0.txt,23,23,Solved,0
BPP_50_150_0.2_0.7_0.txt,22,22,Solved,0
BPP_50_150_0.2_0.8_0.txt,28,28,Solved,0
BPP_50_150_0.1_0.7_1.txt,24,24,Solved,0
BPP_50_150_0.1_0.8_1.txt,27,27,Solved,0
BPP_50_150_0.2_0.7_1.txt,23,23,Solved,0
BPP_50_150_0.2_0.8_1.txt,30,30,Solved,0
BPP_50_150_0.1_0.7_2.txt,20,20,Solved,0
BPP_50_150_0.1_0.8_2.txt,24,24,Solved,0
BPP_50_150_0.2_0.7_2.txt,23,23,Solved,1
BPP_50_150_0.2_0.8_2.txt,28,28,Solved,0
BPP_50_150_0.1_0.7_3.txt,21,21,Solved,1
BPP_50_150_0.1_0.8_3.txt,24,24,Solved,0
BPP_50_150_0.2_0.7_3.txt,23,23,Solved,0
BPP_50_150_0.2_0.8_3.txt,28,28,Solved,1
BPP_50_150_0.1_0.7_4.txt,22,22,Solved,1
BPP_50_150_0.1_0.8_4.txt,20,20,Solved,0
BPP_50_150_0.2_0.7_4.txt,23,23,Solved,1
BPP_50_150_0.2_0.8_4.txt,29,29,Solved,0
BPP_50_150_0.1_0.7_5.txt,21,21,Solved,0
BPP_50_150_0.1_0.8_5.txt,23,23,Solved,0
BPP_50_150_0.2_0.7_5.txt,22,22,Solved,1
BPP_50_150_0.2_0.8_5.txt,25,25,Solved,0
BPP_50_150_0.1_0.7_6.txt,20,20,Solved,1
BPP_50_150_0.1_0.8_6.txt,22,22,Solved,1
BPP_50_150_0.2_0.7_6.txt,20,20,Solved,1
BPP_50_150_0.2_0.8_6.txt,27,27,Solved,0
BPP_50_150_0.1_0.7_7.txt,20,20,Solved,1
BPP_50_150_0.1_0.8_7.txt,22,22,Solved,0
BPP_50_150_0.2_0.7_7.txt,22,22,Solved,0
BPP_50_150_0.2_0.8_7.txt,28,28,Solved,0
BPP_50_150_0.1_0.7_8.txt,20,20,Solved,0
BPP_50_150_0.1_0.8_8.txt,21,21,Solved,1
BPP_50_150_0.2_0.7_8.txt,27,27,Solved,0
BPP_50_150_0.2_0.8_8.txt,29,29,Solved,0
BPP_50_150_0.1_0.7_9.txt,24,24,Solved,1
BPP_50_150_0.1_0.8_9.txt,22,22,Solved,0
BPP_50_150_0.2_0.7_9.txt,24,24,Solved,1
BPP_50_150_0.2_0.8_9.txt,29,29,Solved,0
BPP_50_200_0.1_0.7_0.txt,18,18,Solved,1
BPP_50_200_0.1_0.8_0.txt,24,24,Solved,1
BPP_50_200_0.2_0.7_0.txt,24,24,Solved,1
BPP_50_200_0.2_0.8_0.txt,28,28,Solved,0
BPP_50_200_0.1_0.7_1.txt,19,19,Solved,0
BPP_50_200_0.1_0.8_1.txt,23,23,Solved,1
BPP_50_200_0.2_0.7_1.txt,23,23,Solved,0
BPP_50_200_0.2_0.8_1.txt,28,28,Solved,1
BPP_50_200_0.1_0.7_2.txt,20,20,Solved,0
BPP_50_200_0.1_0.8_2.txt,21,21,Solved,0
BPP_50_200_0.2_0.7_2.txt,23,23,Solved,1
BPP_50_200_0.2_0.8_2.txt,26,26,Solved,0
BPP_50_200_0.1_0.7_3.txt,20,20,Solved,0
BPP_50_200_0.1_0.8_3.txt,22,22,Solved,1
BPP_50_200_0.2_0.7_3.txt,24,24,Solved,1
BPP_50_200_0.2_0.8_3.txt,28,28,Solved,0
BPP_50_200_0.1_0.7_4.txt,21,21,Solved,0
BPP_50_200_0.1_0.8_4.txt,25,25,Solved,0
BPP_50_200_0.2_0.7_4.txt,22,22,Solved,1
BPP_50_200_0.2_0.8_4.txt,26,26,Solved,1
BPP_50_200_0.1_0.7_5.txt,23,23,Solved,1
BPP_50_200_0.1_0.8_5.txt,30,30,Solved,0
BPP_50_200_0.2_0.7_5.txt,25,25,Solved,0
BPP_50_200_0.2_0.8_5.txt,29,29,Solved,0
BPP_50_200_0.1_0.7_6.txt,20,20,Solved,0
BPP_50_200_0.1_0.8_6.txt,23,23,Solved,0
BPP_50_200_0.2_0.7_6.txt,24,24,Solved,1
BPP_50_200_0.2_0.8_6.txt,27,27,Solved,0
BPP_50_200_0.1_0.7_7.txt,20,20,Solved,0
BPP_50_200_0.1_0.8_7.txt,22,22,Solved,0
BPP_50_200_0.2_0.7_7.txt,24,24,Solved,0
BPP_50_200_0.2_0.8_7.txt,24,24,Solved,1
BPP_50_200_0.1_0.7_8.txt,22,22,Solved,0
BPP_50_200_0.1_0.8_8.txt,24,24,Solved,0
BPP_50_200_0.2_0.7_8.txt,22,22,Solved,0
BPP_50_200_0.2_0.8_8.txt,32,32,Solved,0
BPP_50_200_0.1_0.7_9.txt,19,19,Solved,0
BPP_50_200_0.1_0.8_9.txt,22,22,Solved,1
BPP_50_200_0.2_0.7_9.txt,24,24,Solved,1
BPP_50_200_0.2_0.8_9.txt,33,33,Solved,0
BPP_50_300_0.1_0.7_0.txt,21,21,Solved,0
BPP_50_300_0.1_0.8_0.txt,24,24,Solved,0
BPP_50_300_0.2_0.7_0.txt,23,23,Solved,1
BPP_50_300_0.2_0.8_0.txt,24,24,Solved,1
BPP_50_300_0.1_0.7_1.txt,18,18,Solved,0
BPP_50_300_0.1_0.8_1.txt,23,23,Solved,0
BPP_50_300_0.2_0.7_1.txt,20,20,Solved,1
BPP_50_300_0.2_0.8_1.txt,25,25,Solved,0
BPP_50_300_0.1_0.7_2.txt,23,23,Solved,0
BPP_50_300_0.1_0.8_2.txt,25,25,Solved,0
BPP_50_300_0.2_0.7_2.txt,23,23,Solved,0
BPP_50_300_0.2_0.8_2.txt,28,28,Solved,0
BPP_50_300_0.1_0.7_3.txt,20,20,Solved,0
BPP_50_300_0.1_0.8_3.txt,25,25,Solved,0
BPP_50_300_0.2_0.7_3.txt,22,22,Solved,1
BPP_50_300_0.2_0.8_3.txt,32,32,Solved,1
BPP_50_300_0.1_0.7_4.txt,22,22,Solved,0
BPP_50_300_0.1_0.8_4.txt,27,27,Solved,0
BPP_50_300_0.2_0.7_4.txt,22,22,Solved,0
BPP_50_300_0.2_0.8_4.txt,25,25,Solved,0
BPP_50_300_0.1_0.7_5.txt,19,19,Solved,1
BPP_50_300_0.1_0.8_5.txt,22,22,Solved,0
BPP_50_300_0.2_0.7_5.txt,23,23,Solved,1
BPP_50_300_0.2_0.8_5.txt,25,25,Solved,0
BPP_50_300_0.1_0.7_6.txt,20,20,Solved,1
BPP_50_300_0.1_0.8_6.txt,21,21,Solved,0
BPP_50_300_0.2_0.7_6.txt,23,23,Solved,0
BPP_50_300_0.2_0.8_6.txt,26,26,Solved,1
BPP_50_300_0.1_0.7_7.txt,22,22,Solved,0
BPP_50_300_0.1_0.8_7.txt,27,27,Solved,0
BPP_50_300_0.2_0.7_7.txt,25,25,Solved,0
BPP_50_300_0.2_0.8_7.txt,25,25,Solved,0
BPP_50_300_0.1_0.7_8.txt,20,20,Solved,1
BPP_50_300_0.1_0.8_8.txt,29,29,Solved,0
BPP_50_300_0.2_0.7_8.txt,22,22,Solved,1
BPP_50_300_0.2_0.8_8.txt,26,26,Solved,0
BPP_50_300_0.1_0.7_9.txt,20,20,Solved,0
BPP_50_300_0.1_0.8_9.txt,28,28,Solved,0
BPP_50_300_0.2_0.7_9.txt,23,23,Solved,0
BPP_50_300_0.2_0.8_9.txt,25,25,Solved,0
BPP_50_400_0.1_0.7_0.txt,21,21,Solved,1
BPP_50_400_0.1_0.8_0.txt,21,21,Solved,0
BPP_50_400_0.2_0.7_0.txt,24,24,Solved,1
BPP_50_400_0.2_0.8_0.txt,33,33,Solved,0
BPP_50_400_0.1_0.7_1.txt,23,23,Solved,0
BPP_50_400_0.1_0.8_1.txt,29,29,Solved,0
BPP_50_400_0.2_0.7_1.txt,26,26,Solved,0
BPP_50_400_0.2_0.8_1.txt,26,26,Solved,0
BPP_50_400_0.1_0.7_2.txt,21,21,Solved,1
BPP_50_400_0.1_0.8_2.txt,23,23,Solved,1
BPP_50_400_0.2_0.7_2.txt,24,24,Solved,1
BPP_50_400_0.2_0.8_2.txt,27,27,Solved,0
BPP_50_400_0.1_0.7_3.txt,21,21,Solved,0
BPP_50_400_0.1_0.8_3.txt,24,24,Solved,1
BPP_50_400_0.2_0.7_3.txt,25,25,Solved,1
BPP_50_400_0.2_0.8_3.txt,27,27,Solved,1
BPP_50_400_0.1_0.7_4.txt,22,22,Solved,0
BPP_50_400_0.1_0.8_4.txt,20,20,Solved,1
BPP_50_400_0.2_0.7_4.txt,23,23,Solved,0
BPP_50_400_0.2_0.8_4.txt,36,36,Solved,1
BPP_50_400_0.1_0.7_5.txt,20,20,Solved,0
BPP_50_400_0.1_0.8_5.txt,26,26,Solved,0
BPP_50_400_0.2_0.7_5.txt,25,25,Solved,0
BPP_50_400_0.2_0.8_5.txt,27,27,Solved,0
BPP_50_400_0.1_0.7_6.txt,17,17,Solved,0
BPP_50_400_0.1_0.8_6.txt,25,25,Solved,0
BPP_50_400_0.2_0.7_6.txt,21,21,Solved,0
BPP_50_400_0.2_0.8_6.txt,27,27,Solved,0
BPP_50_400_0.1_0.7_7.txt,20,20,Solved,0
BPP_50_400_0.1_0.8_7.txt,24,24,Solved,1
BPP_50_400_0.2_0.7_7.txt,25,25,Solved,1
BPP_50_400_0.2_0.8_7.txt,27,27,Solved,0
BPP_50_400_0.1_0.7_8.txt,22,22,Solved,0
BPP_50_400_0.1_0.8_8.txt,29,29,Solved,0
BPP_50_400_0.2_0.7_8.txt,24,24,Solved,0
BPP_50_400_0.2_0.8_8.txt,26,26,Solved,0
BPP_50_400_0.1_0.7_9.txt,24,24,Solved,0
BPP_50_400_0.1_0.8_9.txt,24,24,Solved,0
BPP_50_400_0.2_0.7_9.txt,24,24,Solved,0
BPP_50_400_0.2_0.8_9.txt,23,23,Solved,1
BPP_50_500_0.1_0.7_0.txt,20,20,Solved,1
BPP_50_500_0.1_0.8_0.txt,24,24,Solved,0
BPP_50_500_0.2_0.7_0.txt,23,23,Solved,0
BPP_50_500_0.2_0.8_0.txt,29,29,Solved,1
BPP_50_500_0.1_0.7_1.txt,18,18,Solved,1
BPP_50_500_0.1_0.8_1.txt,24,24,Solved,0
BPP_50_500_0.2_0.7_1.txt,22,22,Solved,0
BPP_50_500_0.2_0.8_1.txt,25,25,Solved,0
BPP_50_500_0.1_0.7_2.txt,23,23,Solved,1
BPP_50_500_0.1_0.8_2.txt,25,25,Solved,0
BPP_50_500_0.2_0.7_2.txt,25,25,Solved,0
BPP_50_500_0.2_0.8_2.txt,27,27,Solved,0
BPP_50_500_0.1_0.7_3.txt,23,23,Solved,0
BPP_50_500_0.1_0.8_3.txt,22,22,Solved,0
BPP_50_500_0.2_0.7_3.txt,24,24,Solved,1
BPP_50_500_0.2_0.8_3.txt,25,25,Solved,0
BPP_50_500_0.1_0.7_4.txt,20,20,Solved,1
BPP_50_500_0.1_0.8_4.txt,21,21,Solved,0
BPP_50_500_0.2_0.7_4.txt,22,22,Solved,0
BPP_50_500_0.2_0.8_4.txt,29,29,Solved,0
BPP_50_500_0.1_0.7_5.txt,21,21,Solved,0
BPP_50_500_0.1_0.8_5.txt,25,25,Solved,0
BPP_50_500_0.2_0.7_5.txt,26,26,Solved,0
BPP_50_500_0.2_0.8_5.txt,28,28,Solved,1
BPP_50_500_0.1_0.7_6.txt,21,21,Solved,0
BPP_50_500_0.1_0.8_6.txt,22,22,Solved,0
BPP_50_500_0.2_0.7_6.txt,29,29,Solved,0
BPP_50_500_0.2_0.8_6.txt,28,28,Solved,0
BPP_50_500_0.1_0.7_7.txt,22,22,Solved,0
BPP_50_500_0.1_0.8_7.txt,26,26,Solved,1
BPP_50_500_0.2_0.7_7.txt,22,22,Solved,1
BPP_50_500_0.2_0.8_7.txt,32,32,Solved,0
BPP_50_500_0.1_0.7_8.txt,21,21,Solved,1
BPP_50_500_0.1_0.8_8.txt,27,27,Solved,0
BPP_50_500_0.2_0.7_8.txt,22,22,Solved,0
BPP_50_500_0.2_0.8_8.txt,27,27,Solved,0
BPP_50_500_0.1_0.7_9.txt,21,21,Solved,0
BPP_50_500_0.1_0.8_9.txt,25,25,Solved,1
BPP_50_500_0.2_0.7_9.txt,24,24,Solved,1
BPP_50_500_0.2_0.8_9.txt,26,26,Solved,0
BPP_50_750_0.1_0.7_0.txt,22,22,Solved,0
BPP_50_750_0.1_0.8_0.txt,31,31,Solved,0
BPP_50_750_0.2_0.7_0.txt,22,22,Solved,1
BPP_50_750_0.2_0.8_0.txt,28,28,Solved,0
BPP_50_750_0.1_0.7_1.txt,20,20,Solved,0
BPP_50_750_0.1_0.8_1.txt,22,22,Solved,1
BPP_50_750_0.2_0.7_1.txt,25,25,Solved,1
BPP_50_750_0.2_0.8_1.txt,27,27,Solved,1
BPP_50_750_0.1_0.7_2.txt,23,23,Solved,0
BPP_50_750_0.1_0.8_2.txt,27,27,Solved,0
BPP_50_750_0.2_0.7_2.txt,23,23,Solved,1
BPP_50_750_0.2_0.8_2.txt,26,26,Solved,1
BPP_50_750_0.1_0.7_3.txt,21,21,Solved,0
BPP_50_750_0.1_0.8_3.txt,26,26,Solved,0
BPP_50_750_0.2_0.7_3.txt,24,24,Solved,1
BPP_50_750_0.2_0.8_3.txt,31,31,Solved,0
BPP_50_750_0.1_0.7_4.txt,19,19,Solved,0
BPP_50_750_0.1_0.8_4.txt,23,23,Solved,1
BPP_50_750_0.2_0.7_4.txt,23,23,Solved,1
BPP_50_750_0.2_0.8_4.txt,29,29,Solved,1
BPP_50_750_0.1_0.7_5.txt,22,22,Solved,0
BPP_50_750_0.1_0.8_5.txt,24,24,Solved,0
BPP_50_750_0.2_0.7_5.txt,24,24,Solved,0
BPP_50_750_0.2_0.8_5.txt,28,28,Solved,0
BPP_50_750_0.1_0.7_6.txt,22,22,Solved,1
BPP_50_750_0.1_0.8_6.txt,24,24,Solved,0
BPP_50_750_0.2_0.7_6.txt,23,23,Solved,1
BPP_50_750_0.2_0.8_6.txt,27,27,Solved,1
BPP_50_750_0.1_0.7_7.txt,20,20,Solved,0
BPP_50_750_0.1_0.8_7.txt,27,27,Solved,0
BPP_50_750_0.2_0.7_7.txt,24,24,Solved,0
BPP_50_750_0.2_0.8_7.txt,26,26,Solved,0
BPP_50_750_0.1_0.7_8.txt,20,20,Solved,0
BPP_50_750_0.1_0.8_8.txt,24,24,Solved,1
BPP_50_750_0.2_0.7_8.txt,23,23,Solved,0
BPP_50_750_0.2_0.8_8.txt,28,28,Solved,1
BPP_50_750_0.1_0.7_9.txt,22,22,Solved,0
BPP_50_750_0.1_0.8_9.txt,21,21,Solved,0
BPP_50_750_0.2_0.7_9.txt,23,23,Solved,1
BPP_50_750_0.2_0.8_9.txt,29,29,Solved,0
BPP_50_1000_0.1_0.7_0.txt,20,20,Solved,1
BPP_50_1000_0.1_0.8_0.txt,22,22,Solved,1
BPP_50_1000_0.2_0.7_0.txt,24,24,Solved,1
BPP_50_1000_0.2_0.8_0.txt,33,33,Solved,0
BPP_50_1000_0.1_0.7_1.txt,21,21,Solved,0
BPP_50_1000_0.1_0.8_1.txt,22,22,Solved,0
BPP_50_1000_0.2_0.7_1.txt,25,25,Solved,1
BPP_50_1000_0.2_0.8_1.txt,28,28,Solved,1
BPP_50_1000_0.1_0.7_2.txt,22,22,Solved,0
BPP_50_1000_0.1_0.8_2.txt,22,22,Solved,0
BPP_50_1000_0.2_0.7_2.txt,24,24,Solved,0
BPP_50_1000_0.2_0.8_2.txt,29,29,Solved,1
BPP_50_1000_0.1_0.7_3.txt,22,22,Solved,0
BPP_50_1000_0.1_0.8_3.txt,24,24,Solved,1
BPP_50_1000_0.2_0.7_3.txt,24,24,Solved,0
BPP_50_1000_0.2_0.8_3.txt,29,29,Solved,1
BPP_50_1000_0.1_0.7_4.txt,21,21,Solved,0
BPP_50_1000_0.1_0.8_4.txt,24,24,Solved,1
BPP_50_1000_0.2_0.7_4.txt,21,21,Solved,0
BPP_50_1000_0.2_0.8_4.txt,25,25,Solved,1
BPP_50_1000_0.1_0.7_5.txt,23,23,Solved,0
BPP_50_1000_0.1_0.8_5.txt,27,27,Solved,0
BPP_50_1000_0.2_0.7_5.txt,24,24,Solved,0
BPP_50_1000_0.2_0.8_5.txt,30,30,Solved,0
BPP_50_1000_0.1_0.7_6.txt,22,22,Solved,1
BPP_50_1000_0.1_0.8_6.txt,22,22,Solved,0
BPP_50_1000_0.2_0.7_6.txt,22,22,Solved,1
BPP_50_1000_0.2_0.8_6.txt,31,31,Solved,0
BPP_50_1000_0.1_0.7_7.txt,19,19,Solved,1
BPP_50_1000_0.1_0.8_7.txt,23,23,Solved,0
BPP_50_1000_0.2_0.7_7.txt,25,25,Solved,1
BPP_50_1000_0.2_0.8_7.txt,28,28,Solved,0
BPP_50_1000_0.1_0.7_8.txt,21,21,Solved,0
BPP_50_1000_0.1_0.8_8.txt,20,20,Solved,1
BPP_50_1000_0.2_0.7_8.txt,26,26,Solved,0
BPP_50_1000_0.2_0.8_8.txt,26,26,Solved,1
BPP_50_1000_0.1_0.7_9.txt,20,20,Solved,0
BPP_50_1000_0.1_0.8_9.txt,23,23,Solved,1
BPP_50_1000_0.2_0.7_9.txt,22,22,Solved,1
BPP_50_1000_0.2_0.8_9.txt,29,29,Solved,0
BPP_100_50_0.1_0.7_0.txt,41,41,Solved,0
BPP_100_50_0.1_0.8_0.txt,43,43,Solved,0
BPP_100_50_0.2_0.7_0.txt,49,49,Solved,1
BPP_100_50_0.2_0.8_0.txt,50,50,Solved,1
BPP_100_50_0.1_0.7_1.txt,40,40,Solved,0
BPP_100_50_0.1_0.8_1.txt,44,44,Solved,0
BPP_100_50_0.2_0.7_1.txt,47,47,Solved,1
BPP_100_50_0.2_0.8_1.txt,51,51,Solved,1
BPP_100_50_0.1_0.7_2.txt,40,40,Solved,0
BPP_100_50_0.1_0.8_2.txt,50,50,Solved,0
BPP_100_50_0.2_0.7_2.txt,45,45,Solved,1
BPP_100_50_0.2_0.8_2.txt,52,52,Solved,1
BPP_100_50_0.1_0.7_3.txt,44,44,Solved,1
BPP_100_50_0.1_0.8_3.txt,46,46,Solved,0
BPP_100_50_0.2_0.7_3.txt,49,49,Solved,0
BPP_100_50_0.2_0.8_3.txt,51,51,Solved,0
BPP_100_50_0.1_0.7_4.txt,39,39,Solved,0
BPP_100_50_0.1_0.8_4.txt,42,42,Solved,0
BPP_100_50_0.2_0.7_4.txt,47,47,Solved,1
BPP_100_50_0.2_0.8_4.txt,53,53,Solved,1
BPP_100_50_0.1_0.7_5.txt,43,43,Solved,1
BPP_100_50_0.1_0.8_5.txt,42,42,Solved,1
BPP_100_50_0.2_0.7_5.txt,46,46,Solved,1
BPP_100_50_0.2_0.8_5.txt,48,48,Solved,1
BPP_100_50_0.1_0.7_6.txt,40,40,Solved,1
BPP_100_50_0.1_0.8_6.txt,44,44,Solved,0
BPP_100_50_0.2_0.7_6.txt,46,46,Solved,1
BPP_100_50_0.2_0.8_6.txt,51,51,Solved,0
BPP_100_50_0.1_0.7_7.txt,40,40,Solved,0
BPP_100_50_0.1_0.8_7.txt,45,45,Solved,0
BPP_100_50_0.2_0.7_7.txt,44,44,Solved,1
BPP_100_50_0.2_0.8_7.txt,55,55,Solved,0
BPP_100_50_0.1_0.7_8.txt,40,40,Solved,0
BPP_100_50_0.1_0.8_8.txt,47,47,Solved,0
BPP_100_50_0.2_0.7_8.txt,46,46,Solved,0
BPP_100_50_0.2_0.8_8.txt,56,56,Solved,0
BPP_100_50_0.1_0.7_9.txt,41,41,Solved,0
BPP_100_50_0.1_0.8_9.txt,47,47,Solved,0
BPP_100_50_0.2_0.7_9.txt,51,51,Solved,0
BPP_100_50_0.2_0.8_9.txt,52,52,Solved,0
BPP_100_75_0.1_0.7_0.txt,38,38,Solved,0
BPP_100_75_0.1_0.8_0.txt,51,51,Solved,0
BPP_100_75_0.2_0.7_0.txt,46,46,Solved,1
BPP_100_75_0.2_0.8_0.txt,48,48,Solved,1
BPP_100_75_0.1_0.7_1.txt,39,39,Solved,0
BPP_100_75_0.1_0.8_1.txt,47,47,Solved,0
BPP_100_75_0.2_0.7_1.txt,50,50,Solved,0
BPP_100_75_0.2_0.8_1.txt,54,54,Solved,0
BPP_100_75_0.1_0.7_2.txt,42,42,Solved,1
BPP_100_75_0.1_0.8_2.txt,46,46,Solved,0
BPP_100_75_0.2_0.7_2.txt,45,45,Solved,1
BPP_100_75_0.2_0.8_2.txt,53,53,Solved,1
BPP_100_75_0.1_0.7_3.txt,44,44,Solved,1
BPP_100_75_0.1_0.8_3.txt,52,52,Solved,0
BPP_100_75_0.2_0.7_3.txt,49,49,Solved,0
BPP_100_75_0.2_0.8_3.txt,53,53,Solved,0
BPP_100_75_0.1_0.7_4.txt,41,41,Solved,0
BPP_100_75_0.1_0.8_4.txt,49,49,Solved,0
BPP_100_75_0.2_0.7_4.txt,45,45,Solved,1
BPP_100_75_0.2_0.8_4.txt,48,48,Solved,1
BPP_100_75_0.1_0.7_5.txt,40,40,Solved,0
BPP_100_75_0.1_0.8_5.txt,47,47,Solved,1
BPP_100_75_0.2_0.7_5.txt,47,47,Solved,1
BPP_100_75_0.2_0.8_5.txt,52,52,Solved,0
BPP_100_75_0.1_0.7_6.txt,41,41,Solved,1
BPP_100_75_0.1_0.8_6.txt,44,44,Solved,0
BPP_100_75_0.2_0.7_6.txt,49,49,Solved,1
BPP_100_75_0.2_0.8_6.txt,48,48,Solved,0
BPP_100_75_0.1_0.7_7.txt,39,39,Solved,1
BPP_100_75_0.1_0.8_7.txt,48,48,Solved,1
BPP_100_75_0.2_0.7_7.txt,45,45,Solved,1
BPP_100_75_0.2_0.8_7.txt,50,50,Solved,0
BPP_100_75_0.1_0.7_8.txt,38,38,Solved,1
BPP_100_75_0.1_0.8_8.txt,46,46,Solved,0
BPP_100_75_0.2_0.7_8.txt,45,45,Solved,0
BPP_100_75_0.2_0.8_8.txt,65,65,Solved,1
BPP_100_75_0.1_0.7_9.txt,38,38,Solved,0
BPP_100_75_0.1_0.8_9.txt,48,48,Solved,0
BPP_100_75_0.2_0.7_9.txt,47,47,Solved,1
BPP_100_75_0.2_0.8_9.txt,48,48,Solved,1
BPP_100_100_0.1_0.7_0.txt,40,40,Solved,1
BPP_100_100_0.1_0.8_0.txt,47,47,Solved,1
BPP_100_100_0.2_0.7_0.txt,47,47,Solved,1
BPP_100_100_0.2_0.8_0.txt,53,53,Solved,0
BPP_100_100_0.1_0.7_1.txt,41,41,Solved,1
BPP_100_100_0.1_0.8_1.txt,49,49,Solved,0
BPP_100_100_0.2_0.7_1.txt,46,46,Solved,1
BPP_100_100_0.2_0.8_1.txt,53,53,Solved,0
BPP_100_100_0.1_0.7_2.txt,40,40,Solved,1
BPP_100_100_0.1_0.8_2.txt,42,42,Solved,0
BPP_100_100_0.2_0.7_2.txt,54,54,Solved,0
BPP_100_100_0.2_0.8_2.txt,56,56,Solved,0
BPP_100_100_0.1_0.7_3.txt,39,39,Solved,0
BPP_100_100_0.1_0.8_3.txt,48,48,Solved,1
BPP_100_100_0.2_0.7_3.txt,45,45,Solved,1
BPP_100_100_0.2_0.8_3.txt,55,55,Solved,0
BPP_100_100_0.1_0.7_4.txt,40,40,Solved,1
BPP_100_100_0.1_0.8_4.txt,58,58,Solved,0
BPP_100_100_0.2_0.7_4.txt,50,50,Solved,0
BPP_100_100_0.2_0.8_4.txt,57,57,Solved,0
BPP_100_100_0.1_0.7_5.txt,43,43,Solved,0
BPP_100_100_0.1_0.8_5.txt,50,50,Solved,1
BPP_100_100_0.2_0.7_5.txt,47,47,Solved,1
BPP_100_100_0.2_0.8_5.txt,58,58,Solved,0
BPP_100_100_0.1_0.7_6.txt,41,41,Solved,1
BPP_100_100_0.1_0.8_6.txt,46,46,Solved,1
BPP_100_100_0.2_0.7_6.txt,46,46,Solved,1
BPP_100_100_0.2_0.8_6.txt,50,50,Solved,0
BPP_100_100_0.1_0.7_7.txt,42,42,Solved,0
BPP_100_100_0.1_0.8_7.txt,47,47,Solved,1
BPP_100_100_0.2_0.7_7.txt,45,45,Solved,1
BPP_100_100_0.2_0.8_7.txt,53,53,Solved,0
BPP_100_100_0.1_0.7_8.txt,41,41,Solved,1
BPP_100_100_0.1_0.8_8.txt,45,45,Solved,0
BPP_100_100_0.2_0.7_8.txt,46,46,Solved,1
BPP_100_100_0.2_0.8_8.txt,50,50,Solved,1
BPP_100_100_0.1_0.7_9.txt,41,41,Solved,1
BPP_100_100_0.1_0.8_9.txt,46,46,Solved,0
BPP_100_100_0.2_0.7_9.txt,45,45,Solved,1
BPP_100_100_0.2_0.8_9.txt,66,66,Solved,0
BPP_100_120_0.1_0.7_0.txt,41,41,Solved,1
BPP_100_120_0.1_0.8_0.txt,43,43,Solved,1
BPP_100_120_0.2_0.7_0.txt,50,50,Solved,0
BPP_100_120_0.2_0.8_0.txt,54,54,Solved,0
BPP_100_120_0.1_0.7_1.txt,40,40,Solved,1
BPP_100_120_0.1_0.8_1.txt,46,46,Solved,1
BPP_100_120_0.2_0.7_1.txt,48,48,Solved,1
BPP_100_120_0.2_0.8_1.txt,48,48,Solved,1
BPP_100_120_0.1_0.7_2.txt,38,38,Solved,1
BPP_100_120_0.1_0.8_2.txt,45,45,Solved,1
BPP_100_120_0.2_0.7_2.txt,46,46,Solved,0
BPP_100_120_0.2_0.8_2.txt,51,51,Solved,0
BPP_100_120_0.1_0.7_3.txt,41,41,Solved,1
BPP_100_120_0.1_0.8_3.txt,51,51,Solved,1
BPP_100_120_0.2_0.7_3.txt,41,41,Solved,1
BPP_100_120_0.2_0.8_3.txt,55,55,Solved,0
BPP_100_120_0.1_0.7_4.txt,41,41,Solved,0
BPP_100_120_0.1_0.8_4.txt,47,47,Solved,0
BPP_100_120_0.2_0.7_4.txt,48,48,Solved,0
BPP_100_120_0.2_0.8_4.txt,49,49,Solved,1
BPP_100_120_0.1_0.7_5.txt,40,40,Solved,0
BPP_100_120_0.1_0.8_5.txt,43,43,Solved,1
BPP_100_120_0.2_0.7_5.txt,48,48,Solved,1
BPP_100_120_0.2_0.8_5.txt,51,51,Solved,1
BPP_100_120_0.1_0.7_6.txt,40,40,Solved,1
BPP_100_120_0.1_0.8_6.txt,45,45,Solved,0
BPP_100_120_0.2_0.7_6.txt,45,45,Solved,1
BPP_100_120_0.2_0.8_6.txt,54,54,Solved,0
BPP_100_120_0.1_0.7_7.txt,41,41,Solved,0
BPP_100_120_0.1_0.8_7.txt,54,54,Solved,0
BPP_100_120_0.2_0.7_7.txt,44,44,Solved,1
BPP_100_120_0.2_0.8_7.txt,54,54,Solved,0
BPP_100_120_0.1_0.7_8.txt,40,40,Solved,1
BPP_100_120_0.1_0.8_8.txt,44,44,Solved,1
BPP_100_120_0.2_0.7_8.txt,46,46,Solved,1
BPP_100_120_0.2_0.8_8.txt,53,53,Solved,0
BPP_100_120_0.1_0.7_9.txt,40,40,Solved,1
BPP_100_120_0.1_0.8_9.txt,44,44,Solved,1
BPP_100_120_0.2_0.7_9.txt,45,45,Solved,1
BPP_100_120_0.2_0.8_9.txt,54,54,Solved,0
BPP_100_125_0.1_0.7_0.txt,36,36,Solved,0
BPP_100_125_0.1_0.8_0.txt,47,47,Solved,0
BPP_100_125_0.2_0.7_0.txt,46,46,Solved,1
BPP_100_125_0.2_0.8_0.txt,60,60,Solved,0
BPP_100_125_0.1_0.7_1.txt,39,39,Solved,0
BPP_100_125_0.1_0.8_1.txt,46,46,Solved,1
BPP_100_125_0.2_0.7_1.txt,48,48,Solved,1
BPP_100_125_0.2_0.8_1.txt,52,52,Solved,1
BPP_100_125_0.1_0.7_2.txt,42,42,Solved,1
BPP_100_125_0.1_0.8_2.txt,45,45,Solved,1
BPP_100_125_0.2_0.7_2.txt,45,45,Solved,1
BPP_100_125_0.2_0.8_2.txt,48,48,Solved,1
BPP_100_125_0.1_0.7_3.txt,42,42,Solved,1
BPP_100_125_0.1_0.8_3.txt,44,44,Solved,1
BPP_100_125_0.2_0.7_3.txt,44,44,Solved,1
BPP_100_125_0.2_0.8_3.txt,51,51,Solved,0
BPP_100_125_0.1_0.7_4.txt,38,38,Solved,0
BPP_100_125_0.1_0.8_4.txt,47,47,Solved,0
BPP_100_125_0.2_0.7_4.txt,46,46,Solved,1
BPP_100_125_0.2_0.8_4.txt,53,53,Solved,0
BPP_100_125_0.1_0.7_5.txt,40,40,Solved,0
BPP_100_125_0.1_0.8_5.txt,44,44,Solved,0
BPP_100_125_0.2_0.7_5.txt,45,45,Solved,1
BPP_100_125_0.2_0.8_5.txt,59,59,Solved,0
BPP_100_125_0.1_0.7_6.txt,41,41,Solved,1
BPP_100_125_0.1_0.8_6.txt,50,50,Solved,1
BPP_100_125_0.2_0.7_6.txt,45,45,Solved,1
BPP_100_125_0.2_0.8_6.txt,52,52,Solved,0
BPP_100_125_0.1_0.7_7.txt,43,43,Solved,0
BPP_100_125_0.1_0.8_7.txt,52,52,Solved,1
BPP_100_125_0.2_0.7_7.txt,48,48,Solved,1
BPP_100_125_0.2_0.8_7.txt,54,54,Solved,1
BPP_100_125_0.1_0.7_8.txt,39,39,Solved,0
BPP_100_125_0.1_0.8_8.txt,42,42,Solved,1
BPP_100_125_0.2_0.7_8.txt,49,49,Solved,1
BPP_100_125_0.2_0.8_8.txt,57,57,Solved,0
BPP_100_125_0.1_0.7_9.txt,39,39,Solved,1
BPP_100_125_0.1_0.8_9.txt,44,44,Solved,1
BPP_100_125_0.2_0.7_9.txt,46,46,Solved,1
BPP_100_125_0.2_0.8_9.txt,52,52,Solved,0
BPP_100_150_0.1_0.7_0.txt,39,39,Solved,0
BPP_100_150_0.1_0.8_0.txt,55,55,Solved,0
BPP_100_150_0.2_0.7_0.txt,46,46,Solved,1
BPP_100_150_0.2_0.8_0.txt,51,51,Solved,0
BPP_100_150_0.1_0.7_1.txt,41,41,Solved,1
BPP_100_150_0.1_0.8_1.txt,46,46,Solved,1
BPP_100_150_0.2_0.7_1.txt,46,46,Solved,1
BPP_100_150_0.2_0.8_1.txt,53,53,Solved,0
BPP_100_150_0.1_0.7_2.txt,40,40,Solved,1
BPP_100_150_0.1_0.8_2.txt,43,43,Solved,0
BPP_100_150_0.2_0.7_2.txt,48,48,Solved,1
BPP_100_150_0.2_0.8_2.txt,52,52,Solved,0
BPP_100_150_0.1_0.7_3.txt,44,44,Solved,1
BPP_100_150_0.1_0.8_3.txt,44,44,Solved,1
BPP_100_150_0.2_0.7_3.txt,46,46,Solved,1
BPP_100_150_0.2_0.8_3.txt,51,51,Solved,0
BPP_100_150_0.1_0.7_4.txt,39,39,Solved,1
BPP_100_150_0.1_0.8_4.txt,50,50,Solved,0
BPP_100_150_0.2_0.7_4.txt,44,44,Solved,1
BPP_100_150_0.2_0.8_4.txt,53,53,Solved,1
BPP_100_150_0.1_0.7_5.txt,41,41,Solved,1
BPP_100_150_0.1_0.8_5.txt,47,47,Solved,0
BPP_100_150_0.2_0.7_5.txt,52,52,Solved,0
BPP_100_150_0.2_0.8_5.txt,52,52,Solved,0
BPP_100_150_0.1_0.7_6.txt,39,39,Solved,1
BPP_100_150_0.1_0.8_6.txt,45,45,Solved,0
BPP_100_150_0.2_0.7_6.txt,47,47,Solved,0
BPP_100_150_0.2_0.8_6.txt,57,57,Solved,0
BPP_100_150_0.1_0.7_7.txt,41,41,Solved,0
BPP_100_150_0.1_0.8_7.txt,47,47,Solved,1
BPP_100_150_0.2_0.7_7.txt,47,47,Solved,1
BPP_100_150_0.2_0.8_7.txt,56,56,Solved,0
BPP_100_150_0.1_0.7_8.txt,39,39,Solved,0
BPP_100_150_0.1_0.8_8.txt,48,48,Solved,0
BPP_100_150_0.2_0.7_8.txt,53,53,Solved,0
BPP_100_150_0.2_0.8_8.txt,53,53,Solved,1
BPP_100_150_0.1_0.7_9.txt,42,42,Solved,1
BPP_100_150_0.1_0.8_9.txt,45,45,Solved,1
BPP_100_150_0.2_0.7_9.txt,49,49,Solved,0
BPP_100_150_0.2_0.8_9.txt,56,56,Solved,0
BPP_100_200_0.1_0.7_0.txt,42,42,Solved,0
BPP_100_200_0.1_0.8_0.txt,46,46,Solved,1
BPP_100_200_0.2_0.7_0.txt,45,45,Solved,1
BPP_100_200_0.2_0.8_0.txt,54,54,Solved,0
BPP_100_200_0.1_0.7_1.txt,42,42,Solved,1
BPP_100_200_0.1_0.8_1.txt,50,50,Solved,0
BPP_100_200_0.2_0.7_1.txt,43,43,Solved,1
BPP_100_200_0.2_0.8_1.txt,57,57,Solved,0
BPP_100_200_0.1_0.7_2.txt,39,39,Solved,0
BPP_100_200_0.1_0.8_2.txt,45,45,Solved,0
BPP_100_200_0.2_0.7_2.txt,46,46,Solved,1
BPP_100_200_0.2_0.8_2.txt,46,46,Solved,1
BPP_100_200_0.1_0.7_3.txt,45,45,Solved,1
BPP_100_200_0.1_0.8_3.txt,44,44,Solved,1
BPP_100_200_0.2_0.7_3.txt,46,46,Solved,1
BPP_100_200_0.2_0.8_3.txt,51,51,Solved,1
BPP_100_200_0.1_0.7_4.txt,43,43,Solved,0
BPP_100_200_0.1_0.8_4.txt,46,46,Solved,0
BPP_100_200_0.2_0.7_4.txt,46,46,Solved,1
BPP_100_200_0.2_0.8_4.txt,50,50,Solved,1
BPP_100_200_0.1_0.7_5.txt,41,41,Solved,0
BPP_100_200_0.1_0.8_5.txt,51,51,Solved,0
BPP_100_200_0.2_0.7_5.txt,46,46,Solved,1
BPP_100_200_0.2_0.8_5.txt,53,53,Solved,0
BPP_100_200_0.1_0.7_6.txt,40,40,Solved,1
BPP_100_200_0.1_0.8_6.txt,50,50,Solved,0
BPP_100_200_0.2_0.7_6.txt,46,46,Solved,1
BPP_100_200_0.2_0.8_6.txt,55,55,Solved,0
BPP_100_200_0.1_0.7_7.txt,43,43,Solved,1
BPP_100_200_0.1_0.8_7.txt,45,45,Solved,0
BPP_100_200_0.2_0.7_7.txt,45,45,Solved,1
BPP_100_200_0.2_0.8_7.txt,53,53,Solved,1
BPP_100_200_0.1_0.7_8.txt,37,37,Solved,1
BPP_100_200_0.1_0.8_8.txt,52,52,Solved,0
BPP_100_200_0.2_0.7_8.txt,47,47,Solved,1
BPP_100_200_0.2_0.8_8.txt,51,51,Solved,0
BPP_100_200_0.1_0.7_9.txt,42,42,Solved,1
BPP_100_200_0.1_0.8_9.txt,56,56,Solved,0
BPP_100_200_0.2_0.7_9.txt,48,48,Solved,1
BPP_100_200_0.2_0.8_9.txt,52,52,Solved,0
BPP_100_300_0.1_0.7_0.txt,38,38,Solved,1
BPP_100_300_0.1_0.8_0.txt,45,45,Solved,1
BPP_100_300_0.2_0.7_0.txt,43,43,Solved,1
BPP_100_300_0.2_0.8_0.txt,54,54,Solved,0
BPP_100_300_0.1_0.7_1.txt,38,38,Solved,0
BPP_100_300_0.1_0.8_1.txt,43,43,Solved,1
BPP_100_300_0.2_0.7_1.txt,44,44,Solved,1
BPP_100_300_0.2_0.8_1.txt,50,50,Solved,1
BPP_100_300_0.1_0.7_2.txt,40,40,Solved,1
BPP_100_300_0.1_0.8_2.txt,46,46,Solved,1
BPP_100_300_0.2_0.7_2.txt,44,44,Solved,1
BPP_100_300_0.2_0.8_2.txt,56,56,Solved,0
BPP_100_300_0.1_0.7_3.txt,42,42,Solved,0
BPP_100_300_0.1_0.8_3.txt,50,50,Solved,0
BPP_100_300_0.2_0.7_3.txt,46,46,Solved,1
BPP_100_300_0.2_0.8_3.txt,49,49,Solved,0
BPP_100_300_0.1_0.7_4.txt,42,42,Solved,1
BPP_100_300_0.1_0.8_4.txt,43,43,Solved,1
BPP_100_300_0.2_0.7_4.txt,47,47,Solved,1
BPP_100_300_0.2_0.8_4.txt,56,56,Solved,0
BPP_100_300_0.1_0.7_5.txt,42,42,Solved,0
BPP_100_300_0.1_0.8_5.txt,51,51,Solved,0
BPP_100_300_0.2_0.7_5.txt,47,47,Solved,1
BPP_100_300_0.2_0.8_5.txt,52,52,Solved,0
BPP_100_300_0.1_0.7_6.txt,43,43,Solved,1
BPP_100_300_0.1_0.8_6.txt,43,43,Solved,1
BPP_100_300_0.2_0.7_6.txt,44,44,Solved,1
BPP_100_300_0.2_0.8_6.txt,55,55,Solved,0
BPP_100_300_0.1_0.7_7.txt,39,39,Solved,1
BPP_100_300_0.1_0.8_7.txt,50,50,Solved,0
BPP_100_300_0.2_0.7_7.txt,47,47,Solved,1
BPP_100_300_0.2_0.8_7.txt,55,55,Solved,0
BPP_100_300_0.1_0.7_8.txt,39,39,Solved,1
BPP_100_300_0.1_0.8_8.txt,45,45,Solved,1
BPP_100_300_0.2_0.7_8.txt,46,46,Solved,1
BPP_100_300_0.2_0.8_8.txt,53,53,Solved,0
BPP_100_300_0.1_0.7_9.txt,42,42,Solved,0
BPP_100_300_0.1_0.8_9.txt,45,45,Solved,1
BPP_100_300_0.2_0.7_9.txt,43,43,Solved,1
BPP_100_300_0.2_0.8_9.txt,50,50,Solved,1
BPP_100_400_0.1_0.7_0.txt,38,38,Solved,1
BPP_100_400_0.1_0.8_0.txt,45,45,Solved,1
BPP_100_400_0.2_0.7_0.txt,46,46,Solved,1
BPP_100_400_0.2_0.8_0.txt,52,52,Solved,1
BPP_100_400_0.1_0.7_1.txt,42,42,Solved,1
BPP_100_400_0.1_0.8_1.txt,45,45,Solved,0
BPP_100_400_0.2_0.7_1.txt,44,44,Solved,1
BPP_100_400_0.2_0.8_1.txt,55,55,Solved,1
BPP_100_400_0.1_0.7_2.txt,46,46,Solved,0
BPP_100_400_0.1_0.8_2.txt,46,46,Solved,0
BPP_100_400_0.2_0.7_2.txt,50,50,Solved,0
BPP_100_400_0.2_0.8_2.txt,50,50,Solved,0
BPP_100_400_0.1_0.7_3.txt,43,43,Solved,0
BPP_100_400_0.1_0.8_3.txt,48,48,Solved,1
BPP_100_400_0.2_0.7_3.txt,45,45,Solved,1
BPP_100_400_0.2_0.8_3.txt,55,55,Solved,0
BPP_100_400_0.1_0.7_4.txt,39,39,Solved,0
BPP_100_400_0.1_0.8_4.txt,47,47,Solved,1
BPP_100_400_0.2_0.7_4.txt,49,49,Solved,0
BPP_100_400_0.2_0.8_4.txt,57,57,Solved,0
BPP_100_400_0.1_0.7_5.txt,42,42,Solved,1
BPP_100_400_0.1_0.8_5.txt,44,44,Solved,1
BPP_100_400_0.2_0.7_5.txt,47,47,Solved,1
BPP_100_400_0.2_0.8_5.txt,53,53,Solved,0
BPP_100_400_0.1_0.7_6.txt,41,41,Solved,1
BPP_100_400_0.1_0.8_6.txt,48,48,Solved,0
BPP_100_400_0.2_0.7_6.txt,46,46,Solved,1
BPP_100_400_0.2_0.8_6.txt,53,53,Solved,0
BPP_100_400_0.1_0.7_7.txt,43,43,Solved,0
BPP_100_400_0.1_0.8_7.txt,47,47,Solved,1
BPP_100_400_0.2_0.7_7.txt,46,46,Solved,1
BPP_100_400_0.2_0.8_7.txt,55,55,Solved,0
BPP_100_400_0.1_0.7_8.txt,39,39,Solved,1
BPP_100_400_0.1_0.8_8.txt,48,48,Solved,0
BPP_100_400_0.2_0.7_8.txt,45,45,Solved,1
BPP_100_400_0.2_0.8_8.txt,51,51,Solved,1
BPP_100_400_0.1_0.7_9.txt,40,40,Solved,1
BPP_100_400_0.1_0.8_9.txt,47,47,Solved,1
BPP_100_400_0.2_0.7_9.txt,49,49,Solved,0
BPP_100_400_0.2_0.8_9.txt,49,49,Solved,1
BPP_100_500_0.1_0.7_0.txt,39,39,Solved,1
BPP_100_500_0.1_0.8_0.txt,43,43,Solved,0
BPP_100_500_0.2_0.7_0.txt,44,44,Solved,1
BPP_100_500_0.2_0.8_0.txt,49,49,Solved,1
BPP_100_500_0.1_0.7_1.txt,43,43,Solved,1
BPP_100_500_0.1_0.8_1.txt,49,49,Solved,0
BPP_100_500_0.2_0.7_1.txt,49,49,Solved,1
BPP_100_500_0.2_0.8_1.txt,49,49,Solved,0
BPP_100_500_0.1_0.7_2.txt,42,42,Solved,1
BPP_100_500_0.1_0.8_2.txt,46,46,Solved,1
BPP_100_500_0.2_0.7_2.txt,46,46,Solved,1
BPP_100_500_0.2_0.8_2.txt,50,50,Solved,0
BPP_100_500_0.1_0.7_3.txt,42,42,Solved,1
BPP_100_500_0.1_0.8_3.txt,49,49,Solved,0
BPP_100_500_0.2_0.7_3.txt,48,48,Solved,0
BPP_100_500_0.2_0.8_3.txt,49,49,Solved,0
BPP_100_500_0.1_0.7_4.txt,39,39,Solved,1
BPP_100_500_0.1_0.8_4.txt,46,46,Solved,1
BPP_100_500_0.2_0.7_4.txt,48,48,Solved,1
BPP_100_500_0.2_0.8_4.txt,63,63,Solved,0
BPP_100_500_0.1_0.7_5.txt,40,40,Solved,1
BPP_100_500_0.1_0.8_5.txt,52,52,Solved,0
BPP_100_500_0.2_0.7_5.txt,47,47,Solved,1
BPP_100_500_0.2_0.8_5.txt,50,50,Solved,1
BPP_100_500_0.1_0.7_6.txt,42,42,Solved,1
BPP_100_500_0.1_0.8_6.txt,47,47,Solved,1
BPP_100_500_0.2_0.7_6.txt,50,50,Solved,1
BPP_100_500_0.2_0.8_6.txt,57,57,Solved,0
BPP_100_500_0.1_0.7_7.txt,41,41,Solved,1
BPP_100_500_0.1_0.8_7.txt,47,47,Solved,0
BPP_100_500_0.2_0.7_7.txt,47,47,Solved,1
BPP_100_500_0.2_0.8_7.txt,54,54,Solved,0
BPP_100_500_0.1_0.7_8.txt,40,40,Solved,0
BPP_100_500_0.1_0.8_8.txt,46,46,Solved,1
BPP_100_500_0.2_0.7_8.txt,46,46,Solved,1
BPP_100_500_0.2_0.8_8.txt,53,53,Solved,1
BPP_100_500_0.1_0.7_9.txt,44,44,Solved,1
BPP_100_500_0.1_0.8_9.txt,45,45,Solved,1
BPP_100_500_0.2_0.7_9.txt,49,49,Solved,1
BPP_100_500_0.2_0.8_9.txt,54,54,Solved,0
BPP_100_750_0.1_0.7_0.txt,39,39,Solved,1
BPP_100_750_0.1_0.8_0.txt,44,44,Solved,1
BPP_100_750_0.2_0.7_0.txt,45,45,Solved,1
BPP_100_750_0.2_0.8_0.txt,54,54,Solved,1
BPP_100_750_0.1_0.7_1.txt,38,38,Solved,0
BPP_100_750_0.1_0.8_1.txt,44,44,Solved,1
BPP_100_750_0.2_0.7_1.txt,49,49,Solved,1
BPP_100_750_0.2_0.8_1.txt,50,50,Solved,1
BPP_100_750_0.1_0.7_2.txt,41,41,Solved,1
BPP_100_750_0.1_0.8_2.txt,44,44,Solved,1
BPP_100_750_0.2_0.7_2.txt,45,45,Solved,1
BPP_100_750_0.2_0.8_2.txt,52,52,Solved,0
BPP_100_750_0.1_0.7_3.txt,41,41,Solved,1
BPP_100_750_0.1_0.8_3.txt,47,47,Solved,0
BPP_100_750_0.2_0.7_3.txt,45,45,Solved,1
BPP_100_750_0.2_0.8_3.txt,50,50,Solved,1
BPP_100_750_0.1_0.7_4.txt,41,41,Solved,0
BPP_100_750_0.1_0.8_4.txt,52,52,Solved,0
BPP_100_750_0.2_0.7_4.txt,45,45,Solved,1
BPP_100_750_0.2_0.8_4.txt,51,51,Solved,1
BPP_100_750_0.1_0.7_5.txt,44,44,Solved,1
BPP_100_750_0.1_0.8_5.txt,48,48,Solved,1
BPP_100_750_0.2_0.7_5.txt,44,44,Solved,1
BPP_100_750_0.2_0.8_5.txt,51,51,Solved,0
BPP_100_750_0.1_0.7_6.txt,41,41,Solved,0
BPP_100_750_0.1_0.8_6.txt,44,44,Solved,1
BPP_100_750_0.2_0.7_6.txt,47,47,Solved,1
BPP_100_750_0.2_0.8_6.txt,49,49,Solved,0
BPP_100_750_0.1_0.7_7.txt,41,41,Solved,1
BPP_100_750_0.1_0.8_7.txt,50,50,Solved,0
BPP_100_750_0.2_0.7_7.txt,44,44,Solved,1
BPP_100_750_0.2_0.8_7.txt,51,51,Solved,0
BPP_100_750_0.1_0.7_8.txt,40,40,Solved,0
BPP_100_750_0.1_0.8_8.txt,44,44,Solved,1
BPP_100_750_0.2_0.7_8.txt,45,45,Solved,1
BPP_100_750_0.2_0.8_8.txt,57,57,Solved,0
BPP_100_750_0.1_0.7_9.txt,41,41,Solved,0
BPP_100_750_0.1_0.8_9.txt,43,43,Solved,1
BPP_100_750_0.2_0.7_9.txt,47,47,Solved,1
BPP_100_750_0.2_0.8_9.txt,64,64,Solved,0
BPP_100_1000_0.1_0.7_0.txt,42,42,Solved,1
BPP_100_1000_0.1_0.8_0.txt,45,45,Solved,0
BPP_100_1000_0.2_0.7_0.txt,51,51,Solved,0
BPP_100_1000_0.2_0.8_0.txt,53,53,Solved,1
BPP_100_1000_0.1_0.7_1.txt,37,37,Solved,0
BPP_100_1000_0.1_0.8_1.txt,45,45,Solved,0
BPP_100_1000_0.2_0.7_1.txt,46,46,Solved,1
BPP_100_1000_0.2_0.8_1.txt,52,52,Solved,0
BPP_100_1000_0.1_0.7_2.txt,39,39,Solved,0
BPP_100_1000_0.1_0.8_2.txt,44,44,Solved,0
BPP_100_1000_0.2_0.7_2.txt,46,46,Solved,1
BPP_100_1000_0.2_0.8_2.txt,60,60,Solved,0
BPP_100_1000_0.1_0.7_3.txt,42,42,Solved,1
BPP_100_1000_0.1_0.8_3.txt,44,44,Solved,1
BPP_100_1000_0.2_0.7_3.txt,48,48,Solved,1
BPP_100_1000_0.2_0.8_3.txt,51,51,Solved,0
BPP_100_1000_0.1_0.7_4.txt,41,41,Solved,1
BPP_100_1000_0.1_0.8_4.txt,44,44,Solved,0
BPP_100_1000_0.2_0.7_4.txt,46,46,Solved,1
BPP_100_1000_0.2_0.8_4.txt,53,53,Solved,0
BPP_100_1000_0.1_0.7_5.txt,41,41,Solved,1
BPP_100_1000_0.1_0.8_5.txt,46,46,Solved,1
BPP_100_1000_0.2_0.7_5.txt,44,44,Solved,1
BPP_100_1000_0.2_0.8_5.txt,50,50,Solved,1
BPP_100_1000_0.1_0.7_6.txt,41,41,Solved,1
BPP_100_1000_0.1_0.8_6.txt,44,44,Solved,1
BPP_100_1000_0.2_0.7_6.txt,43,43,Solved,1
BPP_100_1000_0.2_0.8_6.txt,49,49,Solved,1
BPP_100_1000_0.1_0.7_7.txt,38,38,Solved,1
BPP_100_1000_0.1_0.8_7.txt,44,44,Solved,1
BPP_100_1000_0.2_0.7_7.txt,45,45,Solved,1
BPP_100_1000_0.2_0.8_7.txt,50,50,Solved,1
BPP_100_1000_0.1_0.7_8.txt,41,41,Solved,1
BPP_100_1000_0.1_0.8_8.txt,50,50,Solved,0
BPP_100_1000_0.2_0.7_8.txt,47,47,Solved,1
BPP_100_1000_0.2_0.8_8.txt,54,54,Solved,0
BPP_100_1000_0.1_0.7_9.txt,39,39,Solved,1
BPP_100_1000_0.1_0.8_9.txt,42,42,Solved,1
BPP_100_1000_0.2_0.7_9.txt,48,48,Solved,1
BPP_100_1000_0.2_0.8_9.txt,56,56,Solved,0
BPP_200_50_0.1_0.7_0.txt,81,81,Solved,0
BPP_200_50_0.1_0.8_0.txt,82,82,Solved,1
BPP_200_50_0.2_0.7_0.txt,92,92,Solved,1
BPP_200_50_0.2_0.8_0.txt,99,99,Solved,1
BPP_200_50_0.1_0.7_1.txt,78,78,Solved,1
BPP_200_50_0.1_0.8_1.txt,92,92,Solved,1
BPP_200_50_0.2_0.7_1.txt,92,92,Solved,1
BPP_200_50_0.2_0.8_1.txt,116,116,Solved,0
BPP_200_50_0.1_0.7_2.txt,78,78,Solved,1
BPP_200_50_0.1_0.8_2.txt,85,85,Solved,1
BPP_200_50_0.2_0.7_2.txt,93,93,Solved,1
BPP_200_50_0.2_0.8_2.txt,104,104,Solved,1
BPP_200_50_0.1_0.7_3.txt,77,77,Solved,1
BPP_200_50_0.1_0.8_3.txt,92,92,Solved,1
BPP_200_50_0.2_0.7_3.txt,88,88,Solved,1
BPP_200_50_0.2_0.8_3.txt,102,102,Solved,0
BPP_200_50_0.1_0.7_4.txt,78,78,Solved,0
BPP_200_50_0.1_0.8_4.txt,91,91,Solved,1
BPP_200_50_0.2_0.7_4.txt,90,90,Solved,1
BPP_200_50_0.2_0.8_4.txt,106,106,Solved,0
BPP_200_50_0.1_0.7_5.txt,86,86,Solved,0
BPP_200_50_0.1_0.8_5.txt,94,94,Solved,0
BPP_200_50_0.2_0.7_5.txt,89,89,Solved,1
BPP_200_50_0.2_0.8_5.txt,103,103,Solved,0
BPP_200_50_0.1_0.7_6.txt,81,81,Solved,1
BPP_200_50_0.1_0.8_6.txt,98,98,Solved,1
BPP_200_50_0.2_0.7_6.txt,91,91,Solved,1
BPP_200_50_0.2_0.8_6.txt,102,102,Solved,1
BPP_200_50_0.1_0.7_7.txt,79,79,Solved,1
BPP_200_50_0.1_0.8_7.txt,88,88,Solved,0
BPP_200_50_0.2_0.7_7.txt,92,92,Solved,1
BPP_200_50_0.2_0.8_7.txt,102,102,Solved,0
BPP_200_50_0.1_0.7_8.txt,81,81,Solved,1
BPP_200_50_0.1_0.8_8.txt,86,86,Solved,0
BPP_200_50_0.2_0.7_8.txt,93,93,Solved,1
BPP_200_50_0.2_0.8_8.txt,96,96,Solved,1
BPP_200_50_0.1_0.7_9.txt,81,81,Solved,1
BPP_200_50_0.1_0.8_9.txt,89,89,Solved,1
BPP_200_50_0.2_0.7_9.txt,95,95,Solved,1
BPP_200_50_0.2_0.8_9.txt,109,109,Solved,0
BPP_200_75_0.1_0.7_0.txt,83,83,Solved,1
BPP_200_75_0.1_0.8_0.txt,89,89,Solved,0
BPP_200_75_0.2_0.7_0.txt,90,90,Solved,1
BPP_200_75_0.2_0.8_0.txt,103,103,Solved,1
BPP_200_75_0.1_0.7_1.txt,83,83,Solved,1
BPP_200_75_0.1_0.8_1.txt,89,89,Solved,1
BPP_200_75_0.2_0.7_1.txt,87,87,Solved,1
BPP_200_75_0.2_0.8_1.txt,102,102,Solved,1
BPP_200_75_0.1_0.7_2.txt,78,78,Solved,1
BPP_200_75_0.1_0.8_2.txt,87,87,Solved,1
BPP_200_75_0.2_0.7_2.txt,93,93,Solved,1
BPP_200_75_0.2_0.8_2.txt,97,97,Solved,1
BPP_200_75_0.1_0.7_3.txt,79,79,Solved,1
BPP_200_75_0.1_0.8_3.txt,106,106,Solved,0
BPP_200_75_0.2_0.7_3.txt,93,93,Solved,1
BPP_200_75_0.2_0.8_3.txt,103,103,Solved,1
BPP_200_75_0.1_0.7_4.txt,81,81,Solved,0
BPP_200_75_0.1_0.8_4.txt,92,92,Solved,1
BPP_200_75_0.2_0.7_4.txt,90,90,Solved,1
BPP_200_75_0.2_0.8_4.txt,103,103,Solved,0
BPP_200_75_0.1_0.7_5.txt,78,78,Solved,1
BPP_200_75_0.1_0.8_5.txt,89,89,Solved,1
BPP_200_75_0.2_0.7_5.txt,89,89,Solved,1
BPP_200_75_0.2_0.8_5.txt,103,103,Solved,1
BPP_200_75_0.1_0.7_6.txt,83,83,Solved,0
BPP_200_75_0.1_0.8_6.txt,85,85,Solved,1
BPP_200_75_0.2_0.7_6.txt,95,95,Solved,1
BPP_200_75_0.2_0.8_6.txt,115,115,Solved,1
BPP_200_75_0.1_0.7_7.txt,83,83,Solved,1
BPP_200_75_0.1_0.8_7.txt,92,92,Solved,0
BPP_200_75_0.2_0.7_7.txt,91,91,Solved,1
BPP_200_75_0.2_0.8_7.txt,108,108,Solved,0
BPP_200_75_0.1_0.7_8.txt,78,78,Solved,0
BPP_200_75_0.1_0.8_8.txt,87,87,Solved,1
BPP_200_75_0.2_0.7_8.txt,90,90,Solved,1
BPP_200_75_0.2_0.8_8.txt,102,102,Solved,1
BPP_200_75_0.1_0.7_9.txt,83,83,Solved,1
BPP_200_75_0.1_0.8_9.txt,92,92,Solved,1
BPP_200_75_0.2_0.7_9.txt,90,90,Solved,1
BPP_200_75_0.2_0.8_9.txt,95,95,Solved,1
BPP_200_100_0.1_0.7_0.txt,81,81,Solved,1
BPP_200_100_0.1_0.8_0.txt,92,92,Solved,1
BPP_200_100_0.2_0.7_0.txt,93,93,Solved,1
BPP_200_100_0.2_0.8_0.txt,109,109,Solved,1
BPP_200_100_0.1_0.7_1.txt,79,79,Solved,1
BPP_200_100_0.1_0.8_1.txt,93,93,Solved,1
BPP_200_100_0.2_0.7_1.txt,91,91,Solved,1
BPP_200_100_0.2_0.8_1.txt,106,106,Solved,1
BPP_200_100_0.1_0.7_2.txt,81,81,Solved,1
BPP_200_100_0.1_0.8_2.txt,87,87,Solved,1
BPP_200_100_0.2_0.7_2.txt,88,88,Solved,1
BPP_200_100_0.2_0.8_2.txt,100,100,Solved,0
BPP_200_100_0.1_0.7_3.txt,80,80,Solved,1
BPP_200_100_0.1_0.8_3.txt,89,89,Solved,1
BPP_200_100_0.2_0.7_3.txt,89,89,Solved,1
BPP_200_100_0.2_0.8_3.txt,101,101,Solved,1
BPP_200_100_0.1_0.7_4.txt,80,80,Solved,1
BPP_200_100_0.1_0.8_4.txt,95,95,Solved,0
BPP_200_100_0.2_0.7_4.txt,89,89,Solved,1
BPP_200_100_0.2_0.8_4.txt,112,112,Solved,1
BPP_200_100_0.1_0.7_5.txt,78,78,Solved,1
BPP_200_100_0.1_0.8_5.txt,90,90,Solved,1
BPP_200_100_0.2_0.7_5.txt,90,90,Solved,1
BPP_200_100_0.2_0.8_5.txt,98,98,Solved,0
BPP_200_100_0.1_0.7_6.txt,82,82,Solved,1
BPP_200_100_0.1_0.8_6.txt,89,89,Solved,1
BPP_200_100_0.2_0.7_6.txt,92,92,Solved,1
BPP_200_100_0.2_0.8_6.txt,98,98,Solved,1
BPP_200_100_0.1_0.7_7.txt,77,77,Solved,1
BPP_200_100_0.1_0.8_7.txt,88,88,Solved,1
BPP_200_100_0.2_0.7_7.txt,94,94,Solved,1
BPP_200_100_0.2_0.8_7.txt,102,102,Solved,0
BPP_200_100_0.1_0.7_8.txt,81,81,Solved,1
BPP_200_100_0.1_0.8_8.txt,93,93,Solved,1
BPP_200_100_0.2_0.7_8.txt,92,92,Solved,1
BPP_200_100_0.2_0.8_8.txt,111,111,Solved,0
BPP_200_100_0.1_0.7_9.txt,80,80,Solved,1
BPP_200_100_0.1_0.8_9.txt,94,94,Solved,0
BPP_200_100_0.2_0.7_9.txt,95,95,Solved,1
BPP_200_100_0.2_0.8_9.txt,102,102,Solved,1
BPP_200_120_0.1_0.7_0.txt,80,80,Solved,1
BPP_200_120_0.1_0.8_0.txt,91,91,Solved,0
BPP_200_120_0.2_0.7_0.txt,95,95,Solved,1
BPP_200_120_0.2_0.8_0.txt,106,106,Solved,1
BPP_200_120_0.1_0.7_1.txt,82,82,Solved,1
BPP_200_120_0.1_0.8_1.txt,84,84,Solved,1
BPP_200_120_0.2_0.7_1.txt,96,96,Solved,1
BPP_200_120_0.2_0.8_1.txt,100,100,Solved,0
BPP_200_120_0.1_0.7_2.txt,81,81,Solved,1
BPP_200_120_0.1_0.8_2.txt,100,100,Solved,0
BPP_200_120_0.2_0.7_2.txt,91,91,Solved,1
BPP_200_120_0.2_0.8_2.txt,105,105,Solved,1
BPP_200_120_0.1_0.7_3.txt,83,83,Solved,1
BPP_200_120_0.1_0.8_3.txt,89,89,Solved,1
BPP_200_120_0.2_0.7_3.txt,90,90,Solved,1
BPP_200_120_0.2_0.8_3.txt,100,100,Solved,1
BPP_200_120_0.1_0.7_4.txt,79,79,Solved,0
BPP_200_120_0.1_0.8_4.txt,97,97,Solved,0
BPP_200_120_0.2_0.7_4.txt,91,91,Solved,1
BPP_200_120_0.2_0.8_4.txt,107,107,Solved,0
BPP_200_120_0.1_0.7_5.txt,80,80,Solved,1
BPP_200_120_0.1_0.8_5.txt,92,92,Solved,1
BPP_200_120_0.2_0.7_5.txt,89,89,Solved,1
BPP_200_120_0.2_0.8_5.txt,102,102,Solved,0
BPP_200_120_0.1_0.7_6.txt,83,83,Solved,1
BPP_200_120_0.1_0.8_6.txt,90,90,Solved,1
BPP_200_120_0.2_0.7_6.txt,91,91,Solved,1
BPP_200_120_0.2_0.8_6.txt,97,97,Solved,1
BPP_200_120_0.1_0.7_7.txt,79,79,Solved,0
BPP_200_120_0.1_0.8_7.txt,92,92,Solved,1
BPP_200_120_0.2_0.7_7.txt,93,93,Solved,1
BPP_200_120_0.2_0.8_7.txt,104,104,Solved,0
BPP_200_120_0.1_0.7_8.txt,80,80,Solved,0
BPP_200_120_0.1_0.8_8.txt,88,88,Solved,1
BPP_200_120_0.2_0.7_8.txt,94,94,Solved,1
BPP_200_120_0.2_0.8_8.txt,108,108,Solved,0
BPP_200_120_0.1_0.7_9.txt,80,80,Solved,1
BPP_200_120_0.1_0.8_9.txt,97,97,Solved,0
BPP_200_120_0.2_0.7_9.txt,93,93,Solved,1
BPP_200_120_0.2_0.8_9.txt,107,107,Solved,1
BPP_200_125_0.1_0.7_0.txt,84,84,Solved,1
BPP_200_125_0.1_0.8_0.txt,92,92,Solved,1
BPP_200_125_0.2_0.7_0.txt,94,94,Solved,1
BPP_200_125_0.2_0.8_0.txt,105,105,Solved,1
BPP_200_125_0.1_0.7_1.txt,82,82,Solved,1
BPP_200_125_0.1_0.8_1.txt,97,97,Solved,0
BPP_200_125_0.2_0.7_1.txt,90,90,Solved,1
BPP_200_125_0.2_0.8_1.txt,101,101,Solved,0
BPP_200_125_0.1_0.7_2.txt,77,77,Solved,1
BPP_200_125_0.1_0.8_2.txt,89,89,Solved,1
BPP_200_125_0.2_0.7_2.txt,93,93,Solved,1
BPP_200_125_0.2_0.8_2.txt,101,101,Solved,1
BPP_200_125_0.1_0.7_3.txt,82,82,Solved,1
BPP_200_125_0.1_0.8_3.txt,88,88,Solved,0
BPP_200_125_0.2_0.7_3.txt,91,91,Solved,1
BPP_200_125_0.2_0.8_3.txt,103,103,Solved,0
BPP_200_125_0.1_0.7_4.txt,81,81,Solved,0
BPP_200_125_0.1_0.8_4.txt,89,89,Solved,1
BPP_200_125_0.2_0.7_4.txt,92,92,Solved,1
BPP_200_125_0.2_0.8_4.txt,108,108,Solved,0
BPP_200_125_0.1_0.7_5.txt,81,81,Solved,0
BPP_200_125_0.1_0.8_5.txt,96,96,Solved,1
BPP_200_125_0.2_0.7_5.txt,95,95,Solved,1
BPP_200_125_0.2_0.8_5.txt,107,107,Solved,0
BPP_200_125_0.1_0.7_6.txt,81,81,Solved,1
BPP_200_125_0.1_0.8_6.txt,90,90,Solved,0
BPP_200_125_0.2_0.7_6.txt,93,93,Solved,1
BPP_200_125_0.2_0.8_6.txt,97,97,Solved,1
BPP_200_125_0.1_0.7_7.txt,80,80,Solved,1
BPP_200_125_0.1_0.8_7.txt,87,87,Solved,0
BPP_200_125_0.2_0.7_7.txt,93,93,Solved,1
BPP_200_125_0.2_0.8_7.txt,102,102,Solved,1
BPP_200_125_0.1_0.7_8.txt,82,82,Solved,1
BPP_200_125_0.1_0.8_8.txt,92,92,Solved,1
BPP_200_125_0.2_0.7_8.txt,93,93,Solved,1
BPP_200_125_0.2_0.8_8.txt,99,99,Solved,1
BPP_200_125_0.1_0.7_9.txt,81,81,Solved,0
BPP_200_125_0.1_0.8_9.txt,91,91,Solved,1
BPP_200_125_0.2_0.7_9.txt,91,91,Solved,1
BPP_200_125_0.2_0.8_9.txt,105,105,Solved,0
BPP_200_150_0.1_0.7_0.txt,83,83,Solved,1
BPP_200_150_0.1_0.8_0.txt,91,91,Solved,1
BPP_200_150_0.2_0.7_0.txt,91,91,Solved,1
BPP_200_150_0.2_0.8_0.txt,110,110,Solved,1
BPP_200_150_0.1_0.7_1.txt,83,83,Solved,0
BPP_200_150_0.1_0.8_1.txt,92,92,Solved,1
BPP_200_150_0.2_0.7_1.txt,92,92,Solved,1
BPP_200_150_0.2_0.8_1.txt,101,101,Solved,1
BPP_200_150_0.1_0.7_2.txt,81,81,Solved,1
BPP_200_150_0.1_0.8_2.txt,91,91,Solved,1
BPP_200_150_0.2_0.7_2.txt,94,94,Solved,1
BPP_200_150_0.2_0.8_2.txt,103,103,Solved,1
BPP_200_150_0.1_0.7_3.txt,80,80,Solved,1
BPP_200_150_0.1_0.8_3.txt,93,93,Solved,1
BPP_200_150_0.2_0.7_3.txt,94,94,Solved,1
BPP_200_150_0.2_0.8_3.txt,106,106,Solved,0
BPP_200_150_0.1_0.7_4.txt,85,85,Solved,1
BPP_200_150_0.1_0.8_4.txt,99,99,Solved,0
BPP_200_150_0.2_0.7_4.txt,92,92,Solved,1
BPP_200_150_0.2_0.8_4.txt,109,109,Solved,0
BPP_200_150_0.1_0.7_5.txt,82,82,Solved,1
BPP_200_150_0.1_0.8_5.txt,92,92,Solved,0
BPP_200_150_0.2_0.7_5.txt,89,89,Solved,1
BPP_200_150_0.2_0.8_5.txt,114,114,Solved,0
BPP_200_150_0.1_0.7_6.txt,84,84,Solved,0
BPP_200_150_0.1_0.8_6.txt,95,95,Solved,0
BPP_200_150_0.2_0.7_6.txt,94,94,Solved,1
BPP_200_150_0.2_0.8_6.txt,97,97,Solved,1
BPP_200_150_0.1_0.7_7.txt,82,82,Solved,1
BPP_200_150_0.1_0.8_7.txt,100,100,Solved,0
BPP_200_150_0.2_0.7_7.txt,95,95,Solved,1
BPP_200_150_0.2_0.8_7.txt,104,104,Solved,0
BPP_200_150_0.1_0.7_8.txt,76,76,Solved,0
BPP_200_150_0.1_0.8_8.txt,92,92,Solved,1
BPP_200_150_0.2_0.7_8.txt,90,90,Solved,1
BPP_200_150_0.2_0.8_8.txt,102,102,Solved,1
BPP_200_150_0.1_0.7_9.txt,76,76,Solved,1
BPP_200_150_0.1_0.8_9.txt,90,90,Solved,1
BPP_200_150_0.2_0.7_9.txt,92,92,Solved,1
BPP_200_150_0.2_0.8_9.txt,110,110,Solved,0
BPP_200_200_0.1_0.7_0.txt,83,83,Solved,1
BPP_200_200_0.1_0.8_0.txt,92,92,Solved,1
BPP_200_200_0.2_0.7_0.txt,92,92,Solved,1
BPP_200_200_0.2_0.8_0.txt,112,112,Solved,1
BPP_200_200_0.1_0.7_1.txt,86,86,Solved,1
BPP_200_200_0.1_0.8_1.txt,94,94,Solved,1
BPP_200_200_0.2_0.7_1.txt,88,88,Solved,1
BPP_200_200_0.2_0.8_1.txt,97,97,Solved,1
BPP_200_200_0.1_0.7_2.txt,78,78,Solved,0
BPP_200_200_0.1_0.8_2.txt,85,85,Solved,1
BPP_200_200_0.2_0.7_2.txt,94,94,Solved,1
BPP_200_200_0.2_0.8_2.txt,112,112,Solved,1
BPP_200_200_0.1_0.7_3.txt,80,80,Solved,1
BPP_200_200_0.1_0.8_3.txt,89,89,Solved,1
BPP_200_200_0.2_0.7_3.txt,93,93,Solved,1
BPP_200_200_0.2_0.8_3.txt,112,112,Solved,0
BPP_200_200_0.1_0.7_4.txt,78,78,Solved,1
BPP_200_200_0.1_0.8_4.txt,91,91,Solved,1
BPP_200_200_0.2_0.7_4.txt,90,90,Solved,1
BPP_200_200_0.2_0.8_4.txt,100,100,Solved,1
BPP_200_200_0.1_0.7_5.txt,82,82,Solved,0
BPP_200_200_0.1_0.8_5.txt,90,90,Solved,0
BPP_200_200_0.2_0.7_5.txt,92,92,Solved,1
BPP_200_200_0.2_0.8_5.txt,104,104,Solved,0
BPP_200_200_0.1_0.7_6.txt,88,88,Solved,0
BPP_200_200_0.1_0.8_6.txt,98,98,Solved,0
BPP_200_200_0.2_0.7_6.txt,87,87,Solved,1
BPP_200_200_0.2_0.8_6.txt,96,96,Solved,1
BPP_200_200_0.1_0.7_7.txt,80,80,Solved,1
BPP_200_200_0.1_0.8_7.txt,90,90,Solved,1
BPP_200_200_0.2_0.7_7.txt,91,91,Solved,1
BPP_200_200_0.2_0.8_7.txt,97,97,Solved,1
BPP_200_200_0.1_0.7_8.txt,86,86,Solved,1
BPP_200_200_0.1_0.8_8.txt,98,98,Solved,0
BPP_200_200_0.2_0.7_8.txt,90,90,Solved,1
BPP_200_200_0.2_0.8_8.txt,102,102,Solved,1
BPP_200_200_0.1_0.7_9.txt,83,83,Solved,1
BPP_200_200_0.1_0.8_9.txt,93,93,Solved,1
BPP_200_200_0.2_0.7_9.txt,93,93,Solved,1
BPP_200_200_0.2_0.8_9.txt,107,107,Solved,0
BPP_200_300_0.1_0.7_0.txt,80,80,Solved,1
BPP_200_300_0.1_0.8_0.txt,88,88,Solved,1
BPP_200_300_0.2_0.7_0.txt,96,96,Solved,1
BPP_200_300_0.2_0.8_0.txt,115,115,Solved,1
BPP_200_300_0.1_0.7_1.txt,84,84,Solved,1
BPP_200_300_0.1_0.8_1.txt,97,97,Solved,0
BPP_200_300_0.2_0.7_1.txt,90,90,Solved,1
BPP_200_300_0.2_0.8_1.txt,99,99,Solved,0
BPP_200_300_0.1_0.7_2.txt,83,83,Solved,0
BPP_200_300_0.1_0.8_2.txt,93,93,Solved,1
BPP_200_300_0.2_0.7_2.txt,90,90,Solved,1
BPP_200_300_0.2_0.8_2.txt,98,98,Solved,1
BPP_200_300_0.1_0.7_3.txt,80,80,Solved,1
BPP_200_300_0.1_0.8_3.txt,98,98,Solved,1
BPP_200_300_0.2_0.7_3.txt,94,94,Solved,1
BPP_200_300_0.2_0.8_3.txt,103,103,Solved,0
BPP_200_300_0.1_0.7_4.txt,84,84,Solved,1
BPP_200_300_0.1_0.8_4.txt,93,93,Solved,1
BPP_200_300_0.2_0.7_4.txt,88,88,Solved,1
BPP_200_300_0.2_0.8_4.txt,107,107,Solved,1
BPP_200_300_0.1_0.7_5.txt,82,82,Solved,1
BPP_200_300_0.1_0.8_5.txt,87,87,Solved,0
BPP_200_300_0.2_0.7_5.txt,87,87,Solved,1
BPP_200_300_0.2_0.8_5.txt,103,103,Solved,1
BPP_200_300_0.1_0.7_6.txt,80,80,Solved,0
BPP_200_300_0.1_0.8_6.txt,94,94,Solved,0
BPP_200_300_0.2_0.7_6.txt,92,92,Solved,1
BPP_200_300_0.2_0.8_6.txt,103,103,Solved,0
BPP_200_300_0.1_0.7_7.txt,82,82,Solved,1
BPP_200_300_0.1_0.8_7.txt,89,89,Solved,1
BPP_200_300_0.2_0.7_7.txt,91,91,Solved,1
BPP_200_300_0.2_0.8_7.txt,107,107,Solved,0
BPP_200_300_0.1_0.7_8.txt,83,83,Solved,1
BPP_200_300_0.1_0.8_8.txt,90,90,Solved,1
BPP_200_300_0.2_0.7_8.txt,90,90,Solved,1
BPP_200_300_0.2_0.8_8.txt,103,103,Solved,0
BPP_200_300_0.1_0.7_9.txt,84,84,Solved,1
BPP_200_300_0.1_0.8_9.txt,99,99,Solved,0
BPP_200_300_0.2_0.7_9.txt,95,95,Solved,1
BPP_200_300_0.2_0.8_9.txt,102,102,Solved,1
BPP_200_400_0.1_0.7_0.txt,84,84,Solved,1
BPP_200_400_0.1_0.8_0.txt,99,99,Solved,0
BPP_200_400_0.2_0.7_0.txt,92,92,Solved,1
BPP_200_400_0.2_0.8_0.txt,104,104,Solved,1
BPP_200_400_0.1_0.7_1.txt,84,84,Solved,1
BPP_200_400_0.1_0.8_1.txt,93,93,Solved,1
BPP_200_400_0.2_0.7_1.txt,91,91,Solved,1
BPP_200_400_0.2_0.8_1.txt,98,98,Solved,1
BPP_200_400_0.1_0.7_2.txt,79,79,Solved,1
BPP_200_400_0.1_0.8_2.txt,98,98,Solved,0
BPP_200_400_0.2_0.7_2.txt,93,93,Solved,1
BPP_200_400_0.2_0.8_2.txt,107,107,Solved,0
BPP_200_400_0.1_0.7_3.txt,80,80,Solved,1
BPP_200_400_0.1_0.8_3.txt,94,94,Solved,0
BPP_200_400_0.2_0.7_3.txt,94,94,Solved,1
BPP_200_400_0.2_0.8_3.txt,105,105,Solved,1
BPP_200_400_0.1_0.7_4.txt,82,82,Solved,1
BPP_200_400_0.1_0.8_4.txt,91,91,Solved,1
BPP_200_400_0.2_0.7_4.txt,92,92,Solved,1
BPP_200_400_0.2_0.8_4.txt,101,101,Solved,1
BPP_200_400_0.1_0.7_5.txt,84,84,Solved,1
BPP_200_400_0.1_0.8_5.txt,86,86,Solved,1
BPP_200_400_0.2_0.7_5.txt,91,91,Solved,1
BPP_200_400_0.2_0.8_5.txt,108,108,Solved,0
BPP_200_400_0.1_0.7_6.txt,76,76,Solved,1
BPP_200_400_0.1_0.8_6.txt,88,88,Solved,0
BPP_200_400_0.2_0.7_6.txt,94,94,Solved,1
BPP_200_400_0.2_0.8_6.txt,105,105,Solved,1
BPP_200_400_0.1_0.7_7.txt,78,78,Solved,0
BPP_200_400_0.1_0.8_7.txt,93,93,Solved,1
BPP_200_400_0.2_0.7_7.txt,88,88,Solved,1
BPP_200_400_0.2_0.8_7.txt,105,105,Solved,1
BPP_200_400_0.1_0.7_8.txt,78,78,Solved,1
BPP_200_400_0.1_0.8_8.txt,92,92,Solved,1
BPP_200_400_0.2_0.7_8.txt,85,85,Solved,1
BPP_200_400_0.2_0.8_8.txt,105,105,Solved,1
BPP_200_400_0.1_0.7_9.txt,82,82,Solved,1
BPP_200_400_0.1_0.8_9.txt,94,94,Solved,0
BPP_200_400_0.2_0.7_9.txt,95,95,Solved,1
BPP_200_400_0.2_0.8_9.txt,96,96,Solved,1
BPP_200_500_0.1_0.7_0.txt,80,80,Solved,1
BPP_200_500_0.1_0.8_0.txt,96,96,Solved,1
BPP_200_500_0.2_0.7_0.txt,92,92,Solved,1
BPP_200_500_0.2_0.8_0.txt,112,112,Solved,0
BPP_200_500_0.1_0.7_1.txt,81,81,Solved,1
BPP_200_500_0.1_0.8_1.txt,91,91,Solved,1
BPP_200_500_0.2_0.7_1.txt,93,93,Solved,1
BPP_200_500_0.2_0.8_1.txt,110,110,Solved,0
BPP_200_500_0.1_0.7_2.txt,80,80,Solved,1
BPP_200_500_0.1_0.8_2.txt,85,85,Solved,1
BPP_200_500_0.2_0.7_2.txt,92,92,Solved,1
BPP_200_500_0.2_0.8_2.txt,107,107,Solved,0
BPP_200_500_0.1_0.7_3.txt,84,84,Solved,1
BPP_200_500_0.1_0.8_3.txt,91,91,Solved,0
BPP_200_500_0.2_0.7_3.txt,95,95,Solved,1
BPP_200_500_0.2_0.8_3.txt,101,101,Solved,1
BPP_200_500_0.1_0.7_4.txt,80,80,Solved,1
BPP_200_500_0.1_0.8_4.txt,90,90,Solved,1
BPP_200_500_0.2_0.7_4.txt,89,89,Solved,1
BPP_200_500_0.2_0.8_4.txt,110,110,Solved,0
BPP_200_500_0.1_0.7_5.txt,81,81,Solved,1
BPP_200_500_0.1_0.8_5.txt,95,95,Solved,1
BPP_200_500_0.2_0.7_5.txt,92,92,Solved,1
BPP_200_500_0.2_0.8_5.txt,105,105,Solved,0
BPP_200_500_0.1_0.7_6.txt,79,79,Solved,1
BPP_200_500_0.1_0.8_6.txt,94,94,Solved,0
BPP_200_500_0.2_0.7_6.txt,92,92,Solved,1
BPP_200_500_0.2_0.8_6.txt,107,107,Solved,0
BPP_200_500_0.1_0.7_7.txt,85,85,Solved,1
BPP_200_500_0.1_0.8_7.txt,88,88,Solved,1
BPP_200_500_0.2_0.7_7.txt,92,92,Solved,1
BPP_200_500_0.2_0.8_7.txt,104,104,Solved,1
BPP_200_500_0.1_0.7_8.txt,78,78,Solved,1
BPP_200_500_0.1_0.8_8.txt,105,105,Solved,0
BPP_200_500_0.2_0.7_8.txt,89,89,Solved,1
BPP_200_500_0.2_0.8_8.txt,103,103,Solved,0
BPP_200_500_0.1_0.7_9.txt,79,79,Solved,1
BPP_200_500_0.1_0.8_9.txt,92,92,Solved,0
BPP_200_500_0.2_0.7_9.txt,94,94,Solved,1
BPP_200_500_0.2_0.8_9.txt,100,100,Solved,1
BPP_200_750_0.1_0.7_0.txt,76,76,Solved,1
BPP_200_750_0.1_0.8_0.txt,90,90,Solved,1
BPP_200_750_0.2_0.7_0.txt,86,86,Solved,1
BPP_200_750_0.2_0.8_0.txt,109,109,Solved,0
BPP_200_750_0.1_0.7_1.txt,82,82,Solved,1
BPP_200_750_0.1_0.8_1.txt,90,90,Solved,1
BPP_200_750_0.2_0.7_1.txt,91,91,Solved,1
BPP_200_750_0.2_0.8_1.txt,104,104,Solved,1
BPP_200_750_0.1_0.7_2.txt,78,78,Solved,1
BPP_200_750_0.1_0.8_2.txt,91,91,Solved,1
BPP_200_750_0.2_0.7_2.txt,90,90,Solved,1
BPP_200_750_0.2_0.8_2.txt,103,103,Solved,0
BPP_200_750_0.1_0.7_3.txt,80,80,Solved,1
BPP_200_750_0.1_0.8_3.txt,90,90,Solved,1
BPP_200_750_0.2_0.7_3.txt,94,94,Solved,1
BPP_200_750_0.2_0.8_3.txt,110,110,Solved,0
BPP_200_750_0.1_0.7_4.txt,80,80,Solved,1
BPP_200_750_0.1_0.8_4.txt,91,91,Solved,1
BPP_200_750_0.2_0.7_4.txt,90,90,Solved,1
BPP_200_750_0.2_0.8_4.txt,109,109,Solved,0
BPP_200_750_0.1_0.7_5.txt,77,77,Solved,1
BPP_200_750_0.1_0.8_5.txt,88,88,Solved,1
BPP_200_750_0.2_0.7_5.txt,92,92,Solved,1
BPP_200_750_0.2_0.8_5.txt,97,97,Solved,1
BPP_200_750_0.1_0.7_6.txt,80,80,Solved,0
BPP_200_750_0.1_0.8_6.txt,90,90,Solved,1
BPP_200_750_0.2_0.7_6.txt,92,92,Solved,1
BPP_200_750_0.2_0.8_6.txt,112,112,Solved,1
BPP_200_750_0.1_0.7_7.txt,83,83,Solved,1
BPP_200_750_0.1_0.8_7.txt,93,93,Solved,1
BPP_200_750_0.2_0.7_7.txt,96,96,Solved,1
BPP_200_750_0.2_0.8_7.txt,110,110,Solved,1
BPP_200_750_0.1_0.7_8.txt,77,77,Solved,0
BPP_200_750_0.1_0.8_8.txt,88,88,Solved,1
BPP_200_750_0.2_0.7_8.txt,97,97,Solved,0
BPP_200_750_0.2_0.8_8.txt,101,101,Solved,1
BPP_200_750_0.1_0.7_9.txt,79,79,Solved,0
BPP_200_750_0.1_0.8_9.txt,100,100,Solved,0
BPP_200_750_0.2_0.7_9.txt,94,94,Solved,1
BPP_200_750_0.2_0.8_9.txt,105,105,Solved,0
BPP_200_1000_0.1_0.7_0.txt,78,78,Solved,1
BPP_200_1000_0.1_0.8_0.txt,93,93,Solved,1
BPP_200_1000_0.2_0.7_0.txt,92,92,Solved,1
BPP_200_1000_0.2_0.8_0.txt,102,102,Solved,1
BPP_200_1000_0.1_0.7_1.txt,79,79,Solved,1
BPP_200_1000_0.1_0.8_1.txt,93,93,Solved,1
BPP_200_1000_0.2_0.7_1.txt,91,91,Solved,1
BPP_200_1000_0.2_0.8_1.txt,104,104,Solved,0
BPP_200_1000_0.1_0.7_2.txt,80,80,Solved,0
BPP_200_1000_0.1_0.8_2.txt,93,93,Solved,1
BPP_200_1000_0.2_0.7_2.txt,95,95,Solved,1
BPP_200_1000_0.2_0.8_2.txt,111,111,Solved,0
BPP_200_1000_0.1_0.7_3.txt,79,79,Solved,1
BPP_200_1000_0.1_0.8_3.txt,89,89,Solved,1
BPP_200_1000_0.2_0.7_3.txt,87,87,Solved,1
BPP_200_1000_0.2_0.8_3.txt,108,108,Solved,1
BPP_200_1000_0.1_0.7_4.txt,83,83,Solved,1
BPP_200_1000_0.1_0.8_4.txt,90,90,Solved,0
BPP_200_1000_0.2_0.7_4.txt,90,90,Solved,1
BPP_200_1000_0.2_0.8_4.txt,106,106,Solved,0
BPP_200_1000_0.1_0.7_5.txt,83,83,Solved,1
BPP_200_1000_0.1_0.8_5.txt,91,91,Solved,1
BPP_200_1000_0.2_0.7_5.txt,92,92,Solved,1
BPP_200_1000_0.2_0.8_5.txt,100,100,Solved,1
BPP_200_1000_0.1_0.7_6.txt,79,79,Solved,1
BPP_200_1000_0.1_0.8_6.txt,90,90,Solved,1
BPP_200_1000_0.2_0.7_6.txt,92,92,Solved,1
BPP_200_1000_0.2_0.8_6.txt,106,106,Solved,0
BPP_200_1000_0.1_0.7_7.txt,78,78,Solved,0
BPP_200_1000_0.1_0.8_7.txt,100,100,Solved,0
BPP_200_1000_0.2_0.7_7.txt,94,94,Solved,1
BPP_200_1000_0.2_0.8_7.txt,99,99,Solved,1
BPP_200_1000_0.1_0.7_8.txt,82,82,Solved,1
BPP_200_1000_0.1_0.8_8.txt,89,89,Solved,1
BPP_200_1000_0.2_0.7_8.txt,90,90,Solved,1
BPP_200_1000_0.2_0.8_8.txt,110,110,Solved,0
BPP_200_1000_0.1_0.7_9.txt,76,76,Solved,1
BPP_200_1000_0.1_0.8_9.txt,87,87,Solved,1
BPP_200_1000_0.2_0.7_9.txt,93,93,Solved,1
BPP_200_1000_0.2_0.8_9.txt,112,112,Solved,0
BPP_300_50_0.1_0.7_0.txt,129,129,Solved,1
BPP_300_50_0.1_0.8_0.txt,138,138,Solved,1
BPP_300_50_0.2_0.7_0.txt,140,140,Solved,1
BPP_300_50_0.2_0.8_0.txt,156,156,Solved,0
BPP_300_50_0.1_0.7_1.txt,118,118,Solved,1
BPP_300_50_0.1_0.8_1.txt,147,147,Solved,1
BPP_300_50_0.2_0.7_1.txt,138,138,Solved,1
BPP_300_50_0.2_0.8_1.txt,149,149,Solved,1
BPP_300_50_0.1_0.7_2.txt,121,121,Solved,1
BPP_300_50_0.1_0.8_2.txt,132,132,Solved,0
BPP_300_50_0.2_0.7_2.txt,136,136,Solved,1
BPP_300_50_0.2_0.8_2.txt,166,166,Solved,0
BPP_300_50_0.1_0.7_3.txt,121,121,Solved,0
BPP_300_50_0.1_0.8_3.txt,141,141,Solved,1
BPP_300_50_0.2_0.7_3.txt,136,136,Solved,1
BPP_300_50_0.2_0.8_3.txt,148,148,Solved,1
BPP_300_50_0.1_0.7_4.txt,118,118,Solved,1
BPP_300_50_0.1_0.8_4.txt,140,140,Solved,1
BPP_300_50_0.2_0.7_4.txt,134,134,Solved,1
BPP_300_50_0.2_0.8_4.txt,149,149,Solved,1
BPP_300_50_0.1_0.7_5.txt,122,122,Solved,1
BPP_300_50_0.1_0.8_5.txt,131,131,Solved,1
BPP_300_50_0.2_0.7_5.txt,137,137,Solved,1
BPP_300_50_0.2_0.8_5.txt,156,156,Solved,0
BPP_300_50_0.1_0.7_6.txt,123,123,Solved,1
BPP_300_50_0.1_0.8_6.txt,135,135,Solved,1
BPP_300_50_0.2_0.7_6.txt,139,139,Solved,1
BPP_300_50_0.2_0.8_6.txt,162,162,Solved,0
BPP_300_50_0.1_0.7_7.txt,116,116,Solved,1
BPP_300_50_0.1_0.8_7.txt,137,137,Solved,1
BPP_300_50_0.2_0.7_7.txt,132,132,Solved,1
BPP_300_50_0.2_0.8_7.txt,152,152,Solved,1
BPP_300_50_0.1_0.7_8.txt,126,126,Solved,1
BPP_300_50_0.1_0.8_8.txt,134,134,Solved,1
BPP_300_50_0.2_0.7_8.txt,136,136,Solved,1
BPP_300_50_0.2_0.8_8.txt,158,158,Solved,0
BPP_300_50_0.1_0.7_9.txt,125,125,Solved,1
BPP_300_50_0.1_0.8_9.txt,138,138,Solved,1
BPP_300_50_0.2_0.7_9.txt,132,132,Solved,1
BPP_300_50_0.2_0.8_9.txt,152,152,Solved,1
BPP_300_75_0.1_0.7_0.txt,115,115,Solved,1
BPP_300_75_0.1_0.8_0.txt,134,134,Solved,1
BPP_300_75_0.2_0.7_0.txt,133,133,Solved,1
BPP_300_75_0.2_0.8_0.txt,154,154,Solved,1
BPP_300_75_0.1_0.7_1.txt,113,113,Solved,1
BPP_300_75_0.1_0.8_1.txt,136,136,Solved,1
BPP_300_75_0.2_0.7_1.txt,135,135,Solved,1
BPP_300_75_0.2_0.8_1.txt,159,159,Solved,0
BPP_300_75_0.1_0.7_2.txt,121,121,Solved,1
BPP_300_75_0.1_0.8_2.txt,145,145,Solved,1
BPP_300_75_0.2_0.7_2.txt,131,131,Solved,1
BPP_300_75_0.2_0.8_2.txt,158,158,Solved,0
BPP_300_75_0.1_0.7_3.txt,119,119,Solved,1
BPP_300_75_0.1_0.8_3.txt,132,132,Solved,1
BPP_300_75_0.2_0.7_3.txt,135,135,Solved,1
BPP_300_75_0.2_0.8_3.txt,159,159,Solved,0
BPP_300_75_0.1_0.7_4.txt,114,114,Solved,1
BPP_300_75_0.1_0.8_4.txt,142,142,Solved,0
BPP_300_75_0.2_0.7_4.txt,132,132,Solved,1
BPP_300_75_0.2_0.8_4.txt,153,153,Solved,1
BPP_300_75_0.1_0.7_5.txt,116,116,Solved,0
BPP_300_75_0.1_0.8_5.txt,133,133,Solved,1
BPP_300_75_0.2_0.7_5.txt,134,134,Solved,1
BPP_300_75_0.2_0.8_5.txt,162,162,Solved,0
BPP_300_75_0.1_0.7_6.txt,117,117,Solved,1
BPP_300_75_0.1_0.8_6.txt,128,128,Solved,1
BPP_300_75_0.2_0.7_6.txt,138,138,Solved,1
BPP_300_75_0.2_0.8_6.txt,155,155,Solved,0
BPP_300_75_0.1_0.7_7.txt,107,107,Solved,1
BPP_300_75_0.1_0.8_7.txt,140,140,Solved,0
BPP_300_75_0.2_0.7_7.txt,136,136,Solved,1
BPP_300_75_0.2_0.8_7.txt,145,145,Solved,1
BPP_300_75_0.1_0.7_8.txt,123,123,Solved,1
BPP_300_75_0.1_0.8_8.txt,141,141,Solved,1
BPP_300_75_0.2_0.7_8.txt,137,137,Solved,1
BPP_300_75_0.2_0.8_8.txt,159,159,Solved,1
BPP_300_75_0.1_0.7_9.txt,114,114,Solved,1
BPP_300_75_0.1_0.8_9.txt,131,131,Solved,1
BPP_300_75_0.2_0.7_9.txt,135,135,Solved,1
BPP_300_75_0.2_0.8_9.txt,158,158,Solved,0
BPP_300_100_0.1_0.7_0.txt,118,118,Solved,0
BPP_300_100_0.1_0.8_0.txt,131,131,Solved,1
BPP_300_100_0.2_0.7_0.txt,138,138,Solved,1
BPP_300_100_0.2_0.8_0.txt,158,158,Solved,0
BPP_300_100_0.1_0.7_1.txt,118,118,Solved,1
BPP_300_100_0.1_0.8_1.txt,137,137,Solved,1
BPP_300_100_0.2_0.7_1.txt,139,139,Solved,1
BPP_300_100_0.2_0.8_1.txt,161,161,Solved,1
BPP_300_100_0.1_0.7_2.txt,119,119,Solved,1
BPP_300_100_0.1_0.8_2.txt,136,136,Solved,1
BPP_300_100_0.2_0.7_2.txt,137,137,Solved,1
BPP_300_100_0.2_0.8_2.txt,153,153,Solved,1
BPP_300_100_0.1_0.7_3.txt,117,117,Solved,1
BPP_300_100_0.1_0.8_3.txt,148,148,Solved,0
BPP_300_100_0.2_0.7_3.txt,133,133,Solved,1
BPP_300_100_0.2_0.8_3.txt,163,163,Solved,0
BPP_300_100_0.1_0.7_4.txt,114,114,Solved,0
BPP_300_100_0.1_0.8_4.txt,138,138,Solved,1
BPP_300_100_0.2_0.7_4.txt,135,135,Solved,1
BPP_300_100_0.2_0.8_4.txt,148,148,Solved,1
BPP_300_100_0.1_0.7_5.txt,117,117,Solved,1
BPP_300_100_0.1_0.8_5.txt,134,134,Solved,0
BPP_300_100_0.2_0.7_5.txt,132,132,Solved,1
BPP_300_100_0.2_0.8_5.txt,158,158,Solved,0
BPP_300_100_0.1_0.7_6.txt,116,116,Solved,1
BPP_300_100_0.1_0.8_6.txt,136,136,Solved,1
BPP_300_100_0.2_0.7_6.txt,137,137,Solved,1
BPP_300_100_0.2_0.8_6.txt,152,152,Solved,1
BPP_300_100_0.1_0.7_7.txt,120,120,Solved,0
BPP_300_100_0.1_0.8_7.txt,135,135,Solved,1
BPP_300_100_0.2_0.7_7.txt,138,138,Solved,1
BPP_300_100_0.2_0.8_7.txt,152,152,Solved,1
BPP_300_100_0.1_0.7_8.txt,113,113,Solved,1
BPP_300_100_0.1_0.8_8.txt,134,134,Solved,1
BPP_300_100_0.2_0.7_8.txt,140,140,Solved,1
BPP_300_100_0.2_0.8_8.txt,151,151,Solved,0
BPP_300_100_0.1_0.7_9.txt,117,117,Solved,1
BPP_300_100_0.1_0.8_9.txt,137,137,Solved,1
BPP_300_100_0.2_0.7_9.txt,137,137,Solved,1
BPP_300_100_0.2_0.8_9.txt,158,158,Solved,0
BPP_300_120_0.1_0.7_0.txt,122,122,Solved,1
BPP_300_120_0.1_0.8_0.txt,134,134,Solved,1
BPP_300_120_0.2_0.7_0.txt,135,135,Solved,1
BPP_300_120_0.2_0.8_0.txt,160,160,Solved,0
BPP_300_120_0.1_0.7_1.txt,122,122,Solved,1
BPP_300_120_0.1_0.8_1.txt,135,135,Solved,1
BPP_300_120_0.2_0.7_1.txt,134,134,Solved,1
BPP_300_120_0.2_0.8_1.txt,159,159,Solved,1
BPP_300_120_0.1_0.7_2.txt,121,121,Solved,1
BPP_300_120_0.1_0.8_2.txt,134,134,Solved,1
BPP_300_120_0.2_0.7_2.txt,135,135,Solved,1
BPP_300_120_0.2_0.8_2.txt,165,165,Solved,0
BPP_300_120_0.1_0.7_3.txt,118,118,Solved,1
BPP_300_120_0.1_0.8_3.txt,142,142,Solved,1
BPP_300_120_0.2_0.7_3.txt,139,139,Solved,1
BPP_300_120_0.2_0.8_3.txt,159,159,Solved,1
BPP_300_120_0.1_0.7_4.txt,121,121,Solved,1
BPP_300_120_0.1_0.8_4.txt,140,140,Solved,1
BPP_300_120_0.2_0.7_4.txt,139,139,Solved,1
BPP_300_120_0.2_0.8_4.txt,168,168,Solved,0
BPP_300_120_0.1_0.7_5.txt,120,120,Solved,0
BPP_300_120_0.1_0.8_5.txt,136,136,Solved,1
BPP_300_120_0.2_0.7_5.txt,129,129,Solved,1
BPP_300_120_0.2_0.8_5.txt,148,148,Solved,1
BPP_300_120_0.1_0.7_6.txt,117,117,Solved,1
BPP_300_120_0.1_0.8_6.txt,139,139,Solved,1
BPP_300_120_0.2_0.7_6.txt,137,137,Solved,1
BPP_300_120_0.2_0.8_6.txt,144,144,Solved,1
BPP_300_120_0.1_0.7_7.txt,122,122,Solved,0
BPP_300_120_0.1_0.8_7.txt,125,125,Solved,1
BPP_300_120_0.2_0.7_7.txt,140,140,Solved,1
BPP_300_120_0.2_0.8_7.txt,158,158,Solved,0
BPP_300_120_0.1_0.7_8.txt,117,117,Solved,1
BPP_300_120_0.1_0.8_8.txt,131,131,Solved,1
BPP_300_120_0.2_0.7_8.txt,138,138,Solved,1
BPP_300_120_0.2_0.8_8.txt,147,147,Solved,1
BPP_300_120_0.1_0.7_9.txt,121,121,Solved,1
BPP_300_120_0.1_0.8_9.txt,135,135,Solved,1
BPP_300_120_0.2_0.7_9.txt,137,137,Solved,1
BPP_300_120_0.2_0.8_9.txt,154,154,Solved,0
BPP_300_125_0.1_0.7_0.txt,118,118,Solved,1
BPP_300_125_0.1_0.8_0.txt,139,139,Solved,1
BPP_300_125_0.2_0.7_0.txt,136,136,Solved,1
BPP_300_125_0.2_0.8_0.txt,153,153,Solved,0
BPP_300_125_0.1_0.7_1.txt,118,118,Solved,1
BPP_300_125_0.1_0.8_1.txt,138,138,Solved,1
BPP_300_125_0.2_0.7_1.txt,134,134,Solved,1
BPP_300_125_0.2_0.8_1.txt,167,167,Solved,0
BPP_300_125_0.1_0.7_2.txt,116,116,Solved,1
BPP_300_125_0.1_0.8_2.txt,133,133,Solved,1
BPP_300_125_0.2_0.7_2.txt,131,131,Solved,1
BPP_300_125_0.2_0.8_2.txt,149,149,Solved,1
BPP_300_125_0.1_0.7_3.txt,123,123,Solved,1
BPP_300_125_0.1_0.8_3.txt,130,130,Solved,1
BPP_300_125_0.2_0.7_3.txt,134,134,Solved,1
BPP_300_125_0.2_0.8_3.txt,163,163,Solved,0
BPP_300_125_0.1_0.7_4.txt,116,116,Solved,1
BPP_300_125_0.1_0.8_4.txt,130,130,Solved,1
BPP_300_125_0.2_0.7_4.txt,135,135,Solved,1
BPP_300_125_0.2_0.8_4.txt,149,149,Solved,1
BPP_300_125_0.1_0.7_5.txt,115,115,Solved,0
BPP_300_125_0.1_0.8_5.txt,134,134,Solved,1
BPP_300_125_0.2_0.7_5.txt,133,133,Solved,1
BPP_300_125_0.2_0.8_5.txt,157,157,Solved,0
BPP_300_125_0.1_0.7_6.txt,118,118,Solved,1
BPP_300_125_0.1_0.8_6.txt,134,134,Solved,1
BPP_300_125_0.2_0.7_6.txt,136,136,Solved,1
BPP_300_125_0.2_0.8_6.txt,157,157,Solved,0
BPP_300_125_0.1_0.7_7.txt,121,121,Solved,1
BPP_300_125_0.1_0.8_7.txt,144,144,Solved,0
BPP_300_125_0.2_0.7_7.txt,138,138,Solved,1
BPP_300_125_0.2_0.8_7.txt,154,154,Solved,0
BPP_300_125_0.1_0.7_8.txt,119,119,Solved,1
BPP_300_125_0.1_0.8_8.txt,133,133,Solved,1
BPP_300_125_0.2_0.7_8.txt,131,131,Solved,1
BPP_300_125_0.2_0.8_8.txt,157,157,Solved,1
BPP_300_125_0.1_0.7_9.txt,120,120,Solved,1
BPP_300_125_0.1_0.8_9.txt,133,133,Solved,1
BPP_300_125_0.2_0.7_9.txt,136,136,Solved,1
BPP_300_125_0.2_0.8_9.txt,155,155,Solved,1
BPP_300_150_0.1_0.7_0.txt,118,118,Solved,1
BPP_300_150_0.1_0.8_0.txt,137,137,Solved,1
BPP_300_150_0.2_0.7_0.txt,142,142,Solved,1
BPP_300_150_0.2_0.8_0.txt,148,148,Solved,1
BPP_300_150_0.1_0.7_1.txt,121,121,Solved,1
BPP_300_150_0.1_0.8_1.txt,137,137,Solved,1
BPP_300_150_0.2_0.7_1.txt,145,145,Solved,1
BPP_300_150_0.2_0.8_1.txt,149,149,Solved,1
BPP_300_150_0.1_0.7_2.txt,119,119,Solved,0
BPP_300_150_0.1_0.8_2.txt,132,132,Solved,1
BPP_300_150_0.2_0.7_2.txt,132,132,Solved,1
BPP_300_150_0.2_0.8_2.txt,168,168,Solved,0
BPP_300_150_0.1_0.7_3.txt,117,117,Solved,1
BPP_300_150_0.1_0.8_3.txt,140,140,Solved,1
BPP_300_150_0.2_0.7_3.txt,138,138,Solved,1
BPP_300_150_0.2_0.8_3.txt,146,146,Solved,1
BPP_300_150_0.1_0.7_4.txt,117,117,Solved,1
BPP_300_150_0.1_0.8_4.txt,145,145,Solved,1
BPP_300_150_0.2_0.7_4.txt,137,137,Solved,1
BPP_300_150_0.2_0.8_4.txt,154,154,Solved,1
BPP_300_150_0.1_0.7_5.txt,126,126,Solved,1
BPP_300_150_0.1_0.8_5.txt,129,129,Solved,1
BPP_300_150_0.2_0.7_5.txt,134,134,Solved,1
BPP_300_150_0.2_0.8_5.txt,148,148,Solved,1
BPP_300_150_0.1_0.7_6.txt,124,124,Solved,1
BPP_300_150_0.1_0.8_6.txt,135,135,Solved,1
BPP_300_150_0.2_0.7_6.txt,136,136,Solved,1
BPP_300_150_0.2_0.8_6.txt,154,154,Solved,1
BPP_300_150_0.1_0.7_7.txt,123,123,Solved,1
BPP_300_150_0.1_0.8_7.txt,136,136,Solved,0
BPP_300_150_0.2_0.7_7.txt,136,136,Solved,1
BPP_300_150_0.2_0.8_7.txt,162,162,Solved,1
BPP_300_150_0.1_0.7_8.txt,116,116,Solved,1
BPP_300_150_0.1_0.8_8.txt,140,140,Solved,1
BPP_300_150_0.2_0.7_8.txt,136,136,Solved,1
BPP_300_150_0.2_0.8_8.txt,168,168,Solved,0
BPP_300_150_0.1_0.7_9.txt,124,124,Solved,1
BPP_300_150_0.1_0.8_9.txt,135,135,Solved,1
BPP_300_150_0.2_0.7_9.txt,142,142,Solved,1
BPP_300_150_0.2_0.8_9.txt,155,155,Solved,0
BPP_300_200_0.1_0.7_0.txt,116,116,Solved,1
BPP_300_200_0.1_0.8_0.txt,132,132,Solved,1
BPP_300_200_0.2_0.7_0.txt,135,135,Solved,1
BPP_300_200_0.2_0.8_0.txt,150,150,Solved,0
BPP_300_200_0.1_0.7_1.txt,116,116,Solved,1
BPP_300_200_0.1_0.8_1.txt,135,135,Solved,1
BPP_300_200_0.2_0.7_1.txt,138,138,Solved,1
BPP_300_200_0.2_0.8_1.txt,149,149,Solved,1
BPP_300_200_0.1_0.7_2.txt,116,116,Solved,1
BPP_300_200_0.1_0.8_2.txt,148,148,Solved,0
BPP_300_200_0.2_0.7_2.txt,137,137,Solved,1
BPP_300_200_0.2_0.8_2.txt,165,165,Solved,0
BPP_300_200_0.1_0.7_3.txt,116,116,Solved,1
BPP_300_200_0.1_0.8_3.txt,135,135,Solved,1
BPP_300_200_0.2_0.7_3.txt,137,137,Solved,1
BPP_300_200_0.2_0.8_3.txt,157,157,Solved,0
BPP_300_200_0.1_0.7_4.txt,118,118,Solved,1
BPP_300_200_0.1_0.8_4.txt,139,139,Solved,1
BPP_300_200_0.2_0.7_4.txt,137,137,Solved,1
BPP_300_200_0.2_0.8_4.txt,164,164,Solved,0
BPP_300_200_0.1_0.7_5.txt,122,122,Solved,1
BPP_300_200_0.1_0.8_5.txt,139,139,Solved,1
BPP_300_200_0.2_0.7_5.txt,138,138,Solved,1
BPP_300_200_0.2_0.8_5.txt,164,164,Solved,0
BPP_300_200_0.1_0.7_6.txt,116,116,Solved,1
BPP_300_200_0.1_0.8_6.txt,138,138,Solved,1
BPP_300_200_0.2_0.7_6.txt,138,138,Solved,1
BPP_300_200_0.2_0.8_6.txt,152,152,Solved,1
BPP_300_200_0.1_0.7_7.txt,123,123,Solved,1
BPP_300_200_0.1_0.8_7.txt,134,134,Solved,1
BPP_300_200_0.2_0.7_7.txt,139,139,Solved,1
BPP_300_200_0.2_0.8_7.txt,153,153,Solved,1
BPP_300_200_0.1_0.7_8.txt,116,116,Solved,0
BPP_300_200_0.1_0.8_8.txt,136,136,Solved,1
BPP_300_200_0.2_0.7_8.txt,137,137,Solved,1
BPP_300_200_0.2_0.8_8.txt,156,156,Solved,1
BPP_300_200_0.1_0.7_9.txt,118,118,Solved,1
BPP_300_200_0.1_0.8_9.txt,133,133,Solved,1
BPP_300_200_0.2_0.7_9.txt,136,136,Solved,1
BPP_300_200_0.2_0.8_9.txt,152,152,Solved,1
BPP_300_300_0.1_0.7_0.txt,123,123,Solved,1
BPP_300_300_0.1_0.8_0.txt,139,139,Solved,1
BPP_300_300_0.2_0.7_0.txt,133,133,Solved,1
BPP_300_300_0.2_0.8_0.txt,171,171,Solved,0
BPP_300_300_0.1_0.7_1.txt,119,119,Solved,1
BPP_300_300_0.1_0.8_1.txt,137,137,Solved,1
BPP_300_300_0.2_0.7_1.txt,135,135,Solved,1
BPP_300_300_0.2_0.8_1.txt,148,148,Solved,1
BPP_300_300_0.1_0.7_2.txt,119,119,Solved,1
BPP_300_300_0.1_0.8_2.txt,127,127,Solved,1
BPP_300_300_0.2_0.7_2.txt,135,135,Solved,1
BPP_300_300_0.2_0.8_2.txt,161,161,Solved,0
BPP_300_300_0.1_0.7_3.txt,120,120,Solved,1
BPP_300_300_0.1_0.8_3.txt,142,142,Solved,0
BPP_300_300_0.2_0.7_3.txt,136,136,Solved,1
BPP_300_300_0.2_0.8_3.txt,151,151,Solved,1
BPP_300_300_0.1_0.7_4.txt,118,118,Solved,1
BPP_300_300_0.1_0.8_4.txt,137,137,Solved,1
BPP_300_300_0.2_0.7_4.txt,131,131,Solved,1
BPP_300_300_0.2_0.8_4.txt,157,157,Solved,0
BPP_300_300_0.1_0.7_5.txt,120,120,Solved,1
BPP_300_300_0.1_0.8_5.txt,133,133,Solved,1
BPP_300_300_0.2_0.7_5.txt,144,144,Solved,1
BPP_300_300_0.2_0.8_5.txt,153,153,Solved,1
BPP_300_300_0.1_0.7_6.txt,118,118,Solved,1
BPP_300_300_0.1_0.8_6.txt,153,153,Solved,0
BPP_300_300_0.2_0.7_6.txt,132,132,Solved,1
BPP_300_300_0.2_0.8_6.txt,143,143,Solved,1
BPP_300_300_0.1_0.7_7.txt,117,117,Solved,1
BPP_300_300_0.1_0.8_7.txt,142,142,Solved,0
BPP_300_300_0.2_0.7_7.txt,138,138,Solved,1
BPP_300_300_0.2_0.8_7.txt,160,160,Solved,0
BPP_300_300_0.1_0.7_8.txt,115,115,Solved,1
BPP_300_300_0.1_0.8_8.txt,150,150,Solved,0
BPP_300_300_0.2_0.7_8.txt,132,132,Solved,1
BPP_300_300_0.2_0.8_8.txt,150,150,Solved,0
BPP_300_300_0.1_0.7_9.txt,122,122,Solved,1
BPP_300_300_0.1_0.8_9.txt,136,136,Solved,1
BPP_300_300_0.2_0.7_9.txt,138,138,Solved,1
BPP_300_300_0.2_0.8_9.txt,168,168,Solved,0
BPP_300_400_0.1_0.7_0.txt,120,120,Solved,1
BPP_300_400_0.1_0.8_0.txt,132,132,Solved,1
BPP_300_400_0.2_0.7_0.txt,136,136,Solved,1
BPP_300_400_0.2_0.8_0.txt,155,155,Solved,0
BPP_300_400_0.1_0.7_1.txt,120,120,Solved,1
BPP_300_400_0.1_0.8_1.txt,148,148,Solved,0
BPP_300_400_0.2_0.7_1.txt,134,134,Solved,1
BPP_300_400_0.2_0.8_1.txt,154,154,Solved,0
BPP_300_400_0.1_0.7_2.txt,117,117,Solved,1
BPP_300_400_0.1_0.8_2.txt,138,138,Solved,1
BPP_300_400_0.2_0.7_2.txt,137,137,Solved,1
BPP_300_400_0.2_0.8_2.txt,149,149,Solved,1
BPP_300_400_0.1_0.7_3.txt,116,116,Solved,1
BPP_300_400_0.1_0.8_3.txt,133,133,Solved,1
BPP_300_400_0.2_0.7_3.txt,135,135,Solved,1
BPP_300_400_0.2_0.8_3.txt,147,147,Solved,1
BPP_300_400_0.1_0.7_4.txt,125,125,Solved,1
BPP_300_400_0.1_0.8_4.txt,144,144,Solved,0
BPP_300_400_0.2_0.7_4.txt,137,137,Solved,1
BPP_300_400_0.2_0.8_4.txt,158,158,Solved,1
BPP_300_400_0.1_0.7_5.txt,115,115,Solved,1
BPP_300_400_0.1_0.8_5.txt,132,132,Solved,1
BPP_300_400_0.2_0.7_5.txt,135,135,Solved,1
BPP_300_400_0.2_0.8_5.txt,153,153,Solved,0
BPP_300_400_0.1_0.7_6.txt,124,124,Solved,1
BPP_300_400_0.1_0.8_6.txt,135,135,Solved,1
BPP_300_400_0.2_0.7_6.txt,139,139,Solved,1
BPP_300_400_0.2_0.8_6.txt,148,148,Solved,1
BPP_300_400_0.1_0.7_7.txt,118,118,Solved,1
BPP_300_400_0.1_0.8_7.txt,137,137,Solved,1
BPP_300_400_0.2_0.7_7.txt,137,137,Solved,1
BPP_300_400_0.2_0.8_7.txt,151,151,Solved,0
BPP_300_400_0.1_0.7_8.txt,122,122,Solved,1
BPP_300_400_0.1_0.8_8.txt,136,136,Solved,1
BPP_300_400_0.2_0.7_8.txt,136,136,Solved,1
BPP_300_400_0.2_0.8_8.txt,156,156,Solved,0
BPP_300_400_0.1_0.7_9.txt,123,123,Solved,1
BPP_300_400_0.1_0.8_9.txt,139,139,Solved,1
BPP_300_400_0.2_0.7_9.txt,132,132,Solved,1
BPP_300_400_0.2_0.8_9.txt,156,156,Solved,0
BPP_300_500_0.1_0.7_0.txt,122,122,Solved,1
BPP_300_500_0.1_0.8_0.txt,143,143,Solved,0
BPP_300_500_0.2_0.7_0.txt,136,136,Solved,1
BPP_300_500_0.2_0.8_0.txt,148,148,Solved,1
BPP_300_500_0.1_0.7_1.txt,122,122,Solved,1
BPP_300_500_0.1_0.8_1.txt,133,133,Solved,1
BPP_300_500_0.2_0.7_1.txt,136,136,Solved,1
BPP_300_500_0.2_0.8_1.txt,153,153,Solved,1
BPP_300_500_0.1_0.7_2.txt,122,122,Solved,1
BPP_300_500_0.1_0.8_2.txt,132,132,Solved,1
BPP_300_500_0.2_0.7_2.txt,138,138,Solved,1
BPP_300_500_0.2_0.8_2.txt,153,153,Solved,0
BPP_300_500_0.1_0.7_3.txt,119,119,Solved,1
BPP_300_500_0.1_0.8_3.txt,126,126,Solved,1
BPP_300_500_0.2_0.7_3.txt,133,133,Solved,1
BPP_300_500_0.2_0.8_3.txt,160,160,Solved,0
BPP_300_500_0.1_0.7_4.txt,125,125,Solved,1
BPP_300_500_0.1_0.8_4.txt,137,137,Solved,1
BPP_300_500_0.2_0.7_4.txt,138,138,Solved,1
BPP_300_500_0.2_0.8_4.txt,163,163,Solved,0
BPP_300_500_0.1_0.7_5.txt,120,120,Solved,1
BPP_300_500_0.1_0.8_5.txt,142,142,Solved,0
BPP_300_500_0.2_0.7_5.txt,140,140,Solved,1
BPP_300_500_0.2_0.8_5.txt,165,165,Solved,0
BPP_300_500_0.1_0.7_6.txt,116,116,Solved,1
BPP_300_500_0.1_0.8_6.txt,140,140,Solved,1
BPP_300_500_0.2_0.7_6.txt,139,139,Solved,1
BPP_300_500_0.2_0.8_6.txt,151,151,Solved,1
BPP_300_500_0.1_0.7_7.txt,121,121,Solved,1
BPP_300_500_0.1_0.8_7.txt,131,131,Solved,1
BPP_300_500_0.2_0.7_7.txt,130,130,Solved,1
BPP_300_500_0.2_0.8_7.txt,149,149,Solved,1
BPP_300_500_0.1_0.7_8.txt,124,124,Solved,1
BPP_300_500_0.1_0.8_8.txt,131,131,Solved,1
BPP_300_500_0.2_0.7_8.txt,143,143,Solved,1
BPP_300_500_0.2_0.8_8.txt,155,155,Solved,1
BPP_300_500_0.1_0.7_9.txt,117,117,Solved,1
BPP_300_500_0.1_0.8_9.txt,135,135,Solved,1
BPP_300_500_0.2_0.7_9.txt,131,131,Solved,1
BPP_300_500_0.2_0.8_9.txt,149,149,Solved,1
BPP_300_750_0.1_0.7_0.txt,123,123,Solved,1
BPP_300_750_0.1_0.8_0.txt,137,137,Solved,1
BPP_300_750_0.2_0.7_0.txt,138,138,Solved,1
BPP_300_750_0.2_0.8_0.txt,160,160,Solved,0
BPP_300_750_0.1_0.7_1.txt,117,117,Solved,1
BPP_300_750_0.1_0.8_1.txt,134,134,Solved,1
BPP_300_750_0.2_0.7_1.txt,138,138,Solved,1
BPP_300_750_0.2_0.8_1.txt,150,150,Solved,0
BPP_300_750_0.1_0.7_2.txt,125,125,Solved,1
BPP_300_750_0.1_0.8_2.txt,139,139,Solved,1
BPP_300_750_0.2_0.7_2.txt,141,141,Solved,1
BPP_300_750_0.2_0.8_2.txt,164,164,Solved,1
BPP_300_750_0.1_0.7_3.txt,120,120,Solved,1
BPP_300_750_0.1_0.8_3.txt,132,132,Solved,1
BPP_300_750_0.2_0.7_3.txt,132,132,Solved,1
BPP_300_750_0.2_0.8_3.txt,153,153,Solved,0
BPP_300_750_0.1_0.7_4.txt,120,120,Solved,1
BPP_300_750_0.1_0.8_4.txt,135,135,Solved,1
BPP_300_750_0.2_0.7_4.txt,141,141,Solved,1
BPP_300_750_0.2_0.8_4.txt,163,163,Solved,0
BPP_300_750_0.1_0.7_5.txt,124,124,Solved,1
BPP_300_750_0.1_0.8_5.txt,135,135,Solved,1
BPP_300_750_0.2_0.7_5.txt,140,140,Solved,1
BPP_300_750_0.2_0.8_5.txt,157,157,Solved,1
BPP_300_750_0.1_0.7_6.txt,122,122,Solved,1
BPP_300_750_0.1_0.8_6.txt,144,144,Solved,0
BPP_300_750_0.2_0.7_6.txt,138,138,Solved,1
BPP_300_750_0.2_0.8_6.txt,155,155,Solved,0
BPP_300_750_0.1_0.7_7.txt,122,122,Solved,1
BPP_300_750_0.1_0.8_7.txt,130,130,Solved,1
BPP_300_750_0.2_0.7_7.txt,141,141,Solved,1
BPP_300_750_0.2_0.8_7.txt,152,152,Solved,1
BPP_300_750_0.1_0.7_8.txt,120,120,Solved,1
BPP_300_750_0.1_0.8_8.txt,135,135,Solved,1
BPP_300_750_0.2_0.7_8.txt,134,134,Solved,1
BPP_300_750_0.2_0.8_8.txt,153,153,Solved,1
BPP_300_750_0.1_0.7_9.txt,122,122,Solved,1
BPP_300_750_0.1_0.8_9.txt,136,136,Solved,1
BPP_300_750_0.2_0.7_9.txt,140,140,Solved,1
BPP_300_750_0.2_0.8_9.txt,165,165,Solved,0
BPP_300_1000_0.1_0.7_0.txt,115,115,Solved,1
BPP_300_1000_0.1_0.8_0.txt,139,139,Solved,1
BPP_300_1000_0.2_0.7_0.txt,139,139,Solved,1
BPP_300_1000_0.2_0.8_0.txt,154,154,Solved,1
BPP_300_1000_0.1_0.7_1.txt,124,124,Solved,1
BPP_300_1000_0.1_0.8_1.txt,130,130,Solved,1
BPP_300_1000_0.2_0.7_1.txt,134,134,Solved,1
BPP_300_1000_0.2_0.8_1.txt,148,148,Solved,1
BPP_300_1000_0.1_0.7_2.txt,121,121,Solved,1
BPP_300_1000_0.1_0.8_2.txt,134,134,Solved,1
BPP_300_1000_0.2_0.7_2.txt,139,139,Solved,1
BPP_300_1000_0.2_0.8_2.txt,155,155,Solved,1
BPP_300_1000_0.1_0.7_3.txt,115,115,Solved,1
BPP_300_1000_0.1_0.8_3.txt,138,138,Solved,1
BPP_300_1000_0.2_0.7_3.txt,140,140,Solved,1
BPP_300_1000_0.2_0.8_3.txt,160,160,Solved,1
BPP_300_1000_0.1_0.7_4.txt,123,123,Solved,1
BPP_300_1000_0.1_0.8_4.txt,134,134,Solved,1
BPP_300_1000_0.2_0.7_4.txt,138,138,Solved,1
BPP_300_1000_0.2_0.8_4.txt,151,151,Solved,1
BPP_300_1000_0.1_0.7_5.txt,120,120,Solved,1
BPP_300_1000_0.1_0.8_5.txt,132,132,Solved,1
BPP_300_1000_0.2_0.7_5.txt,136,136,Solved,1
BPP_300_1000_0.2_0.8_5.txt,149,149,Solved,1
BPP_300_1000_0.1_0.7_6.txt,122,122,Solved,1
BPP_300_1000_0.1_0.8_6.txt,129,129,Solved,1
BPP_300_1000_0.2_0.7_6.txt,139,139,Solved,1
BPP_300_1000_0.2_0.8_6.txt,157,157,Solved,1
BPP_300_1000_0.1_0.7_7.txt,119,119,Solved,1
BPP_300_1000_0.1_0.8_7.txt,130,130,Solved,1
BPP_300_1000_0.2_0.7_7.txt,138,138,Solved,1
BPP_300_1000_0.2_0.8_7.txt,154,154,Solved,0
BPP_300_1000_0.1_0.7_8.txt,126,126,Solved,1
BPP_300_1000_0.1_0.8_8.txt,135,135,Solved,1
BPP_300_1000_0.2_0.7_8.txt,135,135,Solved,1
BPP_300_1000_0.2_0.8_8.txt,158,158,Solved,0
BPP_300_1000_0.1_0.7_9.txt,123,123,Solved,1
BPP_300_1000_0.1_0.8_9.txt,136,136,Solved,1
BPP_300_1000_0.2_0.7_9.txt,136,136,Solved,1
BPP_300_1000_0.2_0.8_9.txt,156,156,Solved,0
BPP_400_50_0.1_0.7_0.txt,165,165,Solved,1
BPP_400_50_0.1_0.8_0.txt,180,180,Solved,1
BPP_400_50_0.2_0.7_0.txt,180,180,Solved,1
BPP_400_50_0.2_0.8_0.txt,205,205,Solved,1
BPP_400_50_0.1_0.7_1.txt,159,159,Solved,1
BPP_400_50_0.1_0.8_1.txt,182,182,Solved,0
BPP_400_50_0.2_0.7_1.txt,177,177,Solved,1
BPP_400_50_0.2_0.8_1.txt,202,202,Solved,1
BPP_400_50_0.1_0.7_2.txt,156,156,Solved,1
BPP_400_50_0.1_0.8_2.txt,181,181,Solved,1
BPP_400_50_0.2_0.7_2.txt,180,180,Solved,1
BPP_400_50_0.2_0.8_2.txt,219,219,Solved,0
BPP_400_50_0.1_0.7_3.txt,157,157,Solved,1
BPP_400_50_0.1_0.8_3.txt,178,178,Solved,0
BPP_400_50_0.2_0.7_3.txt,182,182,Solved,1
BPP_400_50_0.2_0.8_3.txt,191,191,Solved,1
BPP_400_50_0.1_0.7_4.txt,160,160,Solved,1
BPP_400_50_0.1_0.8_4.txt,185,185,Solved,1
BPP_400_50_0.2_0.7_4.txt,186,186,Solved,1
BPP_400_50_0.2_0.8_4.txt,198,198,Solved,1
BPP_400_50_0.1_0.7_5.txt,161,161,Solved,1
BPP_400_50_0.1_0.8_5.txt,181,181,Solved,1
BPP_400_50_0.2_0.7_5.txt,186,186,Solved,1
BPP_400_50_0.2_0.8_5.txt,202,202,Solved,0
BPP_400_50_0.1_0.7_6.txt,158,158,Solved,1
BPP_400_50_0.1_0.8_6.txt,179,179,Solved,1
BPP_400_50_0.2_0.7_6.txt,176,176,Solved,1
BPP_400_50_0.2_0.8_6.txt,201,201,Solved,1
BPP_400_50_0.1_0.7_7.txt,162,162,Solved,1
BPP_400_50_0.1_0.8_7.txt,172,172,Solved,0
BPP_400_50_0.2_0.7_7.txt,183,183,Solved,1
BPP_400_50_0.2_0.8_7.txt,200,200,Solved,1
BPP_400_50_0.1_0.7_8.txt,164,164,Solved,1
BPP_400_50_0.1_0.8_8.txt,180,180,Solved,1
BPP_400_50_0.2_0.7_8.txt,182,182,Solved,1
BPP_400_50_0.2_0.8_8.txt,208,208,Solved,0
BPP_400_50_0.1_0.7_9.txt,168,168,Solved,1
BPP_400_50_0.1_0.8_9.txt,180,180,Solved,1
BPP_400_50_0.2_0.7_9.txt,186,186,Solved,1
BPP_400_50_0.2_0.8_9.txt,207,207,Solved,0
BPP_400_75_0.1_0.7_0.txt,163,163,Solved,1
BPP_400_75_0.1_0.8_0.txt,175,175,Solved,1
BPP_400_75_0.2_0.7_0.txt,175,175,Solved,1
BPP_400_75_0.2_0.8_0.txt,219,219,Solved,1
BPP_400_75_0.1_0.7_1.txt,156,156,Solved,1
BPP_400_75_0.1_0.8_1.txt,177,177,Solved,1
BPP_400_75_0.2_0.7_1.txt,191,191,Solved,1
BPP_400_75_0.2_0.8_1.txt,201,201,Solved,1
BPP_400_75_0.1_0.7_2.txt,155,155,Solved,1
BPP_400_75_0.1_0.8_2.txt,180,180,Solved,1
BPP_400_75_0.2_0.7_2.txt,186,186,Solved,1
BPP_400_75_0.2_0.8_2.txt,205,205,Solved,1
BPP_400_75_0.1_0.7_3.txt,160,160,Solved,1
BPP_400_75_0.1_0.8_3.txt,182,182,Solved,1
BPP_400_75_0.2_0.7_3.txt,177,177,Solved,1
BPP_400_75_0.2_0.8_3.txt,202,202,Solved,1
BPP_400_75_0.1_0.7_4.txt,156,156,Solved,1
BPP_400_75_0.1_0.8_4.txt,183,183,Solved,1
BPP_400_75_0.2_0.7_4.txt,183,183,Solved,1
BPP_400_75_0.2_0.8_4.txt,207,207,Solved,0
BPP_400_75_0.1_0.7_5.txt,158,158,Solved,1
BPP_400_75_0.1_0.8_5.txt,181,181,Solved,1
BPP_400_75_0.2_0.7_5.txt,181,181,Solved,1
BPP_400_75_0.2_0.8_5.txt,202,202,Solved,0
BPP_400_75_0.1_0.7_6.txt,156,156,Solved,1
BPP_400_75_0.1_0.8_6.txt,177,177,Solved,1
BPP_400_75_0.2_0.7_6.txt,178,178,Solved,1
BPP_400_75_0.2_0.8_6.txt,200,200,Solved,0
BPP_400_75_0.1_0.7_7.txt,155,155,Solved,1
BPP_400_75_0.1_0.8_7.txt,188,188,Solved,0
BPP_400_75_0.2_0.7_7.txt,180,180,Solved,1
BPP_400_75_0.2_0.8_7.txt,206,206,Solved,1
BPP_400_75_0.1_0.7_8.txt,157,157,Solved,1
BPP_400_75_0.1_0.8_8.txt,179,179,Solved,1
BPP_400_75_0.2_0.7_8.txt,186,186,Solved,1
BPP_400_75_0.2_0.8_8.txt,197,197,Solved,1
BPP_400_75_0.1_0.7_9.txt,159,159,Solved,1
BPP_400_75_0.1_0.8_9.txt,180,180,Solved,1
BPP_400_75_0.2_0.7_9.txt,177,177,Solved,1
BPP_400_75_0.2_0.8_9.txt,199,199,Solved,1
BPP_400_100_0.1_0.7_0.txt,158,158,Solved,1
BPP_400_100_0.1_0.8_0.txt,180,180,Solved,1
BPP_400_100_0.2_0.7_0.txt,177,177,Solved,1
BPP_400_100_0.2_0.8_0.txt,208,208,Solved,0
BPP_400_100_0.1_0.7_1.txt,158,158,Solved,1
BPP_400_100_0.1_0.8_1.txt,175,175,Solved,1
BPP_400_100_0.2_0.7_1.txt,179,179,Solved,1
BPP_400_100_0.2_0.8_1.txt,214,214,Solved,0
BPP_400_100_0.1_0.7_2.txt,163,163,Solved,1
BPP_400_100_0.1_0.8_2.txt,187,187,Solved,0
BPP_400_100_0.2_0.7_2.txt,181,181,Solved,1
BPP_400_100_0.2_0.8_2.txt,204,204,Solved,1
BPP_400_100_0.1_0.7_3.txt,160,160,Solved,1
BPP_400_100_0.1_0.8_3.txt,187,187,Solved,1
BPP_400_100_0.2_0.7_3.txt,181,181,Solved,1
BPP_400_100_0.2_0.8_3.txt,199,199,Solved,1
BPP_400_100_0.1_0.7_4.txt,163,163,Solved,1
BPP_400_100_0.1_0.8_4.txt,180,180,Solved,1
BPP_400_100_0.2_0.7_4.txt,180,180,Solved,1
BPP_400_100_0.2_0.8_4.txt,206,206,Solved,1
BPP_400_100_0.1_0.7_5.txt,161,161,Solved,1
BPP_400_100_0.1_0.8_5.txt,186,186,Solved,0
BPP_400_100_0.2_0.7_5.txt,186,186,Solved,1
BPP_400_100_0.2_0.8_5.txt,199,199,Solved,1
BPP_400_100_0.1_0.7_6.txt,158,158,Solved,1
BPP_400_100_0.1_0.8_6.txt,184,184,Solved,1
BPP_400_100_0.2_0.7_6.txt,182,182,Solved,1
BPP_400_100_0.2_0.8_6.txt,203,203,Solved,1
BPP_400_100_0.1_0.7_7.txt,159,159,Solved,1
BPP_400_100_0.1_0.8_7.txt,180,180,Solved,1
BPP_400_100_0.2_0.7_7.txt,175,175,Solved,1
BPP_400_100_0.2_0.8_7.txt,211,211,Solved,0
BPP_400_100_0.1_0.7_8.txt,168,168,Solved,1
BPP_400_100_0.1_0.8_8.txt,171,171,Solved,1
BPP_400_100_0.2_0.7_8.txt,181,181,Solved,1
BPP_400_100_0.2_0.8_8.txt,199,199,Solved,0
BPP_400_100_0.1_0.7_9.txt,166,166,Solved,1
BPP_400_100_0.1_0.8_9.txt,177,177,Solved,1
BPP_400_100_0.2_0.7_9.txt,180,180,Solved,1
BPP_400_100_0.2_0.8_9.txt,209,209,Solved,0
BPP_400_120_0.1_0.7_0.txt,162,162,Solved,1
BPP_400_120_0.1_0.8_0.txt,178,178,Solved,1
BPP_400_120_0.2_0.7_0.txt,184,184,Solved,1
BPP_400_120_0.2_0.8_0.txt,196,196,Solved,1
BPP_400_120_0.1_0.7_1.txt,156,156,Solved,1
BPP_400_120_0.1_0.8_1.txt,179,179,Solved,1
BPP_400_120_0.2_0.7_1.txt,181,181,Solved,1
BPP_400_120_0.2_0.8_1.txt,211,211,Solved,0
BPP_400_120_0.1_0.7_2.txt,162,162,Solved,1
BPP_400_120_0.1_0.8_2.txt,183,183,Solved,1
BPP_400_120_0.2_0.7_2.txt,189,189,Solved,1
BPP_400_120_0.2_0.8_2.txt,204,204,Solved,0
BPP_400_120_0.1_0.7_3.txt,158,158,Solved,1
BPP_400_120_0.1_0.8_3.txt,181,181,Solved,1
BPP_400_120_0.2_0.7_3.txt,177,177,Solved,1
BPP_400_120_0.2_0.8_3.txt,201,201,Solved,1
BPP_400_120_0.1_0.7_4.txt,159,159,Solved,1
BPP_400_120_0.1_0.8_4.txt,176,176,Solved,1
BPP_400_120_0.2_0.7_4.txt,182,182,Solved,1
BPP_400_120_0.2_0.8_4.txt,215,215,Solved,0
BPP_400_120_0.1_0.7_5.txt,158,158,Solved,1
BPP_400_120_0.1_0.8_5.txt,193,193,Solved,0
BPP_400_120_0.2_0.7_5.txt,182,182,Solved,1
BPP_400_120_0.2_0.8_5.txt,210,210,Solved,1
BPP_400_120_0.1_0.7_6.txt,160,160,Solved,1
BPP_400_120_0.1_0.8_6.txt,180,180,Solved,1
BPP_400_120_0.2_0.7_6.txt,187,187,Solved,1
BPP_400_120_0.2_0.8_6.txt,205,205,Solved,1
BPP_400_120_0.1_0.7_7.txt,161,161,Solved,1
BPP_400_120_0.1_0.8_7.txt,183,183,Solved,1
BPP_400_120_0.2_0.7_7.txt,178,178,Solved,1
BPP_400_120_0.2_0.8_7.txt,200,200,Solved,1
BPP_400_120_0.1_0.7_8.txt,156,156,Solved,1
BPP_400_120_0.1_0.8_8.txt,178,178,Solved,1
BPP_400_120_0.2_0.7_8.txt,185,185,Solved,1
BPP_400_120_0.2_0.8_8.txt,211,211,Solved,0
BPP_400_120_0.1_0.7_9.txt,160,160,Solved,1
BPP_400_120_0.1_0.8_9.txt,182,182,Solved,1
BPP_400_120_0.2_0.7_9.txt,179,179,Solved,1
BPP_400_120_0.2_0.8_9.txt,205,205,Solved,1
BPP_400_125_0.1_0.7_0.txt,162,162,Solved,1
BPP_400_125_0.1_0.8_0.txt,177,177,Solved,1
BPP_400_125_0.2_0.7_0.txt,180,180,Solved,1
BPP_400_125_0.2_0.8_0.txt,200,200,Solved,0
BPP_400_125_0.1_0.7_1.txt,158,158,Solved,1
BPP_400_125_0.1_0.8_1.txt,188,188,Solved,1
BPP_400_125_0.2_0.7_1.txt,181,181,Solved,1
BPP_400_125_0.2_0.8_1.txt,212,212,Solved,1
BPP_400_125_0.1_0.7_2.txt,155,155,Solved,1
BPP_400_125_0.1_0.8_2.txt,175,175,Solved,1
BPP_400_125_0.2_0.7_2.txt,177,177,Solved,1
BPP_400_125_0.2_0.8_2.txt,205,205,Solved,1
BPP_400_125_0.1_0.7_3.txt,158,158,Solved,1
BPP_400_125_0.1_0.8_3.txt,192,192,Solved,0
BPP_400_125_0.2_0.7_3.txt,186,186,Solved,1
BPP_400_125_0.2_0.8_3.txt,204,204,Solved,1
BPP_400_125_0.1_0.7_4.txt,163,163,Solved,1
BPP_400_125_0.1_0.8_4.txt,179,179,Solved,1
BPP_400_125_0.2_0.7_4.txt,183,183,Solved,1
BPP_400_125_0.2_0.8_4.txt,219,219,Solved,0
BPP_400_125_0.1_0.7_5.txt,160,160,Solved,1
BPP_400_125_0.1_0.8_5.txt,179,179,Solved,1
BPP_400_125_0.2_0.7_5.txt,181,181,Solved,1
BPP_400_125_0.2_0.8_5.txt,208,208,Solved,0
BPP_400_125_0.1_0.7_6.txt,163,163,Solved,1
BPP_400_125_0.1_0.8_6.txt,177,177,Solved,1
BPP_400_125_0.2_0.7_6.txt,175,175,Solved,1
BPP_400_125_0.2_0.8_6.txt,202,202,Solved,0
BPP_400_125_0.1_0.7_7.txt,158,158,Solved,1
BPP_400_125_0.1_0.8_7.txt,181,181,Solved,0
BPP_400_125_0.2_0.7_7.txt,177,177,Solved,1
BPP_400_125_0.2_0.8_7.txt,205,205,Solved,0
BPP_400_125_0.1_0.7_8.txt,165,165,Solved,1
BPP_400_125_0.1_0.8_8.txt,182,182,Solved,1
BPP_400_125_0.2_0.7_8.txt,182,182,Solved,1
BPP_400_125_0.2_0.8_8.txt,204,204,Solved,1
BPP_400_125_0.1_0.7_9.txt,157,157,Solved,1
BPP_400_125_0.1_0.8_9.txt,180,180,Solved,1
BPP_400_125_0.2_0.7_9.txt,180,180,Solved,1
BPP_400_125_0.2_0.8_9.txt,209,209,Solved,0
BPP_400_150_0.1_0.7_0.txt,158,158,Solved,1
BPP_400_150_0.1_0.8_0.txt,180,180,Solved,1
BPP_400_150_0.2_0.7_0.txt,181,181,Solved,1
BPP_400_150_0.2_0.8_0.txt,216,216,Solved,1
BPP_400_150_0.1_0.7_1.txt,151,151,Solved,1
BPP_400_150_0.1_0.8_1.txt,178,178,Solved,1
BPP_400_150_0.2_0.7_1.txt,181,181,Solved,1
BPP_400_150_0.2_0.8_1.txt,211,211,Solved,0
BPP_400_150_0.1_0.7_2.txt,162,162,Solved,1
BPP_400_150_0.1_0.8_2.txt,183,183,Solved,1
BPP_400_150_0.2_0.7_2.txt,182,182,Solved,1
BPP_400_150_0.2_0.8_2.txt,200,200,Solved,1
BPP_400_150_0.1_0.7_3.txt,151,151,Solved,1
BPP_400_150_0.1_0.8_3.txt,179,179,Solved,1
BPP_400_150_0.2_0.7_3.txt,184,184,Solved,1
BPP_400_150_0.2_0.8_3.txt,197,197,Solved,1
BPP_400_150_0.1_0.7_4.txt,160,160,Solved,1
BPP_400_150_0.1_0.8_4.txt,176,176,Solved,1
BPP_400_150_0.2_0.7_4.txt,187,187,Solved,1
BPP_400_150_0.2_0.8_4.txt,198,198,Solved,1
BPP_400_150_0.1_0.7_5.txt,162,162,Solved,1
BPP_400_150_0.1_0.8_5.txt,186,186,Solved,1
BPP_400_150_0.2_0.7_5.txt,180,180,Solved,1
BPP_400_150_0.2_0.8_5.txt,206,206,Solved,0
BPP_400_150_0.1_0.7_6.txt,162,162,Solved,1
BPP_400_150_0.1_0.8_6.txt,180,180,Solved,1
BPP_400_150_0.2_0.7_6.txt,181,181,Solved,1
BPP_400_150_0.2_0.8_6.txt,199,199,Solved,1
BPP_400_150_0.1_0.7_7.txt,165,165,Solved,1
BPP_400_150_0.1_0.8_7.txt,172,172,Solved,1
BPP_400_150_0.2_0.7_7.txt,178,178,Solved,1
BPP_400_150_0.2_0.8_7.txt,200,200,Solved,1
BPP_400_150_0.1_0.7_8.txt,159,159,Solved,1
BPP_400_150_0.1_0.8_8.txt,177,177,Solved,1
BPP_400_150_0.2_0.7_8.txt,183,183,Solved,1
BPP_400_150_0.2_0.8_8.txt,212,212,Solved,0
BPP_400_150_0.1_0.7_9.txt,157,157,Solved,1
BPP_400_150_0.1_0.8_9.txt,175,175,Solved,1
BPP_400_150_0.2_0.7_9.txt,181,181,Solved,1
BPP_400_150_0.2_0.8_9.txt,206,206,Solved,1
BPP_400_200_0.1_0.7_0.txt,162,162,Solved,1
BPP_400_200_0.1_0.8_0.txt,181,181,Solved,1
BPP_400_200_0.2_0.7_0.txt,187,187,Solved,1
BPP_400_200_0.2_0.8_0.txt,208,208,Solved,0
BPP_400_200_0.1_0.7_1.txt,164,164,Solved,1
BPP_400_200_0.1_0.8_1.txt,183,183,Solved,1
BPP_400_200_0.2_0.7_1.txt,183,183,Solved,1
BPP_400_200_0.2_0.8_1.txt,211,211,Solved,1
BPP_400_200_0.1_0.7_2.txt,159,159,Solved,1
BPP_400_200_0.1_0.8_2.txt,176,176,Solved,1
BPP_400_200_0.2_0.7_2.txt,175,175,Solved,1
BPP_400_200_0.2_0.8_2.txt,212,212,Solved,0
BPP_400_200_0.1_0.7_3.txt,159,159,Solved,1
BPP_400_200_0.1_0.8_3.txt,186,186,Solved,1
BPP_400_200_0.2_0.7_3.txt,177,177,Solved,1
BPP_400_200_0.2_0.8_3.txt,200,200,Solved,1
BPP_400_200_0.1_0.7_4.txt,156,156,Solved,1
BPP_400_200_0.1_0.8_4.txt,177,177,Solved,1
BPP_400_200_0.2_0.7_4.txt,175,175,Solved,1
BPP_400_200_0.2_0.8_4.txt,204,204,Solved,0
BPP_400_200_0.1_0.7_5.txt,164,164,Solved,1
BPP_400_200_0.1_0.8_5.txt,180,180,Solved,1
BPP_400_200_0.2_0.7_5.txt,184,184,Solved,1
BPP_400_200_0.2_0.8_5.txt,207,207,Solved,1
BPP_400_200_0.1_0.7_6.txt,164,164,Solved,1
BPP_400_200_0.1_0.8_6.txt,180,180,Solved,1
BPP_400_200_0.2_0.7_6.txt,183,183,Solved,1
BPP_400_200_0.2_0.8_6.txt,218,218,Solved,0
BPP_400_200_0.1_0.7_7.txt,156,156,Solved,1
BPP_400_200_0.1_0.8_7.txt,179,179,Solved,1
BPP_400_200_0.2_0.7_7.txt,183,183,Solved,1
BPP_400_200_0.2_0.8_7.txt,208,208,Solved,1
BPP_400_200_0.1_0.7_8.txt,161,161,Solved,1
BPP_400_200_0.1_0.8_8.txt,182,182,Solved,1
BPP_400_200_0.2_0.7_8.txt,185,185,Solved,1
BPP_400_200_0.2_0.8_8.txt,210,210,Solved,0
BPP_400_200_0.1_0.7_9.txt,160,160,Solved,1
BPP_400_200_0.1_0.8_9.txt,178,178,Solved,1
BPP_400_200_0.2_0.7_9.txt,182,182,Solved,1
BPP_400_200_0.2_0.8_9.txt,215,215,Solved,1
BPP_400_300_0.1_0.7_0.txt,161,161,Solved,1
BPP_400_300_0.1_0.8_0.txt,181,181,Solved,1
BPP_400_300_0.2_0.7_0.txt,183,183,Solved,1
BPP_400_300_0.2_0.8_0.txt,204,204,Solved,1
BPP_400_300_0.1_0.7_1.txt,160,160,Solved,1
BPP_400_300_0.1_0.8_1.txt,173,173,Solved,1
BPP_400_300_0.2_0.7_1.txt,188,188,Solved,1
BPP_400_300_0.2_0.8_1.txt,197,197,Solved,1
BPP_400_300_0.1_0.7_2.txt,163,163,Solved,1
BPP_400_300_0.1_0.8_2.txt,184,184,Solved,1
BPP_400_300_0.2_0.7_2.txt,180,180,Solved,1
BPP_400_300_0.2_0.8_2.txt,206,206,Solved,1
BPP_400_300_0.1_0.7_3.txt,162,162,Solved,1
BPP_400_300_0.1_0.8_3.txt,178,178,Solved,1
BPP_400_300_0.2_0.7_3.txt,187,187,Solved,1
BPP_400_300_0.2_0.8_3.txt,204,204,Solved,1
BPP_400_300_0.1_0.7_4.txt,155,155,Solved,1
BPP_400_300_0.1_0.8_4.txt,177,177,Solved,1
BPP_400_300_0.2_0.7_4.txt,181,181,Solved,1
BPP_400_300_0.2_0.8_4.txt,206,206,Solved,0
BPP_400_300_0.1_0.7_5.txt,158,158,Solved,1
BPP_400_300_0.1_0.8_5.txt,178,178,Solved,1
BPP_400_300_0.2_0.7_5.txt,182,182,Solved,1
BPP_400_300_0.2_0.8_5.txt,205,205,Solved,1
BPP_400_300_0.1_0.7_6.txt,161,161,Solved,1
BPP_400_300_0.1_0.8_6.txt,182,182,Solved,1
BPP_400_300_0.2_0.7_6.txt,179,179,Solved,1
BPP_400_300_0.2_0.8_6.txt,204,204,Solved,1
BPP_400_300_0.1_0.7_7.txt,154,154,Solved,1
BPP_400_300_0.1_0.8_7.txt,184,184,Solved,1
BPP_400_300_0.2_0.7_7.txt,186,186,Solved,1
BPP_400_300_0.2_0.8_7.txt,199,199,Solved,0
BPP_400_300_0.1_0.7_8.txt,162,162,Solved,1
BPP_400_300_0.1_0.8_8.txt,186,186,Solved,1
BPP_400_300_0.2_0.7_8.txt,183,183,Solved,1
BPP_400_300_0.2_0.8_8.txt,208,208,Solved,1
BPP_400_300_0.1_0.7_9.txt,159,159,Solved,1
BPP_400_300_0.1_0.8_9.txt,181,181,Solved,1
BPP_400_300_0.2_0.7_9.txt,189,189,Solved,1
BPP_400_300_0.2_0.8_9.txt,198,198,Solved,1
BPP_400_400_0.1_0.7_0.txt,162,162,Solved,1
BPP_400_400_0.1_0.8_0.txt,181,181,Solved,1
BPP_400_400_0.2_0.7_0.txt,190,190,Solved,1
BPP_400_400_0.2_0.8_0.txt,210,210,Solved,0
BPP_400_400_0.1_0.7_1.txt,160,160,Solved,1
BPP_400_400_0.1_0.8_1.txt,180,180,Solved,1
BPP_400_400_0.2_0.7_1.txt,181,181,Solved,1
BPP_400_400_0.2_0.8_1.txt,212,212,Solved,0
BPP_400_400_0.1_0.7_2.txt,155,155,Solved,1
BPP_400_400_0.1_0.8_2.txt,187,187,Solved,1
BPP_400_400_0.2_0.7_2.txt,190,190,Solved,1
BPP_400_400_0.2_0.8_2.txt,217,217,Solved,1
BPP_400_400_0.1_0.7_3.txt,157,157,Solved,1
BPP_400_400_0.1_0.8_3.txt,188,188,Solved,1
BPP_400_400_0.2_0.7_3.txt,183,183,Solved,1
BPP_400_400_0.2_0.8_3.txt,204,204,Solved,0
BPP_400_400_0.1_0.7_4.txt,165,165,Solved,1
BPP_400_400_0.1_0.8_4.txt,183,183,Solved,1
BPP_400_400_0.2_0.7_4.txt,185,185,Solved,1
BPP_400_400_0.2_0.8_4.txt,206,206,Solved,1
BPP_400_400_0.1_0.7_5.txt,162,162,Solved,1
BPP_400_400_0.1_0.8_5.txt,179,179,Solved,1
BPP_400_400_0.2_0.7_5.txt,187,187,Solved,1
BPP_400_400_0.2_0.8_5.txt,201,201,Solved,1
BPP_400_400_0.1_0.7_6.txt,155,155,Solved,1
BPP_400_400_0.1_0.8_6.txt,183,183,Solved,1
BPP_400_400_0.2_0.7_6.txt,182,182,Solved,1
BPP_400_400_0.2_0.8_6.txt,208,208,Solved,0
BPP_400_400_0.1_0.7_7.txt,154,154,Solved,1
BPP_400_400_0.1_0.8_7.txt,177,177,Solved,1
BPP_400_400_0.2_0.7_7.txt,177,177,Solved,1
BPP_400_400_0.2_0.8_7.txt,215,215,Solved,0
BPP_400_400_0.1_0.7_8.txt,160,160,Solved,1
BPP_400_400_0.1_0.8_8.txt,176,176,Solved,1
BPP_400_400_0.2_0.7_8.txt,175,175,Solved,1
BPP_400_400_0.2_0.8_8.txt,195,195,Solved,1
BPP_400_400_0.1_0.7_9.txt,166,166,Solved,1
BPP_400_400_0.1_0.8_9.txt,177,177,Solved,1
BPP_400_400_0.2_0.7_9.txt,178,178,Solved,1
BPP_400_400_0.2_0.8_9.txt,209,209,Solved,1
BPP_400_500_0.1_0.7_0.txt,167,167,Solved,1
BPP_400_500_0.1_0.8_0.txt,181,181,Solved,1
BPP_400_500_0.2_0.7_0.txt,179,179,Solved,1
BPP_400_500_0.2_0.8_0.txt,209,209,Solved,0
BPP_400_500_0.1_0.7_1.txt,162,162,Solved,1
BPP_400_500_0.1_0.8_1.txt,182,182,Solved,1
BPP_400_500_0.2_0.7_1.txt,180,180,Solved,1
BPP_400_500_0.2_0.8_1.txt,201,201,Solved,1
BPP_400_500_0.1_0.7_2.txt,168,168,Solved,1
BPP_400_500_0.1_0.8_2.txt,175,175,Solved,1
BPP_400_500_0.2_0.7_2.txt,182,182,Solved,1
BPP_400_500_0.2_0.8_2.txt,198,198,Solved,1
BPP_400_500_0.1_0.7_3.txt,167,167,Solved,1
BPP_400_500_0.1_0.8_3.txt,183,183,Solved,1
BPP_400_500_0.2_0.7_3.txt,190,190,Solved,1
BPP_400_500_0.2_0.8_3.txt,203,203,Solved,1
BPP_400_500_0.1_0.7_4.txt,165,165,Solved,1
BPP_400_500_0.1_0.8_4.txt,181,181,Solved,1
BPP_400_500_0.2_0.7_4.txt,179,179,Solved,1
BPP_400_500_0.2_0.8_4.txt,199,199,Solved,1
BPP_400_500_0.1_0.7_5.txt,160,160,Solved,1
BPP_400_500_0.1_0.8_5.txt,177,177,Solved,1
BPP_400_500_0.2_0.7_5.txt,180,180,Solved,1
BPP_400_500_0.2_0.8_5.txt,199,199,Solved,1
BPP_400_500_0.1_0.7_6.txt,166,166,Solved,1
BPP_400_500_0.1_0.8_6.txt,177,177,Solved,1
BPP_400_500_0.2_0.7_6.txt,182,182,Solved,1
BPP_400_500_0.2_0.8_6.txt,207,207,Solved,1
BPP_400_500_0.1_0.7_7.txt,160,160,Solved,1
BPP_400_500_0.1_0.8_7.txt,178,178,Solved,1
BPP_400_500_0.2_0.7_7.txt,187,187,Solved,1
BPP_400_500_0.2_0.8_7.txt,207,207,Solved,1
BPP_400_500_0.1_0.7_8.txt,160,160,Solved,1
BPP_400_500_0.1_0.8_8.txt,185,185,Solved,0
BPP_400_500_0.2_0.7_8.txt,188,188,Solved,1
BPP_400_500_0.2_0.8_8.txt,202,202,Solved,1
BPP_400_500_0.1_0.7_9.txt,159,159,Solved,1
BPP_400_500_0.1_0.8_9.txt,179,179,Solved,1
BPP_400_500_0.2_0.7_9.txt,181,181,Solved,1
BPP_400_500_0.2_0.8_9.txt,211,211,Solved,0
BPP_400_750_0.1_0.7_0.txt,159,159,Solved,1
BPP_400_750_0.1_0.8_0.txt,183,183,Solved,1
BPP_400_750_0.2_0.7_0.txt,186,186,Solved,1
BPP_400_750_0.2_0.8_0.txt,206,206,Solved,0
BPP_400_750_0.1_0.7_1.txt,158,158,Solved,1
BPP_400_750_0.1_0.8_1.txt,185,185,Solved,1
BPP_400_750_0.2_0.7_1.txt,190,190,Solved,1
BPP_400_750_0.2_0.8_1.txt,200,200,Solved,1
BPP_400_750_0.1_0.7_2.txt,162,162,Solved,1
BPP_400_750_0.1_0.8_2.txt,182,182,Solved,1
BPP_400_750_0.2_0.7_2.txt,180,180,Solved,1
BPP_400_750_0.2_0.8_2.txt,207,207,Solved,1
BPP_400_750_0.1_0.7_3.txt,161,161,Solved,1
BPP_400_750_0.1_0.8_3.txt,179,179,Solved,1
BPP_400_750_0.2_0.7_3.txt,185,185,Solved,1
BPP_400_750_0.2_0.8_3.txt,196,196,Solved,1
BPP_400_750_0.1_0.7_4.txt,157,157,Solved,1
BPP_400_750_0.1_0.8_4.txt,180,180,Solved,1
BPP_400_750_0.2_0.7_4.txt,182,182,Solved,1
BPP_400_750_0.2_0.8_4.txt,205,205,Solved,1
BPP_400_750_0.1_0.7_5.txt,162,162,Solved,1
BPP_400_750_0.1_0.8_5.txt,179,179,Solved,1
BPP_400_750_0.2_0.7_5.txt,181,181,Solved,1
BPP_400_750_0.2_0.8_5.txt,217,217,Solved,0
BPP_400_750_0.1_0.7_6.txt,164,164,Solved,1
BPP_400_750_0.1_0.8_6.txt,187,187,Solved,1
BPP_400_750_0.2_0.7_6.txt,184,184,Solved,1
BPP_400_750_0.2_0.8_6.txt,209,209,Solved,0
BPP_400_750_0.1_0.7_7.txt,171,171,Solved,1
BPP_400_750_0.1_0.8_7.txt,186,186,Solved,1
BPP_400_750_0.2_0.7_7.txt,179,179,Solved,1
BPP_400_750_0.2_0.8_7.txt,213,213,Solved,1
BPP_400_750_0.1_0.7_8.txt,161,161,Solved,1
BPP_400_750_0.1_0.8_8.txt,186,186,Solved,1
BPP_400_750_0.2_0.7_8.txt,180,180,Solved,1
BPP_400_750_0.2_0.8_8.txt,213,213,Solved,0
BPP_400_750_0.1_0.7_9.txt,163,163,Solved,1
BPP_400_750_0.1_0.8_9.txt,180,180,Solved,1
BPP_400_750_0.2_0.7_9.txt,186,186,Solved,1
BPP_400_750_0.2_0.8_9.txt,201,201,Solved,1
BPP_400_1000_0.1_0.7_0.txt,164,164,Solved,1
BPP_400_1000_0.1_0.8_0.txt,198,198,Solved,0
BPP_400_1000_0.2_0.7_0.txt,184,184,Solved,1
BPP_400_1000_0.2_0.8_0.txt,212,212,Solved,1
BPP_400_1000_0.1_0.7_1.txt,161,161,Solved,1
BPP_400_1000_0.1_0.8_1.txt,180,180,Solved,1
BPP_400_1000_0.2_0.7_1.txt,181,181,Solved,1
BPP_400_1000_0.2_0.8_1.txt,207,207,Solved,0
BPP_400_1000_0.1_0.7_2.txt,155,155,Solved,1
BPP_400_1000_0.1_0.8_2.txt,181,181,Solved,1
BPP_400_1000_0.2_0.7_2.txt,183,183,Solved,1
BPP_400_1000_0.2_0.8_2.txt,206,206,Solved,1
BPP_400_1000_0.1_0.7_3.txt,166,166,Solved,1
BPP_400_1000_0.1_0.8_3.txt,174,174,Solved,1
BPP_400_1000_0.2_0.7_3.txt,184,184,Solved,1
BPP_400_1000_0.2_0.8_3.txt,204,204,Solved,1
BPP_400_1000_0.1_0.7_4.txt,165,165,Solved,1
BPP_400_1000_0.1_0.8_4.txt,183,183,Solved,1
BPP_400_1000_0.2_0.7_4.txt,184,184,Solved,1
BPP_400_1000_0.2_0.8_4.txt,198,198,Solved,1
BPP_400_1000_0.1_0.7_5.txt,160,160,Solved,1
BPP_400_1000_0.1_0.8_5.txt,179,179,Solved,1
BPP_400_1000_0.2_0.7_5.txt,184,184,Solved,1
BPP_400_1000_0.2_0.8_5.txt,207,207,Solved,1
BPP_400_1000_0.1_0.7_6.txt,155,155,Solved,1
BPP_400_1000_0.1_0.8_6.txt,180,180,Solved,1
BPP_400_1000_0.2_0.7_6.txt,181,181,Solved,1
BPP_400_1000_0.2_0.8_6.txt,200,200,Solved,1
BPP_400_1000_0.1_0.7_7.txt,165,165,Solved,1
BPP_400_1000_0.1_0.8_7.txt,180,180,Solved,1
BPP_400_1000_0.2_0.7_7.txt,180,180,Solved,1
BPP_400_1000_0.2_0.8_7.txt,200,200,Solved,1
BPP_400_1000_0.1_0.7_8.txt,158,158,Solved,1
BPP_400_1000_0.1_0.8_8.txt,181,181,Solved,1
BPP_400_1000_0.2_0.7_8.txt,185,185,Solved,1
BPP_400_1000_0.2_0.8_8.txt,208,208,Solved,1
BPP_400_1000_0.1_0.7_9.txt,162,162,Solved,1
BPP_400_1000_0.1_0.8_9.txt,182,182,Solved,1
BPP_400_1000_0.2_0.7_9.txt,181,181,Solved,1
BPP_400_1000_0.2_0.8_9.txt,197,197,Solved,1
BPP_500_50_0.1_0.7_0.txt,197,197,Solved,0
BPP_500_50_0.1_0.8_0.txt,229,229,Solved,1
BPP_500_50_0.2_0.7_0.txt,229,229,Solved,1
BPP_500_50_0.2_0.8_0.txt,255,255,Solved,0
BPP_500_50_0.1_0.7_1.txt,205,205,Solved,1
BPP_500_50_0.1_0.8_1.txt,221,221,Solved,1
BPP_500_50_0.2_0.7_1.txt,226,226,Solved,1
BPP_500_50_0.2_0.8_1.txt,245,245,Solved,1
BPP_500_50_0.1_0.7_2.txt,198,198,Solved,1
BPP_500_50_0.1_0.8_2.txt,217,217,Solved,1
BPP_500_50_0.2_0.7_2.txt,226,226,Solved,1
BPP_500_50_0.2_0.8_2.txt,248,248,Solved,1
BPP_500_50_0.1_0.7_3.txt,200,200,Solved,1
BPP_500_50_0.1_0.8_3.txt,234,234,Solved,1
BPP_500_50_0.2_0.7_3.txt,231,231,Solved,1
BPP_500_50_0.2_0.8_3.txt,254,254,Solved,1
BPP_500_50_0.1_0.7_4.txt,203,203,Solved,1
BPP_500_50_0.1_0.8_4.txt,218,218,Solved,1
BPP_500_50_0.2_0.7_4.txt,231,231,Solved,1
BPP_500_50_0.2_0.8_4.txt,266,266,Solved,0
BPP_500_50_0.1_0.7_5.txt,205,205,Solved,1
BPP_500_50_0.1_0.8_5.txt,227,227,Solved,1
BPP_500_50_0.2_0.7_5.txt,225,225,Solved,1
BPP_500_50_0.2_0.8_5.txt,249,249,Solved,1
BPP_500_50_0.1_0.7_6.txt,202,202,Solved,1
BPP_500_50_0.1_0.8_6.txt,228,228,Solved,1
BPP_500_50_0.2_0.7_6.txt,222,222,Solved,1
BPP_500_50_0.2_0.8_6.txt,256,256,Solved,0
BPP_500_50_0.1_0.7_7.txt,203,203,Solved,1
BPP_500_50_0.1_0.8_7.txt,233,233,Solved,1
BPP_500_50_0.2_0.7_7.txt,228,228,Solved,1
BPP_500_50_0.2_0.8_7.txt,258,258,Solved,0
BPP_500_50_0.1_0.7_8.txt,200,200,Solved,1
BPP_500_50_0.1_0.8_8.txt,225,225,Solved,1
BPP_500_50_0.2_0.7_8.txt,221,221,Solved,1
BPP_500_50_0.2_0.8_8.txt,255,255,Solved,1
BPP_500_50_0.1_0.7_9.txt,207,207,Solved,0
BPP_500_50_0.1_0.8_9.txt,235,235,Solved,0
BPP_500_50_0.2_0.7_9.txt,227,227,Solved,1
BPP_500_50_0.2_0.8_9.txt,274,274,Solved,0
BPP_500_75_0.1_0.7_0.txt,199,199,Solved,1
BPP_500_75_0.1_0.8_0.txt,231,231,Solved,1
BPP_500_75_0.2_0.7_0.txt,226,226,Solved,1
BPP_500_75_0.2_0.8_0.txt,262,262,Solved,0
BPP_500_75_0.1_0.7_1.txt,204,204,Solved,1
BPP_500_75_0.1_0.8_1.txt,221,221,Solved,0
BPP_500_75_0.2_0.7_1.txt,219,219,Solved,1
BPP_500_75_0.2_0.8_1.txt,255,255,Solved,0
BPP_500_75_0.1_0.7_2.txt,201,201,Solved,1
BPP_500_75_0.1_0.8_2.txt,230,230,Solved,1
BPP_500_75_0.2_0.7_2.txt,228,228,Solved,1
BPP_500_75_0.2_0.8_2.txt,256,256,Solved,1
BPP_500_75_0.1_0.7_3.txt,196,196,Solved,1
BPP_500_75_0.1_0.8_3.txt,225,225,Solved,1
BPP_500_75_0.2_0.7_3.txt,226,226,Solved,1
BPP_500_75_0.2_0.8_3.txt,251,251,Solved,1
BPP_500_75_0.1_0.7_4.txt,200,200,Solved,0
BPP_500_75_0.1_0.8_4.txt,227,227,Solved,1
BPP_500_75_0.2_0.7_4.txt,218,218,Solved,1
BPP_500_75_0.2_0.8_4.txt,250,250,Solved,1
BPP_500_75_0.1_0.7_5.txt,198,198,Solved,1
BPP_500_75_0.1_0.8_5.txt,228,228,Solved,1
BPP_500_75_0.2_0.7_5.txt,228,228,Solved,1
BPP_500_75_0.2_0.8_5.txt,259,259,Solved,1
BPP_500_75_0.1_0.7_6.txt,195,195,Solved,1
BPP_500_75_0.1_0.8_6.txt,225,225,Solved,1
BPP_500_75_0.2_0.7_6.txt,226,226,Solved,1
BPP_500_75_0.2_0.8_6.txt,264,264,Solved,0
BPP_500_75_0.1_0.7_7.txt,196,196,Solved,0
BPP_500_75_0.1_0.8_7.txt,230,230,Solved,1
BPP_500_75_0.2_0.7_7.txt,218,218,Solved,1
BPP_500_75_0.2_0.8_7.txt,248,248,Solved,1
BPP_500_75_0.1_0.7_8.txt,196,196,Solved,1
BPP_500_75_0.1_0.8_8.txt,225,225,Solved,1
BPP_500_75_0.2_0.7_8.txt,221,221,Solved,1
BPP_500_75_0.2_0.8_8.txt,254,254,Solved,0
BPP_500_75_0.1_0.7_9.txt,191,191,Solved,1
BPP_500_75_0.1_0.8_9.txt,227,227,Solved,1
BPP_500_75_0.2_0.7_9.txt,225,225,Solved,1
BPP_500_75_0.2_0.8_9.txt,269,269,Solved,1
BPP_500_100_0.1_0.7_0.txt,197,197,Solved,1
BPP_500_100_0.1_0.8_0.txt,230,230,Solved,1
BPP_500_100_0.2_0.7_0.txt,221,221,Solved,1
BPP_500_100_0.2_0.8_0.txt,262,262,Solved,1
BPP_500_100_0.1_0.7_1.txt,201,201,Solved,1
BPP_500_100_0.1_0.8_1.txt,223,223,Solved,1
BPP_500_100_0.2_0.7_1.txt,223,223,Solved,1
BPP_500_100_0.2_0.8_1.txt,249,249,Solved,1
BPP_500_100_0.1_0.7_2.txt,200,200,Solved,1
BPP_500_100_0.1_0.8_2.txt,231,231,Solved,1
BPP_500_100_0.2_0.7_2.txt,224,224,Solved,1
BPP_500_100_0.2_0.8_2.txt,259,259,Solved,0
BPP_500_100_0.1_0.7_3.txt,203,203,Solved,1
BPP_500_100_0.1_0.8_3.txt,221,221,Solved,1
BPP_500_100_0.2_0.7_3.txt,224,224,Solved,1
BPP_500_100_0.2_0.8_3.txt,257,257,Solved,1
BPP_500_100_0.1_0.7_4.txt,199,199,Solved,1
BPP_500_100_0.1_0.8_4.txt,223,223,Solved,1
BPP_500_100_0.2_0.7_4.txt,229,229,Solved,1
BPP_500_100_0.2_0.8_4.txt,247,247,Solved,1
BPP_500_100_0.1_0.7_5.txt,203,203,Solved,1
BPP_500_100_0.1_0.8_5.txt,218,218,Solved,1
BPP_500_100_0.2_0.7_5.txt,223,223,Solved,1
BPP_500_100_0.2_0.8_5.txt,268,268,Solved,0
BPP_500_100_0.1_0.7_6.txt,208,208,Solved,1
BPP_500_100_0.1_0.8_6.txt,221,221,Solved,1
BPP_500_100_0.2_0.7_6.txt,229,229,Solved,1
BPP_500_100_0.2_0.8_6.txt,252,252,Solved,0
BPP_500_100_0.1_0.7_7.txt,206,206,Solved,1
BPP_500_100_0.1_0.8_7.txt,226,226,Solved,1
BPP_500_100_0.2_0.7_7.txt,227,227,Solved,1
BPP_500_100_0.2_0.8_7.txt,244,244,Solved,1
BPP_500_100_0.1_0.7_8.txt,198,198,Solved,1
BPP_500_100_0.1_0.8_8.txt,224,224,Solved,0
BPP_500_100_0.2_0.7_8.txt,222,222,Solved,1
BPP_500_100_0.2_0.8_8.txt,250,250,Solved,1
BPP_500_100_0.1_0.7_9.txt,194,194,Solved,1
BPP_500_100_0.1_0.8_9.txt,224,224,Solved,1
BPP_500_100_0.2_0.7_9.txt,228,228,Solved,1
BPP_500_100_0.2_0.8_9.txt,258,258,Solved,0
BPP_500_120_0.1_0.7_0.txt,201,201,Solved,1
BPP_500_120_0.1_0.8_0.txt,224,224,Solved,1
BPP_500_120_0.2_0.7_0.txt,228,228,Solved,1
BPP_500_120_0.2_0.8_0.txt,266,266,Solved,1
BPP_500_120_0.1_0.7_1.txt,200,200,Solved,1
BPP_500_120_0.1_0.8_1.txt,223,223,Solved,1
BPP_500_120_0.2_0.7_1.txt,228,228,Solved,1
BPP_500_120_0.2_0.8_1.txt,263,263,Solved,1
BPP_500_120_0.1_0.7_2.txt,203,203,Solved,1
BPP_500_120_0.1_0.8_2.txt,215,215,Solved,1
BPP_500_120_0.2_0.7_2.txt,225,225,Solved,1
BPP_500_120_0.2_0.8_2.txt,248,248,Solved,1
BPP_500_120_0.1_0.7_3.txt,200,200,Solved,1
BPP_500_120_0.1_0.8_3.txt,222,222,Solved,1
BPP_500_120_0.2_0.7_3.txt,227,227,Solved,1
BPP_500_120_0.2_0.8_3.txt,264,264,Solved,1
BPP_500_120_0.1_0.7_4.txt,201,201,Solved,1
BPP_500_120_0.1_0.8_4.txt,226,226,Solved,1
BPP_500_120_0.2_0.7_4.txt,227,227,Solved,1
BPP_500_120_0.2_0.8_4.txt,260,260,Solved,0
BPP_500_120_0.1_0.7_5.txt,200,200,Solved,1
BPP_500_120_0.1_0.8_5.txt,227,227,Solved,1
BPP_500_120_0.2_0.7_5.txt,227,227,Solved,1
BPP_500_120_0.2_0.8_5.txt,259,259,Solved,0
BPP_500_120_0.1_0.7_6.txt,208,208,Solved,1
BPP_500_120_0.1_0.8_6.txt,227,227,Solved,1
BPP_500_120_0.2_0.7_6.txt,226,226,Solved,1
BPP_500_120_0.2_0.8_6.txt,257,257,Solved,0
BPP_500_120_0.1_0.7_7.txt,204,204,Solved,1
BPP_500_120_0.1_0.8_7.txt,226,226,Solved,1
BPP_500_120_0.2_0.7_7.txt,236,236,Solved,1
BPP_500_120_0.2_0.8_7.txt,252,252,Solved,0
BPP_500_120_0.1_0.7_8.txt,198,198,Solved,1
BPP_500_120_0.1_0.8_8.txt,228,228,Solved,1
BPP_500_120_0.2_0.7_8.txt,224,224,Solved,1
BPP_500_120_0.2_0.8_8.txt,249,249,Solved,1
BPP_500_120_0.1_0.7_9.txt,202,202,Solved,1
BPP_500_120_0.1_0.8_9.txt,214,214,Solved,1
BPP_500_120_0.2_0.7_9.txt,227,227,Solved,1
BPP_500_120_0.2_0.8_9.txt,258,258,Solved,1
BPP_500_125_0.1_0.7_0.txt,195,195,Solved,1
BPP_500_125_0.1_0.8_0.txt,226,226,Solved,1
BPP_500_125_0.2_0.7_0.txt,222,222,Solved,1
BPP_500_125_0.2_0.8_0.txt,255,255,Solved,1
BPP_500_125_0.1_0.7_1.txt,194,194,Solved,1
BPP_500_125_0.1_0.8_1.txt,226,226,Solved,1
BPP_500_125_0.2_0.7_1.txt,221,221,Solved,1
BPP_500_125_0.2_0.8_1.txt,253,253,Solved,1
BPP_500_125_0.1_0.7_2.txt,194,194,Solved,1
BPP_500_125_0.1_0.8_2.txt,226,226,Solved,1
BPP_500_125_0.2_0.7_2.txt,226,226,Solved,1
BPP_500_125_0.2_0.8_2.txt,258,258,Solved,1
BPP_500_125_0.1_0.7_3.txt,199,199,Solved,1
BPP_500_125_0.1_0.8_3.txt,221,221,Solved,1
BPP_500_125_0.2_0.7_3.txt,221,221,Solved,1
BPP_500_125_0.2_0.8_3.txt,249,249,Solved,1
BPP_500_125_0.1_0.7_4.txt,207,207,Solved,1
BPP_500_125_0.1_0.8_4.txt,229,229,Solved,1
BPP_500_125_0.2_0.7_4.txt,223,223,Solved,1
BPP_500_125_0.2_0.8_4.txt,249,249,Solved,1
BPP_500_125_0.1_0.7_5.txt,202,202,Solved,1
BPP_500_125_0.1_0.8_5.txt,219,219,Solved,1
BPP_500_125_0.2_0.7_5.txt,221,221,Solved,1
BPP_500_125_0.2_0.8_5.txt,245,245,Solved,1
BPP_500_125_0.1_0.7_6.txt,202,202,Solved,1
BPP_500_125_0.1_0.8_6.txt,223,223,Solved,1
BPP_500_125_0.2_0.7_6.txt,228,228,Solved,1
BPP_500_125_0.2_0.8_6.txt,267,267,Solved,0
BPP_500_125_0.1_0.7_7.txt,201,201,Solved,1
BPP_500_125_0.1_0.8_7.txt,225,225,Solved,1
BPP_500_125_0.2_0.7_7.txt,223,223,Solved,1
BPP_500_125_0.2_0.8_7.txt,253,253,Solved,1
BPP_500_125_0.1_0.7_8.txt,194,194,Solved,1
BPP_500_125_0.1_0.8_8.txt,244,244,Solved,0
BPP_500_125_0.2_0.7_8.txt,223,223,Solved,1
BPP_500_125_0.2_0.8_8.txt,262,262,Solved,0
BPP_500_125_0.1_0.7_9.txt,200,200,Solved,1
BPP_500_125_0.1_0.8_9.txt,221,221,Solved,1
BPP_500_125_0.2_0.7_9.txt,226,226,Solved,1
BPP_500_125_0.2_0.8_9.txt,249,249,Solved,1
BPP_500_150_0.1_0.7_0.txt,207,207,Solved,1
BPP_500_150_0.1_0.8_0.txt,230,230,Solved,1
BPP_500_150_0.2_0.7_0.txt,223,223,Solved,1
BPP_500_150_0.2_0.8_0.txt,255,255,Solved,0
BPP_500_150_0.1_0.7_1.txt,202,202,Solved,1
BPP_500_150_0.1_0.8_1.txt,223,223,Solved,1
BPP_500_150_0.2_0.7_1.txt,228,228,Solved,1
BPP_500_150_0.2_0.8_1.txt,245,245,Solved,1
BPP_500_150_0.1_0.7_2.txt,198,198,Solved,1
BPP_500_150_0.1_0.8_2.txt,230,230,Solved,1
BPP_500_150_0.2_0.7_2.txt,235,235,Solved,1
BPP_500_150_0.2_0.8_2.txt,262,262,Solved,0
BPP_500_150_0.1_0.7_3.txt,204,204,Solved,1
BPP_500_150_0.1_0.8_3.txt,218,218,Solved,1
BPP_500_150_0.2_0.7_3.txt,222,222,Solved,1
BPP_500_150_0.2_0.8_3.txt,254,254,Solved,1
BPP_500_150_0.1_0.7_4.txt,203,203,Solved,1
BPP_500_150_0.1_0.8_4.txt,220,220,Solved,1
BPP_500_150_0.2_0.7_4.txt,227,227,Solved,1
BPP_500_150_0.2_0.8_4.txt,265,265,Solved,1
BPP_500_150_0.1_0.7_5.txt,199,199,Solved,1
BPP_500_150_0.1_0.8_5.txt,225,225,Solved,1
BPP_500_150_0.2_0.7_5.txt,225,225,Solved,1
BPP_500_150_0.2_0.8_5.txt,256,256,Solved,1
BPP_500_150_0.1_0.7_6.txt,200,200,Solved,1
BPP_500_150_0.1_0.8_6.txt,221,221,Solved,1
BPP_500_150_0.2_0.7_6.txt,225,225,Solved,1
BPP_500_150_0.2_0.8_6.txt,254,254,Solved,0
BPP_500_150_0.1_0.7_7.txt,202,202,Solved,1
BPP_500_150_0.1_0.8_7.txt,231,231,Solved,1
BPP_500_150_0.2_0.7_7.txt,226,226,Solved,1
BPP_500_150_0.2_0.8_7.txt,249,249,Solved,1
BPP_500_150_0.1_0.7_8.txt,200,200,Solved,1
BPP_500_150_0.1_0.8_8.txt,239,239,Solved,0
BPP_500_150_0.2_0.7_8.txt,228,228,Solved,1
BPP_500_150_0.2_0.8_8.txt,263,263,Solved,1
BPP_500_150_0.1_0.7_9.txt,204,204,Solved,1
BPP_500_150_0.1_0.8_9.txt,224,224,Solved,1
BPP_500_150_0.2_0.7_9.txt,231,231,Solved,1
BPP_500_150_0.2_0.8_9.txt,253,253,Solved,0
BPP_500_200_0.1_0.7_0.txt,199,199,Solved,1
BPP_500_200_0.1_0.8_0.txt,231,231,Solved,1
BPP_500_200_0.2_0.7_0.txt,226,226,Solved,1
BPP_500_200_0.2_0.8_0.txt,262,262,Solved,1
BPP_500_200_0.1_0.7_1.txt,204,204,Solved,1
BPP_500_200_0.1_0.8_1.txt,248,248,Solved,0
BPP_500_200_0.2_0.7_1.txt,222,222,Solved,1
BPP_500_200_0.2_0.8_1.txt,247,247,Solved,1
BPP_500_200_0.1_0.7_2.txt,207,207,Solved,1
BPP_500_200_0.1_0.8_2.txt,222,222,Solved,1
BPP_500_200_0.2_0.7_2.txt,230,230,Solved,1
BPP_500_200_0.2_0.8_2.txt,252,252,Solved,1
BPP_500_200_0.1_0.7_3.txt,203,203,Solved,1
BPP_500_200_0.1_0.8_3.txt,224,224,Solved,1
BPP_500_200_0.2_0.7_3.txt,220,220,Solved,1
BPP_500_200_0.2_0.8_3.txt,253,253,Solved,1
BPP_500_200_0.1_0.7_4.txt,202,202,Solved,1
BPP_500_200_0.1_0.8_4.txt,231,231,Solved,0
BPP_500_200_0.2_0.7_4.txt,224,224,Solved,1
BPP_500_200_0.2_0.8_4.txt,265,265,Solved,1
BPP_500_200_0.1_0.7_5.txt,196,196,Solved,1
BPP_500_200_0.1_0.8_5.txt,230,230,Solved,1
BPP_500_200_0.2_0.7_5.txt,226,226,Solved,1
BPP_500_200_0.2_0.8_5.txt,268,268,Solved,0
BPP_500_200_0.1_0.7_6.txt,200,200,Solved,1
BPP_500_200_0.1_0.8_6.txt,228,228,Solved,1
BPP_500_200_0.2_0.7_6.txt,225,225,Solved,1
BPP_500_200_0.2_0.8_6.txt,270,270,Solved,1
BPP_500_200_0.1_0.7_7.txt,194,194,Solved,1
BPP_500_200_0.1_0.8_7.txt,223,223,Solved,1
BPP_500_200_0.2_0.7_7.txt,224,224,Solved,1
BPP_500_200_0.2_0.8_7.txt,267,267,Solved,0
BPP_500_200_0.1_0.7_8.txt,201,201,Solved,1
BPP_500_200_0.1_0.8_8.txt,226,226,Solved,1
BPP_500_200_0.2_0.7_8.txt,224,224,Solved,1
BPP_500_200_0.2_0.8_8.txt,247,247,Solved,1
BPP_500_200_0.1_0.7_9.txt,202,202,Solved,1
BPP_500_200_0.1_0.8_9.txt,227,227,Solved,1
BPP_500_200_0.2_0.7_9.txt,226,226,Solved,1
BPP_500_200_0.2_0.8_9.txt,253,253,Solved,1
BPP_500_300_0.1_0.7_0.txt,197,197,Solved,1
BPP_500_300_0.1_0.8_0.txt,228,228,Solved,1
BPP_500_300_0.2_0.7_0.txt,224,224,Solved,1
BPP_500_300_0.2_0.8_0.txt,268,268,Solved,0
BPP_500_300_0.1_0.7_1.txt,205,205,Solved,1
BPP_500_300_0.1_0.8_1.txt,227,227,Solved,1
BPP_500_300_0.2_0.7_1.txt,227,227,Solved,1
BPP_500_300_0.2_0.8_1.txt,266,266,Solved,0
BPP_500_300_0.1_0.7_2.txt,197,197,Solved,1
BPP_500_300_0.1_0.8_2.txt,221,221,Solved,1
BPP_500_300_0.2_0.7_2.txt,218,218,Solved,1
BPP_500_300_0.2_0.8_2.txt,252,252,Solved,1
BPP_500_300_0.1_0.7_3.txt,202,202,Solved,1
BPP_500_300_0.1_0.8_3.txt,226,226,Solved,1
BPP_500_300_0.2_0.7_3.txt,221,221,Solved,1
BPP_500_300_0.2_0.8_3.txt,252,252,Solved,1
BPP_500_300_0.1_0.7_4.txt,197,197,Solved,1
BPP_500_300_0.1_0.8_4.txt,230,230,Solved,1
BPP_500_300_0.2_0.7_4.txt,226,226,Solved,1
BPP_500_300_0.2_0.8_4.txt,256,256,Solved,0
BPP_500_300_0.1_0.7_5.txt,203,203,Solved,1
BPP_500_300_0.1_0.8_5.txt,228,228,Solved,1
BPP_500_300_0.2_0.7_5.txt,219,219,Solved,1
BPP_500_300_0.2_0.8_5.txt,256,256,Solved,0
BPP_500_300_0.1_0.7_6.txt,202,202,Solved,1
BPP_500_300_0.1_0.8_6.txt,228,228,Solved,1
BPP_500_300_0.2_0.7_6.txt,227,227,Solved,1
BPP_500_300_0.2_0.8_6.txt,250,250,Solved,0
BPP_500_300_0.1_0.7_7.txt,198,198,Solved,1
BPP_500_300_0.1_0.8_7.txt,222,222,Solved,1
BPP_500_300_0.2_0.7_7.txt,226,226,Solved,1
BPP_500_300_0.2_0.8_7.txt,255,255,Solved,1
BPP_500_300_0.1_0.7_8.txt,207,207,Solved,1
BPP_500_300_0.1_0.8_8.txt,231,231,Solved,1
BPP_500_300_0.2_0.7_8.txt,227,227,Solved,1
BPP_500_300_0.2_0.8_8.txt,253,253,Solved,0
BPP_500_300_0.1_0.7_9.txt,198,198,Solved,1
BPP_500_300_0.1_0.8_9.txt,220,220,Solved,1
BPP_500_300_0.2_0.7_9.txt,229,229,Solved,1
BPP_500_300_0.2_0.8_9.txt,270,270,Solved,0
BPP_500_400_0.1_0.7_0.txt,201,201,Solved,1
BPP_500_400_0.1_0.8_0.txt,230,230,Solved,1
BPP_500_400_0.2_0.7_0.txt,231,231,Solved,1
BPP_500_400_0.2_0.8_0.txt,253,253,Solved,1
BPP_500_400_0.1_0.7_1.txt,206,206,Solved,1
BPP_500_400_0.1_0.8_1.txt,242,242,Solved,1
BPP_500_400_0.2_0.7_1.txt,224,224,Solved,1
BPP_500_400_0.2_0.8_1.txt,250,250,Solved,1
BPP_500_400_0.1_0.7_2.txt,195,195,Solved,1
BPP_500_400_0.1_0.8_2.txt,243,243,Solved,0
BPP_500_400_0.2_0.7_2.txt,227,227,Solved,1
BPP_500_400_0.2_0.8_2.txt,254,254,Solved,1
BPP_500_400_0.1_0.7_3.txt,191,191,Solved,1
BPP_500_400_0.1_0.8_3.txt,226,226,Solved,1
BPP_500_400_0.2_0.7_3.txt,224,224,Solved,1
BPP_500_400_0.2_0.8_3.txt,258,258,Solved,1
BPP_500_400_0.1_0.7_4.txt,195,195,Solved,1
BPP_500_400_0.1_0.8_4.txt,226,226,Solved,1
BPP_500_400_0.2_0.7_4.txt,228,228,Solved,1
BPP_500_400_0.2_0.8_4.txt,256,256,Solved,1
BPP_500_400_0.1_0.7_5.txt,205,205,Solved,1
BPP_500_400_0.1_0.8_5.txt,220,220,Solved,1
BPP_500_400_0.2_0.7_5.txt,225,225,Solved,1
BPP_500_400_0.2_0.8_5.txt,249,249,Solved,1
BPP_500_400_0.1_0.7_6.txt,205,205,Solved,1
BPP_500_400_0.1_0.8_6.txt,225,225,Solved,1
BPP_500_400_0.2_0.7_6.txt,228,228,Solved,1
BPP_500_400_0.2_0.8_6.txt,265,265,Solved,0
BPP_500_400_0.1_0.7_7.txt,198,198,Solved,1
BPP_500_400_0.1_0.8_7.txt,221,221,Solved,1
BPP_500_400_0.2_0.7_7.txt,228,228,Solved,1
BPP_500_400_0.2_0.8_7.txt,248,248,Solved,1
BPP_500_400_0.1_0.7_8.txt,208,208,Solved,1
BPP_500_400_0.1_0.8_8.txt,223,223,Solved,1
BPP_500_400_0.2_0.7_8.txt,232,232,Solved,1
BPP_500_400_0.2_0.8_8.txt,260,260,Solved,1
BPP_500_400_0.1_0.7_9.txt,202,202,Solved,1
BPP_500_400_0.1_0.8_9.txt,222,222,Solved,1
BPP_500_400_0.2_0.7_9.txt,229,229,Solved,1
BPP_500_400_0.2_0.8_9.txt,267,267,Solved,0
BPP_500_500_0.1_0.7_0.txt,198,198,Solved,1
BPP_500_500_0.1_0.8_0.txt,223,223,Solved,1
BPP_500_500_0.2_0.7_0.txt,227,227,Solved,1
BPP_500_500_0.2_0.8_0.txt,244,244,Solved,1
BPP_500_500_0.1_0.7_1.txt,198,198,Solved,1
BPP_500_500_0.1_0.8_1.txt,228,228,Solved,1
BPP_500_500_0.2_0.7_1.txt,226,226,Solved,1
BPP_500_500_0.2_0.8_1.txt,258,258,Solved,0
BPP_500_500_0.1_0.7_2.txt,194,194,Solved,1
BPP_500_500_0.1_0.8_2.txt,225,225,Solved,1
BPP_500_500_0.2_0.7_2.txt,232,232,Solved,1
BPP_500_500_0.2_0.8_2.txt,252,252,Solved,1
BPP_500_500_0.1_0.7_3.txt,197,197,Solved,1
BPP_500_500_0.1_0.8_3.txt,251,251,Solved,1
BPP_500_500_0.2_0.7_3.txt,220,220,Solved,1
BPP_500_500_0.2_0.8_3.txt,271,271,Solved,0
BPP_500_500_0.1_0.7_4.txt,194,194,Solved,1
BPP_500_500_0.1_0.8_4.txt,220,220,Solved,1
BPP_500_500_0.2_0.7_4.txt,229,229,Solved,1
BPP_500_500_0.2_0.8_4.txt,252,252,Solved,0
BPP_500_500_0.1_0.7_5.txt,199,199,Solved,1
BPP_500_500_0.1_0.8_5.txt,233,233,Solved,1
BPP_500_500_0.2_0.7_5.txt,226,226,Solved,1
BPP_500_500_0.2_0.8_5.txt,253,253,Solved,1
BPP_500_500_0.1_0.7_6.txt,199,199,Solved,1
BPP_500_500_0.1_0.8_6.txt,230,230,Solved,1
BPP_500_500_0.2_0.7_6.txt,225,225,Solved,1
BPP_500_500_0.2_0.8_6.txt,269,269,Solved,0
BPP_500_500_0.1_0.7_7.txt,206,206,Solved,1
BPP_500_500_0.1_0.8_7.txt,223,223,Solved,1
BPP_500_500_0.2_0.7_7.txt,229,229,Solved,1
BPP_500_500_0.2_0.8_7.txt,250,250,Solved,0
BPP_500_500_0.1_0.7_8.txt,206,206,Solved,1
BPP_500_500_0.1_0.8_8.txt,226,226,Solved,1
BPP_500_500_0.2_0.7_8.txt,228,228,Solved,1
BPP_500_500_0.2_0.8_8.txt,264,264,Solved,0
BPP_500_500_0.1_0.7_9.txt,197,197,Solved,1
BPP_500_500_0.1_0.8_9.txt,220,220,Solved,1
BPP_500_500_0.2_0.7_9.txt,232,232,Solved,1
BPP_500_500_0.2_0.8_9.txt,274,274,Solved,0
BPP_500_750_0.1_0.7_0.txt,197,197,Solved,1
BPP_500_750_0.1_0.8_0.txt,232,232,Solved,1
BPP_500_750_0.2_0.7_0.txt,226,226,Solved,1
BPP_500_750_0.2_0.8_0.txt,252,252,Solved,1
BPP_500_750_0.1_0.7_1.txt,203,203,Solved,1
BPP_500_750_0.1_0.8_1.txt,226,226,Solved,1
BPP_500_750_0.2_0.7_1.txt,225,225,Solved,1
BPP_500_750_0.2_0.8_1.txt,267,267,Solved,0
BPP_500_750_0.1_0.7_2.txt,202,202,Solved,1
BPP_500_750_0.1_0.8_2.txt,225,225,Solved,1
BPP_500_750_0.2_0.7_2.txt,220,220,Solved,1
BPP_500_750_0.2_0.8_2.txt,273,273,Solved,0
BPP_500_750_0.1_0.7_3.txt,200,200,Solved,1
BPP_500_750_0.1_0.8_3.txt,220,220,Solved,1
BPP_500_750_0.2_0.7_3.txt,223,223,Solved,1
BPP_500_750_0.2_0.8_3.txt,265,265,Solved,0
BPP_500_750_0.1_0.7_4.txt,199,199,Solved,1
BPP_500_750_0.1_0.8_4.txt,226,226,Solved,1
BPP_500_750_0.2_0.7_4.txt,224,224,Solved,1
BPP_500_750_0.2_0.8_4.txt,251,251,Solved,1
BPP_500_750_0.1_0.7_5.txt,198,198,Solved,1
BPP_500_750_0.1_0.8_5.txt,224,224,Solved,1
BPP_500_750_0.2_0.7_5.txt,225,225,Solved,1
BPP_500_750_0.2_0.8_5.txt,249,249,Solved,1
BPP_500_750_0.1_0.7_6.txt,197,197,Solved,1
BPP_500_750_0.1_0.8_6.txt,235,235,Solved,1
BPP_500_750_0.2_0.7_6.txt,234,234,Solved,1
BPP_500_750_0.2_0.8_6.txt,250,250,Solved,1
BPP_500_750_0.1_0.7_7.txt,195,195,Solved,1
BPP_500_750_0.1_0.8_7.txt,231,231,Solved,1
BPP_500_750_0.2_0.7_7.txt,221,221,Solved,1
BPP_500_750_0.2_0.8_7.txt,253,253,Solved,1
BPP_500_750_0.1_0.7_8.txt,202,202,Solved,1
BPP_500_750_0.1_0.8_8.txt,231,231,Solved,1
BPP_500_750_0.2_0.7_8.txt,227,227,Solved,1
BPP_500_750_0.2_0.8_8.txt,272,272,Solved,0
BPP_500_750_0.1_0.7_9.txt,197,197,Solved,1
BPP_500_750_0.1_0.8_9.txt,223,223,Solved,1
BPP_500_750_0.2_0.7_9.txt,234,234,Solved,1
BPP_500_750_0.2_0.8_9.txt,258,258,Solved,0
BPP_500_1000_0.1_0.7_0.txt,196,196,Solved,1
BPP_500_1000_0.1_0.8_0.txt,229,229,Solved,1
BPP_500_1000_0.2_0.7_0.txt,225,225,Solved,1
BPP_500_1000_0.2_0.8_0.txt,263,263,Solved,0
BPP_500_1000_0.1_0.7_1.txt,205,205,Solved,1
BPP_500_1000_0.1_0.8_1.txt,235,235,Solved,0
BPP_500_1000_0.2_0.7_1.txt,217,217,Solved,1
BPP_500_1000_0.2_0.8_1.txt,254,254,Solved,0
BPP_500_1000_0.1_0.7_2.txt,200,200,Solved,1
BPP_500_1000_0.1_0.8_2.txt,226,226,Solved,1
BPP_500_1000_0.2_0.7_2.txt,226,226,Solved,1
BPP_500_1000_0.2_0.8_2.txt,254,254,Solved,1
BPP_500_1000_0.1_0.7_3.txt,199,199,Solved,1
BPP_500_1000_0.1_0.8_3.txt,230,230,Solved,1
BPP_500_1000_0.2_0.7_3.txt,231,231,Solved,1
BPP_500_1000_0.2_0.8_3.txt,251,251,Solved,1
BPP_500_1000_0.1_0.7_4.txt,205,205,Solved,1
BPP_500_1000_0.1_0.8_4.txt,227,227,Solved,1
BPP_500_1000_0.2_0.7_4.txt,227,227,Solved,1
BPP_500_1000_0.2_0.8_4.txt,252,252,Solved,0
BPP_500_1000_0.1_0.7_5.txt,196,196,Solved,1
BPP_500_1000_0.1_0.8_5.txt,234,234,Solved,0
BPP_500_1000_0.2_0.7_5.txt,223,223,Solved,1
BPP_500_1000_0.2_0.8_5.txt,245,245,Solved,1
BPP_500_1000_0.1_0.7_6.txt,196,196,Solved,1
BPP_500_1000_0.1_0.8_6.txt,228,228,Solved,1
BPP_500_1000_0.2_0.7_6.txt,231,231,Solved,1
BPP_500_1000_0.2_0.8_6.txt,248,248,Solved,1
BPP_500_1000_0.1_0.7_7.txt,198,198,Solved,1
BPP_500_1000_0.1_0.8_7.txt,236,236,Solved,0
BPP_500_1000_0.2_0.7_7.txt,230,230,Solved,1
BPP_500_1000_0.2_0.8_7.txt,250,250,Solved,0
BPP_500_1000_0.1_0.7_8.txt,199,199,Solved,1
BPP_500_1000_0.1_0.8_8.txt,235,235,Solved,1
BPP_500_1000_0.2_0.7_8.txt,218,218,Solved,1
BPP_500_1000_0.2_0.8_8.txt,248,248,Solved,1
BPP_500_1000_0.1_0.7_9.txt,189,189,Solved,1
BPP_500_1000_0.1_0.8_9.txt,229,229,Solved,1
BPP_500_1000_0.2_0.7_9.txt,226,226,Solved,1
BPP_500_1000_0.2_0.8_9.txt,277,277,Solved,0
BPP_750_50_0.1_0.7_0.txt,292,292,Solved,0
BPP_750_50_0.1_0.8_0.txt,331,331,Solved,1
BPP_750_50_0.2_0.7_0.txt,334,334,Solved,1
BPP_750_50_0.2_0.8_0.txt,394,394,Solved,0
BPP_750_50_0.1_0.7_1.txt,292,292,Solved,1
BPP_750_50_0.1_0.8_1.txt,345,345,Solved,1
BPP_750_50_0.2_0.7_1.txt,330,330,Solved,1
BPP_750_50_0.2_0.8_1.txt,402,402,Solved,0
BPP_750_50_0.1_0.7_2.txt,294,294,Solved,1
BPP_750_50_0.1_0.8_2.txt,334,334,Solved,1
BPP_750_50_0.2_0.7_2.txt,330,330,Solved,1
BPP_750_50_0.2_0.8_2.txt,384,384,Solved,1
BPP_750_50_0.1_0.7_3.txt,299,299,Solved,1
BPP_750_50_0.1_0.8_3.txt,341,341,Solved,1
BPP_750_50_0.2_0.7_3.txt,336,336,Solved,1
BPP_750_50_0.2_0.8_3.txt,389,389,Solved,1
BPP_750_50_0.1_0.7_4.txt,300,300,Solved,1
BPP_750_50_0.1_0.8_4.txt,342,342,Solved,1
BPP_750_50_0.2_0.7_4.txt,341,341,Solved,1
BPP_750_50_0.2_0.8_4.txt,392,392,Solved,1
BPP_750_50_0.1_0.7_5.txt,304,304,Solved,1
BPP_750_50_0.1_0.8_5.txt,337,337,Solved,1
BPP_750_50_0.2_0.7_5.txt,336,336,Solved,1
BPP_750_50_0.2_0.8_5.txt,366,366,Solved,1
BPP_750_50_0.1_0.7_6.txt,301,301,Solved,1
BPP_750_50_0.1_0.8_6.txt,330,330,Solved,1
BPP_750_50_0.2_0.7_6.txt,343,343,Solved,1
BPP_750_50_0.2_0.8_6.txt,381,381,Solved,1
BPP_750_50_0.1_0.7_7.txt,301,301,Solved,1
BPP_750_50_0.1_0.8_7.txt,339,339,Solved,1
BPP_750_50_0.2_0.7_7.txt,335,335,Solved,1
BPP_750_50_0.2_0.8_7.txt,393,393,Solved,0
BPP_750_50_0.1_0.7_8.txt,299,299,Solved,1
BPP_750_50_0.1_0.8_8.txt,344,344,Solved,1
BPP_750_50_0.2_0.7_8.txt,339,339,Solved,1
BPP_750_50_0.2_0.8_8.txt,383,383,Solved,1
BPP_750_50_0.1_0.7_9.txt,297,297,Solved,1
BPP_750_50_0.1_0.8_9.txt,337,337,Solved,1
BPP_750_50_0.2_0.7_9.txt,331,331,Solved,1
BPP_750_50_0.2_0.8_9.txt,382,382,Solved,1
BPP_750_75_0.1_0.7_0.txt,286,286,Solved,1
BPP_750_75_0.1_0.8_0.txt,336,336,Solved,1
BPP_750_75_0.2_0.7_0.txt,330,330,Solved,1
BPP_750_75_0.2_0.8_0.txt,382,382,Solved,0
BPP_750_75_0.1_0.7_1.txt,294,294,Solved,1
BPP_750_75_0.1_0.8_1.txt,336,336,Solved,1
BPP_750_75_0.2_0.7_1.txt,337,337,Solved,1
BPP_750_75_0.2_0.8_1.txt,365,365,Solved,1
BPP_750_75_0.1_0.7_2.txt,299,299,Solved,1
BPP_750_75_0.1_0.8_2.txt,340,340,Solved,1
BPP_750_75_0.2_0.7_2.txt,339,339,Solved,1
BPP_750_75_0.2_0.8_2.txt,390,390,Solved,1
BPP_750_75_0.1_0.7_3.txt,289,289,Solved,1
BPP_750_75_0.1_0.8_3.txt,332,332,Solved,1
BPP_750_75_0.2_0.7_3.txt,336,336,Solved,1
BPP_750_75_0.2_0.8_3.txt,390,390,Solved,1
BPP_750_75_0.1_0.7_4.txt,299,299,Solved,1
BPP_750_75_0.1_0.8_4.txt,334,334,Solved,1
BPP_750_75_0.2_0.7_4.txt,337,337,Solved,1
BPP_750_75_0.2_0.8_4.txt,396,396,Solved,0
BPP_750_75_0.1_0.7_5.txt,296,296,Solved,1
BPP_750_75_0.1_0.8_5.txt,347,347,Solved,1
BPP_750_75_0.2_0.7_5.txt,335,335,Solved,1
BPP_750_75_0.2_0.8_5.txt,371,371,Solved,1
BPP_750_75_0.1_0.7_6.txt,290,290,Solved,1
BPP_750_75_0.1_0.8_6.txt,346,346,Solved,1
BPP_750_75_0.2_0.7_6.txt,335,335,Solved,1
BPP_750_75_0.2_0.8_6.txt,389,389,Solved,1
BPP_750_75_0.1_0.7_7.txt,300,300,Solved,1
BPP_750_75_0.1_0.8_7.txt,328,328,Solved,1
BPP_750_75_0.2_0.7_7.txt,336,336,Solved,1
BPP_750_75_0.2_0.8_7.txt,381,381,Solved,1
BPP_750_75_0.1_0.7_8.txt,290,290,Solved,1
BPP_750_75_0.1_0.8_8.txt,345,345,Solved,1
BPP_750_75_0.2_0.7_8.txt,333,333,Solved,1
BPP_750_75_0.2_0.8_8.txt,389,389,Solved,1
BPP_750_75_0.1_0.7_9.txt,294,294,Solved,1
BPP_750_75_0.1_0.8_9.txt,339,339,Solved,1
BPP_750_75_0.2_0.7_9.txt,334,334,Solved,1
BPP_750_75_0.2_0.8_9.txt,383,383,Solved,1
BPP_750_100_0.1_0.7_0.txt,295,295,Solved,1
BPP_750_100_0.1_0.8_0.txt,336,336,Solved,1
BPP_750_100_0.2_0.7_0.txt,337,337,Solved,1
BPP_750_100_0.2_0.8_0.txt,379,379,Solved,1
BPP_750_100_0.1_0.7_1.txt,308,308,Solved,1
BPP_750_100_0.1_0.8_1.txt,343,343,Solved,1
BPP_750_100_0.2_0.7_1.txt,345,345,Solved,1
BPP_750_100_0.2_0.8_1.txt,377,377,Solved,1
BPP_750_100_0.1_0.7_2.txt,303,303,Solved,1
BPP_750_100_0.1_0.8_2.txt,335,335,Solved,1
BPP_750_100_0.2_0.7_2.txt,342,342,Solved,1
BPP_750_100_0.2_0.8_2.txt,397,397,Solved,0
BPP_750_100_0.1_0.7_3.txt,297,297,Solved,1
BPP_750_100_0.1_0.8_3.txt,334,334,Solved,1
BPP_750_100_0.2_0.7_3.txt,336,336,Solved,1
BPP_750_100_0.2_0.8_3.txt,376,376,Solved,0
BPP_750_100_0.1_0.7_4.txt,304,304,Solved,1
BPP_750_100_0.1_0.8_4.txt,339,339,Solved,1
BPP_750_100_0.2_0.7_4.txt,333,333,Solved,1
BPP_750_100_0.2_0.8_4.txt,378,378,Solved,1
BPP_750_100_0.1_0.7_5.txt,300,300,Solved,1
BPP_750_100_0.1_0.8_5.txt,338,338,Solved,1
BPP_750_100_0.2_0.7_5.txt,335,335,Solved,1
BPP_750_100_0.2_0.8_5.txt,382,382,Solved,0
BPP_750_100_0.1_0.7_6.txt,299,299,Solved,1
BPP_750_100_0.1_0.8_6.txt,328,328,Solved,1
BPP_750_100_0.2_0.7_6.txt,341,341,Solved,1
BPP_750_100_0.2_0.8_6.txt,377,377,Solved,1
BPP_750_100_0.1_0.7_7.txt,294,294,Solved,1
BPP_750_100_0.1_0.8_7.txt,333,333,Solved,1
BPP_750_100_0.2_0.7_7.txt,344,344,Solved,1
BPP_750_100_0.2_0.8_7.txt,386,386,Solved,0
BPP_750_100_0.1_0.7_8.txt,295,295,Solved,1
BPP_750_100_0.1_0.8_8.txt,332,332,Solved,1
BPP_750_100_0.2_0.7_8.txt,341,341,Solved,1
BPP_750_100_0.2_0.8_8.txt,384,384,Solved,0
BPP_750_100_0.1_0.7_9.txt,297,297,Solved,1
BPP_750_100_0.1_0.8_9.txt,344,344,Solved,1
BPP_750_100_0.2_0.7_9.txt,336,336,Solved,1
BPP_750_100_0.2_0.8_9.txt,381,381,Solved,0
BPP_750_120_0.1_0.7_0.txt,290,290,Solved,1
BPP_750_120_0.1_0.8_0.txt,339,339,Solved,1
BPP_750_120_0.2_0.7_0.txt,348,348,Solved,1
BPP_750_120_0.2_0.8_0.txt,384,384,Solved,1
BPP_750_120_0.1_0.7_1.txt,300,300,Solved,1
BPP_750_120_0.1_0.8_1.txt,330,330,Solved,1
BPP_750_120_0.2_0.7_1.txt,335,335,Solved,1
BPP_750_120_0.2_0.8_1.txt,381,381,Solved,1
BPP_750_120_0.1_0.7_2.txt,302,302,Solved,1
BPP_750_120_0.1_0.8_2.txt,334,334,Solved,1
BPP_750_120_0.2_0.7_2.txt,334,334,Solved,1
BPP_750_120_0.2_0.8_2.txt,395,395,Solved,0
BPP_750_120_0.1_0.7_3.txt,304,304,Solved,1
BPP_750_120_0.1_0.8_3.txt,339,339,Solved,1
BPP_750_120_0.2_0.7_3.txt,347,347,Solved,1
BPP_750_120_0.2_0.8_3.txt,364,364,Solved,1
BPP_750_120_0.1_0.7_4.txt,293,293,Solved,1
BPP_750_120_0.1_0.8_4.txt,342,342,Solved,1
BPP_750_120_0.2_0.7_4.txt,349,349,Solved,1
BPP_750_120_0.2_0.8_4.txt,389,389,Solved,0
BPP_750_120_0.1_0.7_5.txt,302,302,Solved,1
BPP_750_120_0.1_0.8_5.txt,334,334,Solved,1
BPP_750_120_0.2_0.7_5.txt,344,344,Solved,1
BPP_750_120_0.2_0.8_5.txt,376,376,Solved,1
BPP_750_120_0.1_0.7_6.txt,302,302,Solved,1
BPP_750_120_0.1_0.8_6.txt,340,340,Solved,1
BPP_750_120_0.2_0.7_6.txt,339,339,Solved,1
BPP_750_120_0.2_0.8_6.txt,391,391,Solved,0
BPP_750_120_0.1_0.7_7.txt,291,291,Solved,1
BPP_750_120_0.1_0.8_7.txt,338,338,Solved,1
BPP_750_120_0.2_0.7_7.txt,336,336,Solved,1
BPP_750_120_0.2_0.8_7.txt,380,380,Solved,1
BPP_750_120_0.1_0.7_8.txt,307,307,Solved,1
BPP_750_120_0.1_0.8_8.txt,351,351,Solved,0
BPP_750_120_0.2_0.7_8.txt,329,329,Solved,1
BPP_750_120_0.2_0.8_8.txt,367,367,Solved,1
BPP_750_120_0.1_0.7_9.txt,299,299,Solved,1
BPP_750_120_0.1_0.8_9.txt,337,337,Solved,1
BPP_750_120_0.2_0.7_9.txt,343,343,Solved,1
BPP_750_120_0.2_0.8_9.txt,404,404,Solved,0
BPP_750_125_0.1_0.7_0.txt,300,300,Solved,1
BPP_750_125_0.1_0.8_0.txt,328,328,Solved,1
BPP_750_125_0.2_0.7_0.txt,340,340,Solved,1
BPP_750_125_0.2_0.8_0.txt,382,382,Solved,1
BPP_750_125_0.1_0.7_1.txt,297,297,Solved,1
BPP_750_125_0.1_0.8_1.txt,338,338,Solved,1
BPP_750_125_0.2_0.7_1.txt,348,348,Solved,1
BPP_750_125_0.2_0.8_1.txt,383,383,Solved,1
BPP_750_125_0.1_0.7_2.txt,301,301,Solved,1
BPP_750_125_0.1_0.8_2.txt,342,342,Solved,1
BPP_750_125_0.2_0.7_2.txt,338,338,Solved,1
BPP_750_125_0.2_0.8_2.txt,384,384,Solved,1
BPP_750_125_0.1_0.7_3.txt,295,295,Solved,1
BPP_750_125_0.1_0.8_3.txt,341,341,Solved,1
BPP_750_125_0.2_0.7_3.txt,336,336,Solved,1
BPP_750_125_0.2_0.8_3.txt,396,396,Solved,1
BPP_750_125_0.1_0.7_4.txt,304,304,Solved,1
BPP_750_125_0.1_0.8_4.txt,343,343,Solved,1
BPP_750_125_0.2_0.7_4.txt,336,336,Solved,1
BPP_750_125_0.2_0.8_4.txt,371,371,Solved,1
BPP_750_125_0.1_0.7_5.txt,302,302,Solved,1
BPP_750_125_0.1_0.8_5.txt,342,342,Solved,1
BPP_750_125_0.2_0.7_5.txt,337,337,Solved,1
BPP_750_125_0.2_0.8_5.txt,373,373,Solved,1
BPP_750_125_0.1_0.7_6.txt,291,291,Solved,1
BPP_750_125_0.1_0.8_6.txt,323,323,Solved,1
BPP_750_125_0.2_0.7_6.txt,331,331,Solved,1
BPP_750_125_0.2_0.8_6.txt,386,386,Solved,1
BPP_750_125_0.1_0.7_7.txt,298,298,Solved,1
BPP_750_125_0.1_0.8_7.txt,338,338,Solved,1
BPP_750_125_0.2_0.7_7.txt,340,340,Solved,1
BPP_750_125_0.2_0.8_7.txt,385,385,Solved,1
BPP_750_125_0.1_0.7_8.txt,294,294,Solved,1
BPP_750_125_0.1_0.8_8.txt,337,337,Solved,1
BPP_750_125_0.2_0.7_8.txt,341,341,Solved,1
BPP_750_125_0.2_0.8_8.txt,378,378,Solved,0
BPP_750_125_0.1_0.7_9.txt,303,303,Solved,1
BPP_750_125_0.1_0.8_9.txt,340,340,Solved,1
BPP_750_125_0.2_0.7_9.txt,343,343,Solved,1
BPP_750_125_0.2_0.8_9.txt,375,375,Solved,1
BPP_750_150_0.1_0.7_0.txt,302,302,Solved,1
BPP_750_150_0.1_0.8_0.txt,347,347,Solved,1
BPP_750_150_0.2_0.7_0.txt,339,339,Solved,1
BPP_750_150_0.2_0.8_0.txt,382,382,Solved,1
BPP_750_150_0.1_0.7_1.txt,296,296,Solved,1
BPP_750_150_0.1_0.8_1.txt,343,343,Solved,0
BPP_750_150_0.2_0.7_1.txt,334,334,Solved,1
BPP_750_150_0.2_0.8_1.txt,394,394,Solved,1
BPP_750_150_0.1_0.7_2.txt,297,297,Solved,1
BPP_750_150_0.1_0.8_2.txt,336,336,Solved,1
BPP_750_150_0.2_0.7_2.txt,353,353,Solved,1
BPP_750_150_0.2_0.8_2.txt,379,379,Solved,1
BPP_750_150_0.1_0.7_3.txt,295,295,Solved,1
BPP_750_150_0.1_0.8_3.txt,335,335,Solved,1
BPP_750_150_0.2_0.7_3.txt,349,349,Solved,1
BPP_750_150_0.2_0.8_3.txt,376,376,Solved,1
BPP_750_150_0.1_0.7_4.txt,294,294,Solved,1
BPP_750_150_0.1_0.8_4.txt,342,342,Solved,1
BPP_750_150_0.2_0.7_4.txt,340,340,Solved,1
BPP_750_150_0.2_0.8_4.txt,384,384,Solved,0
BPP_750_150_0.1_0.7_5.txt,298,298,Solved,1
BPP_750_150_0.1_0.8_5.txt,339,339,Solved,1
BPP_750_150_0.2_0.7_5.txt,338,338,Solved,1
BPP_750_150_0.2_0.8_5.txt,374,374,Solved,1
BPP_750_150_0.1_0.7_6.txt,297,297,Solved,1
BPP_750_150_0.1_0.8_6.txt,350,350,Solved,1
BPP_750_150_0.2_0.7_6.txt,333,333,Solved,1
BPP_750_150_0.2_0.8_6.txt,375,375,Solved,1
BPP_750_150_0.1_0.7_7.txt,310,310,Solved,1
BPP_750_150_0.1_0.8_7.txt,339,339,Solved,1
BPP_750_150_0.2_0.7_7.txt,344,344,Solved,1
BPP_750_150_0.2_0.8_7.txt,375,375,Solved,1
BPP_750_150_0.1_0.7_8.txt,298,298,Solved,1
BPP_750_150_0.1_0.8_8.txt,341,341,Solved,1
BPP_750_150_0.2_0.7_8.txt,330,330,Solved,1
BPP_750_150_0.2_0.8_8.txt,371,371,Solved,1
BPP_750_150_0.1_0.7_9.txt,298,298,Solved,1
BPP_750_150_0.1_0.8_9.txt,334,334,Solved,1
BPP_750_150_0.2_0.7_9.txt,334,334,Solved,1
BPP_750_150_0.2_0.8_9.txt,388,388,Solved,1
BPP_750_200_0.1_0.7_0.txt,300,300,Solved,1
BPP_750_200_0.1_0.8_0.txt,333,333,Solved,1
BPP_750_200_0.2_0.7_0.txt,341,341,Solved,1
BPP_750_200_0.2_0.8_0.txt,375,375,Solved,1
BPP_750_200_0.1_0.7_1.txt,299,299,Solved,1
BPP_750_200_0.1_0.8_1.txt,331,331,Solved,1
BPP_750_200_0.2_0.7_1.txt,343,343,Solved,1
BPP_750_200_0.2_0.8_1.txt,392,392,Solved,0
BPP_750_200_0.1_0.7_2.txt,300,300,Solved,1
BPP_750_200_0.1_0.8_2.txt,332,332,Solved,1
BPP_750_200_0.2_0.7_2.txt,340,340,Solved,1
BPP_750_200_0.2_0.8_2.txt,388,388,Solved,1
BPP_750_200_0.1_0.7_3.txt,297,297,Solved,1
BPP_750_200_0.1_0.8_3.txt,328,328,Solved,1
BPP_750_200_0.2_0.7_3.txt,342,342,Solved,1
BPP_750_200_0.2_0.8_3.txt,388,388,Solved,0
BPP_750_200_0.1_0.7_4.txt,295,295,Solved,1
BPP_750_200_0.1_0.8_4.txt,340,340,Solved,1
BPP_750_200_0.2_0.7_4.txt,340,340,Solved,1
BPP_750_200_0.2_0.8_4.txt,394,394,Solved,1
BPP_750_200_0.1_0.7_5.txt,305,305,Solved,1
BPP_750_200_0.1_0.8_5.txt,343,343,Solved,1
BPP_750_200_0.2_0.7_5.txt,338,338,Solved,1
BPP_750_200_0.2_0.8_5.txt,393,393,Solved,1
BPP_750_200_0.1_0.7_6.txt,298,298,Solved,1
BPP_750_200_0.1_0.8_6.txt,338,338,Solved,1
BPP_750_200_0.2_0.7_6.txt,348,348,Solved,1
BPP_750_200_0.2_0.8_6.txt,380,380,Solved,0
BPP_750_200_0.1_0.7_7.txt,298,298,Solved,1
BPP_750_200_0.1_0.8_7.txt,337,337,Solved,1
BPP_750_200_0.2_0.7_7.txt,343,343,Solved,1
BPP_750_200_0.2_0.8_7.txt,363,363,Solved,1
BPP_750_200_0.1_0.7_8.txt,300,300,Solved,1
BPP_750_200_0.1_0.8_8.txt,337,337,Solved,1
BPP_750_200_0.2_0.7_8.txt,337,337,Solved,1
BPP_750_200_0.2_0.8_8.txt,395,395,Solved,1
BPP_750_200_0.1_0.7_9.txt,303,303,Solved,1
BPP_750_200_0.1_0.8_9.txt,339,339,Solved,1
BPP_750_200_0.2_0.7_9.txt,346,346,Solved,1
BPP_750_200_0.2_0.8_9.txt,378,378,Solved,1
BPP_750_300_0.1_0.7_0.txt,300,300,Solved,1
BPP_750_300_0.1_0.8_0.txt,338,338,Solved,1
BPP_750_300_0.2_0.7_0.txt,336,336,Solved,1
BPP_750_300_0.2_0.8_0.txt,374,374,Solved,0
BPP_750_300_0.1_0.7_1.txt,305,305,Solved,1
BPP_750_300_0.1_0.8_1.txt,332,332,Solved,1
BPP_750_300_0.2_0.7_1.txt,343,343,Solved,1
BPP_750_300_0.2_0.8_1.txt,370,370,Solved,1
BPP_750_300_0.1_0.7_2.txt,306,306,Solved,1
BPP_750_300_0.1_0.8_2.txt,343,343,Solved,1
BPP_750_300_0.2_0.7_2.txt,344,344,Solved,1
BPP_750_300_0.2_0.8_2.txt,377,377,Solved,0
BPP_750_300_0.1_0.7_3.txt,305,305,Solved,1
BPP_750_300_0.1_0.8_3.txt,332,332,Solved,1
BPP_750_300_0.2_0.7_3.txt,332,332,Solved,1
BPP_750_300_0.2_0.8_3.txt,384,384,Solved,1
BPP_750_300_0.1_0.7_4.txt,297,297,Solved,1
BPP_750_300_0.1_0.8_4.txt,338,338,Solved,1
BPP_750_300_0.2_0.7_4.txt,342,342,Solved,1
BPP_750_300_0.2_0.8_4.txt,368,368,Solved,1
BPP_750_300_0.1_0.7_5.txt,301,301,Solved,1
BPP_750_300_0.1_0.8_5.txt,337,337,Solved,1
BPP_750_300_0.2_0.7_5.txt,335,335,Solved,1
BPP_750_300_0.2_0.8_5.txt,386,386,Solved,1
BPP_750_300_0.1_0.7_6.txt,300,300,Solved,1
BPP_750_300_0.1_0.8_6.txt,339,339,Solved,1
BPP_750_300_0.2_0.7_6.txt,339,339,Solved,1
BPP_750_300_0.2_0.8_6.txt,380,380,Solved,0
BPP_750_300_0.1_0.7_7.txt,297,297,Solved,1
BPP_750_300_0.1_0.8_7.txt,333,333,Solved,1
BPP_750_300_0.2_0.7_7.txt,344,344,Solved,1
BPP_750_300_0.2_0.8_7.txt,382,382,Solved,0
BPP_750_300_0.1_0.7_8.txt,301,301,Solved,1
BPP_750_300_0.1_0.8_8.txt,337,337,Solved,1
BPP_750_300_0.2_0.7_8.txt,338,338,Solved,1
BPP_750_300_0.2_0.8_8.txt,389,389,Solved,0
BPP_750_300_0.1_0.7_9.txt,301,301,Solved,1
BPP_750_300_0.1_0.8_9.txt,331,331,Solved,1
BPP_750_300_0.2_0.7_9.txt,342,342,Solved,1
BPP_750_300_0.2_0.8_9.txt,379,379,Solved,0
BPP_750_400_0.1_0.7_0.txt,302,302,Solved,1
BPP_750_400_0.1_0.8_0.txt,349,349,Solved,1
BPP_750_400_0.2_0.7_0.txt,346,346,Solved,1
BPP_750_400_0.2_0.8_0.txt,384,384,Solved,1
BPP_750_400_0.1_0.7_1.txt,299,299,Solved,1
BPP_750_400_0.1_0.8_1.txt,341,341,Solved,1
BPP_750_400_0.2_0.7_1.txt,330,330,Solved,1
BPP_750_400_0.2_0.8_1.txt,376,376,Solved,1
BPP_750_400_0.1_0.7_2.txt,298,298,Solved,1
BPP_750_400_0.1_0.8_2.txt,339,339,Solved,1
BPP_750_400_0.2_0.7_2.txt,334,334,Solved,1
BPP_750_400_0.2_0.8_2.txt,379,379,Solved,1
BPP_750_400_0.1_0.7_3.txt,301,301,Solved,1
BPP_750_400_0.1_0.8_3.txt,345,345,Solved,1
BPP_750_400_0.2_0.7_3.txt,346,346,Solved,1
BPP_750_400_0.2_0.8_3.txt,400,400,Solved,0
BPP_750_400_0.1_0.7_4.txt,297,297,Solved,1
BPP_750_400_0.1_0.8_4.txt,332,332,Solved,1
BPP_750_400_0.2_0.7_4.txt,337,337,Solved,1
BPP_750_400_0.2_0.8_4.txt,382,382,Solved,1
BPP_750_400_0.1_0.7_5.txt,301,301,Solved,1
BPP_750_400_0.1_0.8_5.txt,337,337,Solved,1
BPP_750_400_0.2_0.7_5.txt,341,341,Solved,1
BPP_750_400_0.2_0.8_5.txt,383,383,Solved,1
BPP_750_400_0.1_0.7_6.txt,301,301,Solved,1
BPP_750_400_0.1_0.8_6.txt,336,336,Solved,1
BPP_750_400_0.2_0.7_6.txt,342,342,Solved,1
BPP_750_400_0.2_0.8_6.txt,378,378,Solved,1
BPP_750_400_0.1_0.7_7.txt,295,295,Solved,1
BPP_750_400_0.1_0.8_7.txt,347,347,Solved,1
BPP_750_400_0.2_0.7_7.txt,336,336,Solved,1
BPP_750_400_0.2_0.8_7.txt,387,387,Solved,0
BPP_750_400_0.1_0.7_8.txt,301,301,Solved,1
BPP_750_400_0.1_0.8_8.txt,340,340,Solved,1
BPP_750_400_0.2_0.7_8.txt,337,337,Solved,1
BPP_750_400_0.2_0.8_8.txt,381,381,Solved,1
BPP_750_400_0.1_0.7_9.txt,305,305,Solved,1
BPP_750_400_0.1_0.8_9.txt,358,358,Solved,0
BPP_750_400_0.2_0.7_9.txt,343,343,Solved,1
BPP_750_400_0.2_0.8_9.txt,370,370,Solved,1
BPP_750_500_0.1_0.7_0.txt,295,295,Solved,1
BPP_750_500_0.1_0.8_0.txt,335,335,Solved,1
BPP_750_500_0.2_0.7_0.txt,342,342,Solved,1
BPP_750_500_0.2_0.8_0.txt,397,397,Solved,0
BPP_750_500_0.1_0.7_1.txt,292,292,Solved,1
BPP_750_500_0.1_0.8_1.txt,330,330,Solved,1
BPP_750_500_0.2_0.7_1.txt,341,341,Solved,1
BPP_750_500_0.2_0.8_1.txt,378,378,Solved,1
BPP_750_500_0.1_0.7_2.txt,308,308,Solved,1
BPP_750_500_0.1_0.8_2.txt,337,337,Solved,1
BPP_750_500_0.2_0.7_2.txt,340,340,Solved,1
BPP_750_500_0.2_0.8_2.txt,383,383,Solved,0
BPP_750_500_0.1_0.7_3.txt,307,307,Solved,1
BPP_750_500_0.1_0.8_3.txt,333,333,Solved,1
BPP_750_500_0.2_0.7_3.txt,341,341,Solved,1
BPP_750_500_0.2_0.8_3.txt,378,378,Solved,1
BPP_750_500_0.1_0.7_4.txt,300,300,Solved,1
BPP_750_500_0.1_0.8_4.txt,330,330,Solved,1
BPP_750_500_0.2_0.7_4.txt,341,341,Solved,1
BPP_750_500_0.2_0.8_4.txt,384,384,Solved,1
BPP_750_500_0.1_0.7_5.txt,298,298,Solved,1
BPP_750_500_0.1_0.8_5.txt,332,332,Solved,1
BPP_750_500_0.2_0.7_5.txt,342,342,Solved,1
BPP_750_500_0.2_0.8_5.txt,378,378,Solved,1
BPP_750_500_0.1_0.7_6.txt,304,304,Solved,1
BPP_750_500_0.1_0.8_6.txt,345,345,Solved,1
BPP_750_500_0.2_0.7_6.txt,339,339,Solved,1
BPP_750_500_0.2_0.8_6.txt,381,381,Solved,1
BPP_750_500_0.1_0.7_7.txt,299,299,Solved,1
BPP_750_500_0.1_0.8_7.txt,336,336,Solved,1
BPP_750_500_0.2_0.7_7.txt,338,338,Solved,1
BPP_750_500_0.2_0.8_7.txt,386,386,Solved,1
BPP_750_500_0.1_0.7_8.txt,311,311,Solved,1
BPP_750_500_0.1_0.8_8.txt,336,336,Solved,1
BPP_750_500_0.2_0.7_8.txt,340,340,Solved,1
BPP_750_500_0.2_0.8_8.txt,385,385,Solved,0
BPP_750_500_0.1_0.7_9.txt,292,292,Solved,1
BPP_750_500_0.1_0.8_9.txt,355,355,Solved,0
BPP_750_500_0.2_0.7_9.txt,333,333,Solved,1
BPP_750_500_0.2_0.8_9.txt,373,373,Solved,1
BPP_750_750_0.1_0.7_0.txt,297,297,Solved,1
BPP_750_750_0.1_0.8_0.txt,347,347,Solved,1
BPP_750_750_0.2_0.7_0.txt,342,342,Solved,1
BPP_750_750_0.2_0.8_0.txt,399,399,Solved,0
BPP_750_750_0.1_0.7_1.txt,306,306,Solved,1
BPP_750_750_0.1_0.8_1.txt,337,337,Solved,1
BPP_750_750_0.2_0.7_1.txt,343,343,Solved,1
BPP_750_750_0.2_0.8_1.txt,398,398,Solved,0
BPP_750_750_0.1_0.7_2.txt,297,297,Solved,1
BPP_750_750_0.1_0.8_2.txt,348,348,Solved,1
BPP_750_750_0.2_0.7_2.txt,338,338,Solved,1
BPP_750_750_0.2_0.8_2.txt,395,395,Solved,1
BPP_750_750_0.1_0.7_3.txt,296,296,Solved,1
BPP_750_750_0.1_0.8_3.txt,328,328,Solved,1
BPP_750_750_0.2_0.7_3.txt,340,340,Solved,1
BPP_750_750_0.2_0.8_3.txt,381,381,Solved,1
BPP_750_750_0.1_0.7_4.txt,301,301,Solved,1
BPP_750_750_0.1_0.8_4.txt,331,331,Solved,1
BPP_750_750_0.2_0.7_4.txt,332,332,Solved,1
BPP_750_750_0.2_0.8_4.txt,383,383,Solved,0
BPP_750_750_0.1_0.7_5.txt,290,290,Solved,1
BPP_750_750_0.1_0.8_5.txt,330,330,Solved,1
BPP_750_750_0.2_0.7_5.txt,341,341,Solved,1
BPP_750_750_0.2_0.8_5.txt,385,385,Solved,0
BPP_750_750_0.1_0.7_6.txt,301,301,Solved,1
BPP_750_750_0.1_0.8_6.txt,347,347,Solved,0
BPP_750_750_0.2_0.7_6.txt,336,336,Solved,1
BPP_750_750_0.2_0.8_6.txt,376,376,Solved,1
BPP_750_750_0.1_0.7_7.txt,297,297,Solved,1
BPP_750_750_0.1_0.8_7.txt,340,340,Solved,1
BPP_750_750_0.2_0.7_7.txt,337,337,Solved,1
BPP_750_750_0.2_0.8_7.txt,377,377,Solved,1
BPP_750_750_0.1_0.7_8.txt,307,307,Solved,1
BPP_750_750_0.1_0.8_8.txt,335,335,Solved,1
BPP_750_750_0.2_0.7_8.txt,337,337,Solved,1
BPP_750_750_0.2_0.8_8.txt,391,391,Solved,0
BPP_750_750_0.1_0.7_9.txt,311,311,Solved,1
BPP_750_750_0.1_0.8_9.txt,331,331,Solved,1
BPP_750_750_0.2_0.7_9.txt,342,342,Solved,1
BPP_750_750_0.2_0.8_9.txt,385,385,Solved,1
BPP_750_1000_0.1_0.7_0.txt,308,308,Solved,1
BPP_750_1000_0.1_0.8_0.txt,332,332,Solved,1
BPP_750_1000_0.2_0.7_0.txt,335,335,Solved,1
BPP_750_1000_0.2_0.8_0.txt,368,368,Solved,1
BPP_750_1000_0.1_0.7_1.txt,295,295,Solved,1
BPP_750_1000_0.1_0.8_1.txt,329,329,Solved,1
BPP_750_1000_0.2_0.7_1.txt,337,337,Solved,1
BPP_750_1000_0.2_0.8_1.txt,384,384,Solved,0
BPP_750_1000_0.1_0.7_2.txt,300,300,Solved,1
BPP_750_1000_0.1_0.8_2.txt,338,338,Solved,1
BPP_750_1000_0.2_0.7_2.txt,334,334,Solved,1
BPP_750_1000_0.2_0.8_2.txt,375,375,Solved,1
BPP_750_1000_0.1_0.7_3.txt,295,295,Solved,1
BPP_750_1000_0.1_0.8_3.txt,335,335,Solved,1
BPP_750_1000_0.2_0.7_3.txt,342,342,Solved,1
BPP_750_1000_0.2_0.8_3.txt,393,393,Solved,1
BPP_750_1000_0.1_0.7_4.txt,309,309,Solved,1
BPP_750_1000_0.1_0.8_4.txt,335,335,Solved,1
BPP_750_1000_0.2_0.7_4.txt,338,338,Solved,1
BPP_750_1000_0.2_0.8_4.txt,400,400,Solved,0
BPP_750_1000_0.1_0.7_5.txt,299,299,Solved,1
BPP_750_1000_0.1_0.8_5.txt,339,339,Solved,1
BPP_750_1000_0.2_0.7_5.txt,342,342,Solved,1
BPP_750_1000_0.2_0.8_5.txt,388,388,Solved,0
BPP_750_1000_0.1_0.7_6.txt,296,296,Solved,1
BPP_750_1000_0.1_0.8_6.txt,342,342,Solved,1
BPP_750_1000_0.2_0.7_6.txt,336,336,Solved,1
BPP_750_1000_0.2_0.8_6.txt,390,390,Solved,0
BPP_750_1000_0.1_0.7_7.txt,302,302,Solved,1
BPP_750_1000_0.1_0.8_7.txt,336,336,Solved,1
BPP_750_1000_0.2_0.7_7.txt,337,337,Solved,1
BPP_750_1000_0.2_0.8_7.txt,381,381,Solved,1
BPP_750_1000_0.1_0.7_8.txt,300,300,Solved,1
BPP_750_1000_0.1_0.8_8.txt,338,338,Solved,1
BPP_750_1000_0.2_0.7_8.txt,342,342,Solved,1
BPP_750_1000_0.2_0.8_8.txt,410,410,Solved,0
BPP_750_1000_0.1_0.7_9.txt,304,304,Solved,1
BPP_750_1000_0.1_0.8_9.txt,345,345,Solved,1
BPP_750_1000_0.2_0.7_9.txt,332,332,Solved,1
BPP_750_1000_0.2_0.8_9.txt,394,394,Solved,1
BPP_1000_50_0.1_0.7_0.txt,400,400,Solved,1
BPP_1000_50_0.1_0.8_0.txt,452,452,Solved,1
BPP_1000_50_0.2_0.7_0.txt,455,455,Solved,1
BPP_1000_50_0.2_0.8_0.txt,521,521,Solved,0
BPP_1000_50_0.1_0.7_1.txt,391,391,Solved,1
BPP_1000_50_0.1_0.8_1.txt,452,452,Solved,1
BPP_1000_50_0.2_0.7_1.txt,446,446,Solved,1
BPP_1000_50_0.2_0.8_1.txt,497,497,Solved,1
BPP_1000_50_0.1_0.7_2.txt,400,400,Solved,1
BPP_1000_50_0.1_0.8_2.txt,450,450,Solved,1
BPP_1000_50_0.2_0.7_2.txt,455,455,Solved,1
BPP_1000_50_0.2_0.8_2.txt,505,505,Solved,1
BPP_1000_50_0.1_0.7_3.txt,388,388,Solved,1
BPP_1000_50_0.1_0.8_3.txt,458,458,Solved,1
BPP_1000_50_0.2_0.7_3.txt,446,446,Solved,1
BPP_1000_50_0.2_0.8_3.txt,509,509,Solved,0
BPP_1000_50_0.1_0.7_4.txt,395,395,Solved,1
BPP_1000_50_0.1_0.8_4.txt,449,449,Solved,1
BPP_1000_50_0.2_0.7_4.txt,443,443,Solved,1
BPP_1000_50_0.2_0.8_4.txt,500,500,Solved,0
BPP_1000_50_0.1_0.7_5.txt,404,404,Solved,1
BPP_1000_50_0.1_0.8_5.txt,448,448,Solved,1
BPP_1000_50_0.2_0.7_5.txt,446,446,Solved,1
BPP_1000_50_0.2_0.8_5.txt,493,493,Solved,1
BPP_1000_50_0.1_0.7_6.txt,411,411,Solved,1
BPP_1000_50_0.1_0.8_6.txt,454,454,Solved,1
BPP_1000_50_0.2_0.7_6.txt,451,451,Solved,1
BPP_1000_50_0.2_0.8_6.txt,501,501,Solved,1
BPP_1000_50_0.1_0.7_7.txt,399,399,Solved,1
BPP_1000_50_0.1_0.8_7.txt,451,451,Solved,1
BPP_1000_50_0.2_0.7_7.txt,453,453,Solved,1
BPP_1000_50_0.2_0.8_7.txt,500,500,Solved,1
BPP_1000_50_0.1_0.7_8.txt,395,395,Solved,1
BPP_1000_50_0.1_0.8_8.txt,444,444,Solved,1
BPP_1000_50_0.2_0.7_8.txt,456,456,Solved,1
BPP_1000_50_0.2_0.8_8.txt,506,506,Solved,0
BPP_1000_50_0.1_0.7_9.txt,404,404,Solved,1
BPP_1000_50_0.1_0.8_9.txt,448,448,Solved,1
BPP_1000_50_0.2_0.7_9.txt,448,448,Solved,1
BPP_1000_50_0.2_0.8_9.txt,518,518,Solved,1
BPP_1000_75_0.1_0.7_0.txt,397,397,Solved,1
BPP_1000_75_0.1_0.8_0.txt,435,435,Solved,1
BPP_1000_75_0.2_0.7_0.txt,458,458,Solved,1
BPP_1000_75_0.2_0.8_0.txt,524,524,Solved,1
BPP_1000_75_0.1_0.7_1.txt,396,396,Solved,1
BPP_1000_75_0.1_0.8_1.txt,449,449,Solved,1
BPP_1000_75_0.2_0.7_1.txt,441,441,Solved,1
BPP_1000_75_0.2_0.8_1.txt,518,518,Solved,1
BPP_1000_75_0.1_0.7_2.txt,409,409,Solved,1
BPP_1000_75_0.1_0.8_2.txt,453,453,Solved,1
BPP_1000_75_0.2_0.7_2.txt,451,451,Solved,1
BPP_1000_75_0.2_0.8_2.txt,512,512,Solved,1
BPP_1000_75_0.1_0.7_3.txt,393,393,Solved,1
BPP_1000_75_0.1_0.8_3.txt,457,457,Solved,1
BPP_1000_75_0.2_0.7_3.txt,450,450,Solved,1
BPP_1000_75_0.2_0.8_3.txt,526,526,Solved,1
BPP_1000_75_0.1_0.7_4.txt,396,396,Solved,1
BPP_1000_75_0.1_0.8_4.txt,445,445,Solved,1
BPP_1000_75_0.2_0.7_4.txt,445,445,Solved,1
BPP_1000_75_0.2_0.8_4.txt,508,508,Solved,0
BPP_1000_75_0.1_0.7_5.txt,389,389,Solved,1
BPP_1000_75_0.1_0.8_5.txt,453,453,Solved,1
BPP_1000_75_0.2_0.7_5.txt,446,446,Solved,1
BPP_1000_75_0.2_0.8_5.txt,503,503,Solved,1
BPP_1000_75_0.1_0.7_6.txt,389,389,Solved,1
BPP_1000_75_0.1_0.8_6.txt,453,453,Solved,1
BPP_1000_75_0.2_0.7_6.txt,453,453,Solved,1
BPP_1000_75_0.2_0.8_6.txt,487,487,Solved,1
BPP_1000_75_0.1_0.7_7.txt,396,396,Solved,1
BPP_1000_75_0.1_0.8_7.txt,456,456,Solved,1
BPP_1000_75_0.2_0.7_7.txt,453,453,Solved,1
BPP_1000_75_0.2_0.8_7.txt,505,505,Solved,1
BPP_1000_75_0.1_0.7_8.txt,396,396,Solved,1
BPP_1000_75_0.1_0.8_8.txt,452,452,Solved,1
BPP_1000_75_0.2_0.7_8.txt,447,447,Solved,1
BPP_1000_75_0.2_0.8_8.txt,508,508,Solved,1
BPP_1000_75_0.1_0.7_9.txt,387,387,Solved,1
BPP_1000_75_0.1_0.8_9.txt,444,444,Solved,1
BPP_1000_75_0.2_0.7_9.txt,439,439,Solved,1
BPP_1000_75_0.2_0.8_9.txt,512,512,Solved,0
BPP_1000_100_0.1_0.7_0.txt,400,400,Solved,1
BPP_1000_100_0.1_0.8_0.txt,452,452,Solved,1
BPP_1000_100_0.2_0.7_0.txt,447,447,Solved,1
BPP_1000_100_0.2_0.8_0.txt,516,516,Solved,0
BPP_1000_100_0.1_0.7_1.txt,394,394,Solved,1
BPP_1000_100_0.1_0.8_1.txt,449,449,Solved,1
BPP_1000_100_0.2_0.7_1.txt,447,447,Solved,1
BPP_1000_100_0.2_0.8_1.txt,493,493,Solved,1
BPP_1000_100_0.1_0.7_2.txt,398,398,Solved,1
BPP_1000_100_0.1_0.8_2.txt,451,451,Solved,1
BPP_1000_100_0.2_0.7_2.txt,452,452,Solved,1
BPP_1000_100_0.2_0.8_2.txt,507,507,Solved,0
BPP_1000_100_0.1_0.7_3.txt,398,398,Solved,1
BPP_1000_100_0.1_0.8_3.txt,454,454,Solved,1
BPP_1000_100_0.2_0.7_3.txt,453,453,Solved,1
BPP_1000_100_0.2_0.8_3.txt,509,509,Solved,1
BPP_1000_100_0.1_0.7_4.txt,401,401,Solved,1
BPP_1000_100_0.1_0.8_4.txt,456,456,Solved,1
BPP_1000_100_0.2_0.7_4.txt,453,453,Solved,1
BPP_1000_100_0.2_0.8_4.txt,527,527,Solved,1
BPP_1000_100_0.1_0.7_5.txt,409,409,Solved,1
BPP_1000_100_0.1_0.8_5.txt,449,449,Solved,1
BPP_1000_100_0.2_0.7_5.txt,456,456,Solved,1
BPP_1000_100_0.2_0.8_5.txt,502,502,Solved,1
BPP_1000_100_0.1_0.7_6.txt,398,398,Solved,1
BPP_1000_100_0.1_0.8_6.txt,452,452,Solved,1
BPP_1000_100_0.2_0.7_6.txt,455,455,Solved,1
BPP_1000_100_0.2_0.8_6.txt,495,495,Solved,1
BPP_1000_100_0.1_0.7_7.txt,400,400,Solved,1
BPP_1000_100_0.1_0.8_7.txt,453,453,Solved,1
BPP_1000_100_0.2_0.7_7.txt,452,452,Solved,1
BPP_1000_100_0.2_0.8_7.txt,493,493,Solved,1
BPP_1000_100_0.1_0.7_8.txt,395,395,Solved,1
BPP_1000_100_0.1_0.8_8.txt,454,454,Solved,1
BPP_1000_100_0.2_0.7_8.txt,452,452,Solved,1
BPP_1000_100_0.2_0.8_8.txt,518,518,Solved,0
BPP_1000_100_0.1_0.7_9.txt,409,409,Solved,1
BPP_1000_100_0.1_0.8_9.txt,453,453,Solved,1
BPP_1000_100_0.2_0.7_9.txt,451,451,Solved,1
BPP_1000_100_0.2_0.8_9.txt,508,508,Solved,1
BPP_1000_120_0.1_0.7_0.txt,399,399,Solved,1
BPP_1000_120_0.1_0.8_0.txt,445,445,Solved,1
BPP_1000_120_0.2_0.7_0.txt,451,451,Solved,1
BPP_1000_120_0.2_0.8_0.txt,512,512,Solved,1
BPP_1000_120_0.1_0.7_1.txt,404,404,Solved,1
BPP_1000_120_0.1_0.8_1.txt,450,450,Solved,1
BPP_1000_120_0.2_0.7_1.txt,456,456,Solved,1
BPP_1000_120_0.2_0.8_1.txt,499,499,Solved,1
BPP_1000_120_0.1_0.7_2.txt,395,395,Solved,1
BPP_1000_120_0.1_0.8_2.txt,448,448,Solved,1
BPP_1000_120_0.2_0.7_2.txt,451,451,Solved,1
BPP_1000_120_0.2_0.8_2.txt,506,506,Solved,0
BPP_1000_120_0.1_0.7_3.txt,395,395,Solved,1
BPP_1000_120_0.1_0.8_3.txt,479,479,Solved,0
BPP_1000_120_0.2_0.7_3.txt,451,451,Solved,1
BPP_1000_120_0.2_0.8_3.txt,511,511,Solved,0
BPP_1000_120_0.1_0.7_4.txt,401,401,Solved,1
BPP_1000_120_0.1_0.8_4.txt,446,446,Solved,1
BPP_1000_120_0.2_0.7_4.txt,452,452,Solved,1
BPP_1000_120_0.2_0.8_4.txt,502,502,Solved,1
BPP_1000_120_0.1_0.7_5.txt,400,400,Solved,1
BPP_1000_120_0.1_0.8_5.txt,443,443,Solved,1
BPP_1000_120_0.2_0.7_5.txt,453,453,Solved,1
BPP_1000_120_0.2_0.8_5.txt,493,493,Solved,1
BPP_1000_120_0.1_0.7_6.txt,408,408,Solved,1
BPP_1000_120_0.1_0.8_6.txt,446,446,Solved,1
BPP_1000_120_0.2_0.7_6.txt,450,450,Solved,1
BPP_1000_120_0.2_0.8_6.txt,511,511,Solved,0
BPP_1000_120_0.1_0.7_7.txt,391,391,Solved,1
BPP_1000_120_0.1_0.8_7.txt,465,465,Solved,1
BPP_1000_120_0.2_0.7_7.txt,467,467,Solved,1
BPP_1000_120_0.2_0.8_7.txt,494,494,Solved,1
BPP_1000_120_0.1_0.7_8.txt,394,394,Solved,1
BPP_1000_120_0.1_0.8_8.txt,452,452,Solved,1
BPP_1000_120_0.2_0.7_8.txt,450,450,Solved,1
BPP_1000_120_0.2_0.8_8.txt,512,512,Solved,1
BPP_1000_120_0.1_0.7_9.txt,408,408,Solved,1
BPP_1000_120_0.1_0.8_9.txt,450,450,Solved,1
BPP_1000_120_0.2_0.7_9.txt,446,446,Solved,1
BPP_1000_120_0.2_0.8_9.txt,521,521,Solved,1
BPP_1000_125_0.1_0.7_0.txt,397,397,Solved,1
BPP_1000_125_0.1_0.8_0.txt,442,442,Solved,1
BPP_1000_125_0.2_0.7_0.txt,450,450,Solved,1
BPP_1000_125_0.2_0.8_0.txt,513,513,Solved,0
BPP_1000_125_0.1_0.7_1.txt,397,397,Solved,1
BPP_1000_125_0.1_0.8_1.txt,441,441,Solved,1
BPP_1000_125_0.2_0.7_1.txt,445,445,Solved,1
BPP_1000_125_0.2_0.8_1.txt,506,506,Solved,1
BPP_1000_125_0.1_0.7_2.txt,382,382,Solved,1
BPP_1000_125_0.1_0.8_2.txt,466,466,Solved,1
BPP_1000_125_0.2_0.7_2.txt,450,450,Solved,1
BPP_1000_125_0.2_0.8_2.txt,518,518,Solved,1
BPP_1000_125_0.1_0.7_3.txt,403,403,Solved,1
BPP_1000_125_0.1_0.8_3.txt,442,442,Solved,1
BPP_1000_125_0.2_0.7_3.txt,455,455,Solved,1
BPP_1000_125_0.2_0.8_3.txt,527,527,Solved,0
BPP_1000_125_0.1_0.7_4.txt,398,398,Solved,1
BPP_1000_125_0.1_0.8_4.txt,447,447,Solved,1
BPP_1000_125_0.2_0.7_4.txt,440,440,Solved,1
BPP_1000_125_0.2_0.8_4.txt,497,497,Solved,1
BPP_1000_125_0.1_0.7_5.txt,399,399,Solved,1
BPP_1000_125_0.1_0.8_5.txt,460,460,Solved,1
BPP_1000_125_0.2_0.7_5.txt,454,454,Solved,1
BPP_1000_125_0.2_0.8_5.txt,496,496,Solved,1
BPP_1000_125_0.1_0.7_6.txt,400,400,Solved,1
BPP_1000_125_0.1_0.8_6.txt,449,449,Solved,1
BPP_1000_125_0.2_0.7_6.txt,447,447,Solved,1
BPP_1000_125_0.2_0.8_6.txt,506,506,Solved,1
BPP_1000_125_0.1_0.7_7.txt,400,400,Solved,1
BPP_1000_125_0.1_0.8_7.txt,446,446,Solved,1
BPP_1000_125_0.2_0.7_7.txt,453,453,Solved,1
BPP_1000_125_0.2_0.8_7.txt,504,504,Solved,1
BPP_1000_125_0.1_0.7_8.txt,395,395,Solved,1
BPP_1000_125_0.1_0.8_8.txt,439,439,Solved,1
BPP_1000_125_0.2_0.7_8.txt,452,452,Solved,1
BPP_1000_125_0.2_0.8_8.txt,495,495,Solved,1
BPP_1000_125_0.1_0.7_9.txt,406,406,Solved,1
BPP_1000_125_0.1_0.8_9.txt,440,440,Solved,1
BPP_1000_125_0.2_0.7_9.txt,445,445,Solved,1
BPP_1000_125_0.2_0.8_9.txt,498,498,Solved,1
BPP_1000_150_0.1_0.7_0.txt,395,395,Solved,1
BPP_1000_150_0.1_0.8_0.txt,444,444,Solved,1
BPP_1000_150_0.2_0.7_0.txt,448,448,Solved,1
BPP_1000_150_0.2_0.8_0.txt,516,516,Solved,0
BPP_1000_150_0.1_0.7_1.txt,398,398,Solved,1
BPP_1000_150_0.1_0.8_1.txt,444,444,Solved,1
BPP_1000_150_0.2_0.7_1.txt,454,454,Solved,1
BPP_1000_150_0.2_0.8_1.txt,495,495,Solved,1
BPP_1000_150_0.1_0.7_2.txt,399,399,Solved,1
BPP_1000_150_0.1_0.8_2.txt,453,453,Solved,1
BPP_1000_150_0.2_0.7_2.txt,439,439,Solved,1
BPP_1000_150_0.2_0.8_2.txt,500,500,Solved,1
BPP_1000_150_0.1_0.7_3.txt,401,401,Solved,1
BPP_1000_150_0.1_0.8_3.txt,450,450,Solved,1
BPP_1000_150_0.2_0.7_3.txt,450,450,Solved,1
BPP_1000_150_0.2_0.8_3.txt,501,501,Solved,0
BPP_1000_150_0.1_0.7_4.txt,398,398,Solved,1
BPP_1000_150_0.1_0.8_4.txt,447,447,Solved,1
BPP_1000_150_0.2_0.7_4.txt,453,453,Solved,1
BPP_1000_150_0.2_0.8_4.txt,507,507,Solved,1
BPP_1000_150_0.1_0.7_5.txt,394,394,Solved,1
BPP_1000_150_0.1_0.8_5.txt,454,454,Solved,1
BPP_1000_150_0.2_0.7_5.txt,443,443,Solved,1
BPP_1000_150_0.2_0.8_5.txt,513,513,Solved,0
BPP_1000_150_0.1_0.7_6.txt,404,404,Solved,1
BPP_1000_150_0.1_0.8_6.txt,449,449,Solved,1
BPP_1000_150_0.2_0.7_6.txt,447,447,Solved,1
BPP_1000_150_0.2_0.8_6.txt,499,499,Solved,1
BPP_1000_150_0.1_0.7_7.txt,410,410,Solved,1
BPP_1000_150_0.1_0.8_7.txt,443,443,Solved,1
BPP_1000_150_0.2_0.7_7.txt,447,447,Solved,1
BPP_1000_150_0.2_0.8_7.txt,525,525,Solved,0
BPP_1000_150_0.1_0.7_8.txt,400,400,Solved,1
BPP_1000_150_0.1_0.8_8.txt,450,450,Solved,1
BPP_1000_150_0.2_0.7_8.txt,454,454,Solved,1
BPP_1000_150_0.2_0.8_8.txt,505,505,Solved,1
BPP_1000_150_0.1_0.7_9.txt,402,402,Solved,1
BPP_1000_150_0.1_0.8_9.txt,453,453,Solved,1
BPP_1000_150_0.2_0.7_9.txt,452,452,Solved,1
BPP_1000_150_0.2_0.8_9.txt,525,525,Solved,0
BPP_1000_200_0.1_0.7_0.txt,403,403,Solved,1
BPP_1000_200_0.1_0.8_0.txt,449,449,Solved,1
BPP_1000_200_0.2_0.7_0.txt,453,453,Solved,1
BPP_1000_200_0.2_0.8_0.txt,517,517,Solved,0
BPP_1000_200_0.1_0.7_1.txt,398,398,Solved,1
BPP_1000_200_0.1_0.8_1.txt,456,456,Solved,1
BPP_1000_200_0.2_0.7_1.txt,447,447,Solved,1
BPP_1000_200_0.2_0.8_1.txt,490,490,Solved,1
BPP_1000_200_0.1_0.7_2.txt,391,391,Solved,1
BPP_1000_200_0.1_0.8_2.txt,433,433,Solved,1
BPP_1000_200_0.2_0.7_2.txt,446,446,Solved,1
BPP_1000_200_0.2_0.8_2.txt,499,499,Solved,1
BPP_1000_200_0.1_0.7_3.txt,396,396,Solved,1
BPP_1000_200_0.1_0.8_3.txt,448,448,Solved,1
BPP_1000_200_0.2_0.7_3.txt,455,455,Solved,1
BPP_1000_200_0.2_0.8_3.txt,526,526,Solved,1
BPP_1000_200_0.1_0.7_4.txt,401,401,Solved,1
BPP_1000_200_0.1_0.8_4.txt,450,450,Solved,1
BPP_1000_200_0.2_0.7_4.txt,449,449,Solved,1
BPP_1000_200_0.2_0.8_4.txt,518,518,Solved,1
BPP_1000_200_0.1_0.7_5.txt,403,403,Solved,1
BPP_1000_200_0.1_0.8_5.txt,454,454,Solved,1
BPP_1000_200_0.2_0.7_5.txt,446,446,Solved,1
BPP_1000_200_0.2_0.8_5.txt,517,517,Solved,0
BPP_1000_200_0.1_0.7_6.txt,405,405,Solved,1
BPP_1000_200_0.1_0.8_6.txt,448,448,Solved,1
BPP_1000_200_0.2_0.7_6.txt,454,454,Solved,1
BPP_1000_200_0.2_0.8_6.txt,497,497,Solved,1
BPP_1000_200_0.1_0.7_7.txt,396,396,Solved,1
BPP_1000_200_0.1_0.8_7.txt,439,439,Solved,1
BPP_1000_200_0.2_0.7_7.txt,450,450,Solved,1
BPP_1000_200_0.2_0.8_7.txt,510,510,Solved,0
BPP_1000_200_0.1_0.7_8.txt,399,399,Solved,1
BPP_1000_200_0.1_0.8_8.txt,447,447,Solved,1
BPP_1000_200_0.2_0.7_8.txt,454,454,Solved,1
BPP_1000_200_0.2_0.8_8.txt,520,520,Solved,1
BPP_1000_200_0.1_0.7_9.txt,402,402,Solved,1
BPP_1000_200_0.1_0.8_9.txt,443,443,Solved,1
BPP_1000_200_0.2_0.7_9.txt,451,451,Solved,1
BPP_1000_200_0.2_0.8_9.txt,508,508,Solved,1
BPP_1000_300_0.1_0.7_0.txt,393,393,Solved,1
BPP_1000_300_0.1_0.8_0.txt,450,450,Solved,1
BPP_1000_300_0.2_0.7_0.txt,443,443,Solved,1
BPP_1000_300_0.2_0.8_0.txt,532,532,Solved,0
BPP_1000_300_0.1_0.7_1.txt,392,392,Solved,1
BPP_1000_300_0.1_0.8_1.txt,444,444,Solved,1
BPP_1000_300_0.2_0.7_1.txt,450,450,Solved,1
BPP_1000_300_0.2_0.8_1.txt,513,513,Solved,1
BPP_1000_300_0.1_0.7_2.txt,397,397,Solved,1
BPP_1000_300_0.1_0.8_2.txt,451,451,Solved,1
BPP_1000_300_0.2_0.7_2.txt,451,451,Solved,1
BPP_1000_300_0.2_0.8_2.txt,502,502,Solved,0
BPP_1000_300_0.1_0.7_3.txt,393,393,Solved,1
BPP_1000_300_0.1_0.8_3.txt,454,454,Solved,1
BPP_1000_300_0.2_0.7_3.txt,457,457,Solved,1
BPP_1000_300_0.2_0.8_3.txt,496,496,Solved,1
BPP_1000_300_0.1_0.7_4.txt,402,402,Solved,1
BPP_1000_300_0.1_0.8_4.txt,448,448,Solved,1
BPP_1000_300_0.2_0.7_4.txt,448,448,Solved,1
BPP_1000_300_0.2_0.8_4.txt,507,507,Solved,0
BPP_1000_300_0.1_0.7_5.txt,407,407,Solved,1
BPP_1000_300_0.1_0.8_5.txt,455,455,Solved,1
BPP_1000_300_0.2_0.7_5.txt,442,442,Solved,1
BPP_1000_300_0.2_0.8_5.txt,491,491,Solved,1
BPP_1000_300_0.1_0.7_6.txt,402,402,Solved,1
BPP_1000_300_0.1_0.8_6.txt,453,453,Solved,1
BPP_1000_300_0.2_0.7_6.txt,459,459,Solved,1
BPP_1000_300_0.2_0.8_6.txt,500,500,Solved,1
BPP_1000_300_0.1_0.7_7.txt,406,406,Solved,1
BPP_1000_300_0.1_0.8_7.txt,450,450,Solved,1
BPP_1000_300_0.2_0.7_7.txt,443,443,Solved,1
BPP_1000_300_0.2_0.8_7.txt,510,510,Solved,1
BPP_1000_300_0.1_0.7_8.txt,392,392,Solved,1
BPP_1000_300_0.1_0.8_8.txt,447,447,Solved,1
BPP_1000_300_0.2_0.7_8.txt,456,456,Solved,1
BPP_1000_300_0.2_0.8_8.txt,503,503,Solved,1
BPP_1000_300_0.1_0.7_9.txt,397,397,Solved,1
BPP_1000_300_0.1_0.8_9.txt,465,465,Solved,1
BPP_1000_300_0.2_0.7_9.txt,453,453,Solved,1
BPP_1000_300_0.2_0.8_9.txt,516,516,Solved,1
BPP_1000_400_0.1_0.7_0.txt,401,401,Solved,1
BPP_1000_400_0.1_0.8_0.txt,436,436,Solved,1
BPP_1000_400_0.2_0.7_0.txt,450,450,Solved,1
BPP_1000_400_0.2_0.8_0.txt,487,487,Solved,1
BPP_1000_400_0.1_0.7_1.txt,402,402,Solved,1
BPP_1000_400_0.1_0.8_1.txt,455,455,Solved,1
BPP_1000_400_0.2_0.7_1.txt,451,451,Solved,1
BPP_1000_400_0.2_0.8_1.txt,539,539,Solved,0
BPP_1000_400_0.1_0.7_2.txt,405,405,Solved,1
BPP_1000_400_0.1_0.8_2.txt,455,455,Solved,1
BPP_1000_400_0.2_0.7_2.txt,453,453,Solved,1
BPP_1000_400_0.2_0.8_2.txt,502,502,Solved,1
BPP_1000_400_0.1_0.7_3.txt,393,393,Solved,1
BPP_1000_400_0.1_0.8_3.txt,450,450,Solved,1
BPP_1000_400_0.2_0.7_3.txt,450,450,Solved,1
BPP_1000_400_0.2_0.8_3.txt,513,513,Solved,1
BPP_1000_400_0.1_0.7_4.txt,395,395,Solved,1
BPP_1000_400_0.1_0.8_4.txt,449,449,Solved,1
BPP_1000_400_0.2_0.7_4.txt,449,449,Solved,1
BPP_1000_400_0.2_0.8_4.txt,510,510,Solved,0
BPP_1000_400_0.1_0.7_5.txt,405,405,Solved,1
BPP_1000_400_0.1_0.8_5.txt,448,448,Solved,1
BPP_1000_400_0.2_0.7_5.txt,451,451,Solved,1
BPP_1000_400_0.2_0.8_5.txt,499,499,Solved,1
BPP_1000_400_0.1_0.7_6.txt,402,402,Solved,1
BPP_1000_400_0.1_0.8_6.txt,454,454,Solved,1
BPP_1000_400_0.2_0.7_6.txt,450,450,Solved,1
BPP_1000_400_0.2_0.8_6.txt,494,494,Solved,1
BPP_1000_400_0.1_0.7_7.txt,403,403,Solved,1
BPP_1000_400_0.1_0.8_7.txt,447,447,Solved,1
BPP_1000_400_0.2_0.7_7.txt,454,454,Solved,1
BPP_1000_400_0.2_0.8_7.txt,546,546,Solved,0
BPP_1000_400_0.1_0.7_8.txt,402,402,Solved,1
BPP_1000_400_0.1_0.8_8.txt,444,444,Solved,1
BPP_1000_400_0.2_0.7_8.txt,451,451,Solved,1
BPP_1000_400_0.2_0.8_8.txt,508,508,Solved,1
BPP_1000_400_0.1_0.7_9.txt,402,402,Solved,1
BPP_1000_400_0.1_0.8_9.txt,445,445,Solved,1
BPP_1000_400_0.2_0.7_9.txt,450,450,Solved,1
BPP_1000_400_0.2_0.8_9.txt,504,504,Solved,0
BPP_1000_500_0.1_0.7_0.txt,403,403,Solved,1
BPP_1000_500_0.1_0.8_0.txt,449,449,Solved,1
BPP_1000_500_0.2_0.7_0.txt,464,464,Solved,1
BPP_1000_500_0.2_0.8_0.txt,524,524,Solved,1
BPP_1000_500_0.1_0.7_1.txt,405,405,Solved,1
BPP_1000_500_0.1_0.8_1.txt,447,447,Solved,1
BPP_1000_500_0.2_0.7_1.txt,456,456,Solved,1
BPP_1000_500_0.2_0.8_1.txt,509,509,Solved,1
BPP_1000_500_0.1_0.7_2.txt,395,395,Solved,1
BPP_1000_500_0.1_0.8_2.txt,455,455,Solved,1
BPP_1000_500_0.2_0.7_2.txt,447,447,Solved,1
BPP_1000_500_0.2_0.8_2.txt,496,496,Solved,1
BPP_1000_500_0.1_0.7_3.txt,396,396,Solved,1
BPP_1000_500_0.1_0.8_3.txt,450,450,Solved,1
BPP_1000_500_0.2_0.7_3.txt,457,457,Solved,1
BPP_1000_500_0.2_0.8_3.txt,499,499,Solved,0
BPP_1000_500_0.1_0.7_4.txt,413,413,Solved,1
BPP_1000_500_0.1_0.8_4.txt,460,460,Solved,1
BPP_1000_500_0.2_0.7_4.txt,450,450,Solved,1
BPP_1000_500_0.2_0.8_4.txt,505,505,Solved,1
BPP_1000_500_0.1_0.7_5.txt,395,395,Solved,1
BPP_1000_500_0.1_0.8_5.txt,444,444,Solved,1
BPP_1000_500_0.2_0.7_5.txt,442,442,Solved,1
BPP_1000_500_0.2_0.8_5.txt,511,511,Solved,0
BPP_1000_500_0.1_0.7_6.txt,402,402,Solved,1
BPP_1000_500_0.1_0.8_6.txt,455,455,Solved,1
BPP_1000_500_0.2_0.7_6.txt,455,455,Solved,1
BPP_1000_500_0.2_0.8_6.txt,521,521,Solved,0
BPP_1000_500_0.1_0.7_7.txt,401,401,Solved,1
BPP_1000_500_0.1_0.8_7.txt,453,453,Solved,1
BPP_1000_500_0.2_0.7_7.txt,451,451,Solved,1
BPP_1000_500_0.2_0.8_7.txt,502,502,Solved,1
BPP_1000_500_0.1_0.7_8.txt,392,392,Solved,1
BPP_1000_500_0.1_0.8_8.txt,456,456,Solved,1
BPP_1000_500_0.2_0.7_8.txt,449,449,Solved,1
BPP_1000_500_0.2_0.8_8.txt,526,526,Solved,0
BPP_1000_500_0.1_0.7_9.txt,391,391,Solved,1
BPP_1000_500_0.1_0.8_9.txt,444,444,Solved,1
BPP_1000_500_0.2_0.7_9.txt,460,460,Solved,1
BPP_1000_500_0.2_0.8_9.txt,510,510,Solved,1
BPP_1000_750_0.1_0.7_0.txt,406,406,Solved,1
BPP_1000_750_0.1_0.8_0.txt,464,464,Solved,1
BPP_1000_750_0.2_0.7_0.txt,457,457,Solved,1
BPP_1000_750_0.2_0.8_0.txt,500,500,Solved,1
BPP_1000_750_0.1_0.7_1.txt,411,411,Solved,1
BPP_1000_750_0.1_0.8_1.txt,453,453,Solved,1
BPP_1000_750_0.2_0.7_1.txt,449,449,Solved,1
BPP_1000_750_0.2_0.8_1.txt,503,503,Solved,1
BPP_1000_750_0.1_0.7_2.txt,408,408,Solved,1
BPP_1000_750_0.1_0.8_2.txt,461,461,Solved,1
BPP_1000_750_0.2_0.7_2.txt,460,460,Solved,1
BPP_1000_750_0.2_0.8_2.txt,510,510,Solved,1
BPP_1000_750_0.1_0.7_3.txt,392,392,Solved,1
BPP_1000_750_0.1_0.8_3.txt,459,459,Solved,1
BPP_1000_750_0.2_0.7_3.txt,458,458,Solved,1
BPP_1000_750_0.2_0.8_3.txt,507,507,Solved,1
BPP_1000_750_0.1_0.7_4.txt,398,398,Solved,1
BPP_1000_750_0.1_0.8_4.txt,446,446,Solved,1
BPP_1000_750_0.2_0.7_4.txt,454,454,Solved,1
BPP_1000_750_0.2_0.8_4.txt,516,516,Solved,0
BPP_1000_750_0.1_0.7_5.txt,400,400,Solved,1
BPP_1000_750_0.1_0.8_5.txt,445,445,Solved,1
BPP_1000_750_0.2_0.7_5.txt,453,453,Solved,1
BPP_1000_750_0.2_0.8_5.txt,498,498,Solved,1
BPP_1000_750_0.1_0.7_6.txt,412,412,Solved,1
BPP_1000_750_0.1_0.8_6.txt,445,445,Solved,1
BPP_1000_750_0.2_0.7_6.txt,452,452,Solved,1
BPP_1000_750_0.2_0.8_6.txt,532,532,Solved,1
BPP_1000_750_0.1_0.7_7.txt,399,399,Solved,1
BPP_1000_750_0.1_0.8_7.txt,456,456,Solved,1
BPP_1000_750_0.2_0.7_7.txt,454,454,Solved,1
BPP_1000_750_0.2_0.8_7.txt,510,510,Solved,1
BPP_1000_750_0.1_0.7_8.txt,402,402,Solved,1
BPP_1000_750_0.1_0.8_8.txt,463,463,Solved,1
BPP_1000_750_0.2_0.7_8.txt,456,456,Solved,1
BPP_1000_750_0.2_0.8_8.txt,517,517,Solved,1
BPP_1000_750_0.1_0.7_9.txt,406,406,Solved,1
BPP_1000_750_0.1_0.8_9.txt,460,460,Solved,1
BPP_1000_750_0.2_0.7_9.txt,453,453,Solved,1
BPP_1000_750_0.2_0.8_9.txt,523,523,Solved,1
BPP_1000_1000_0.1_0.7_0.txt,397,397,Solved,1
BPP_1000_1000_0.1_0.8_0.txt,449,449,Solved,1
BPP_1000_1000_0.2_0.7_0.txt,446,446,Solved,1
BPP_1000_1000_0.2_0.8_0.txt,508,508,Solved,1
BPP_1000_1000_0.1_0.7_1.txt,391,391,Solved,1
BPP_1000_1000_0.1_0.8_1.txt,458,458,Solved,1
BPP_1000_1000_0.2_0.7_1.txt,455,455,Solved,1
BPP_1000_1000_0.2_0.8_1.txt,542,542,Solved,0
BPP_1000_1000_0.1_0.7_2.txt,394,394,Solved,1
BPP_1000_1000_0.1_0.8_2.txt,460,460,Solved,1
BPP_1000_1000_0.2_0.7_2.txt,451,451,Solved,1
BPP_1000_1000_0.2_0.8_2.txt,505,505,Solved,1
BPP_1000_1000_0.1_0.7_3.txt,390,390,Solved,1
BPP_1000_1000_0.1_0.8_3.txt,444,444,Solved,1
BPP_1000_1000_0.2_0.7_3.txt,453,453,Solved,1
BPP_1000_1000_0.2_0.8_3.txt,519,519,Solved,1
BPP_1000_1000_0.1_0.7_4.txt,400,400,Solved,1
BPP_1000_1000_0.1_0.8_4.txt,454,454,Solved,1
BPP_1000_1000_0.2_0.7_4.txt,459,459,Solved,1
BPP_1000_1000_0.2_0.8_4.txt,520,520,Solved,1
BPP_1000_1000_0.1_0.7_5.txt,401,401,Solved,1
BPP_1000_1000_0.1_0.8_5.txt,442,442,Solved,1
BPP_1000_1000_0.2_0.7_5.txt,455,455,Solved,1
BPP_1000_1000_0.2_0.8_5.txt,511,511,Solved,0
BPP_1000_1000_0.1_0.7_6.txt,399,399,Solved,1
BPP_1000_1000_0.1_0.8_6.txt,453,453,Solved,1
BPP_1000_1000_0.2_0.7_6.txt,453,453,Solved,1
BPP_1000_1000_0.2_0.8_6.txt,514,514,Solved,0
BPP_1000_1000_0.1_0.7_7.txt,407,407,Solved,1
BPP_1000_1000_0.1_0.8_7.txt,446,446,Solved,1
BPP_1000_1000_0.2_0.7_7.txt,451,451,Solved,1
BPP_1000_1000_0.2_0.8_7.txt,512,512,Solved,1
BPP_1000_1000_0.1_0.7_8.txt,397,397,Solved,1
BPP_1000_1000_0.1_0.8_8.txt,449,449,Solved,1
BPP_1000_1000_0.2_0.7_8.txt,448,448,Solved,1
BPP_1000_1000_0.2_0.8_8.txt,531,531,Solved,0
BPP_1000_1000_0.1_0.7_9.txt,411,411,Solved,1
BPP_1000_1000_0.1_0.8_9.txt,459,459,Solved,1
BPP_1000_1000_0.2_0.7_9.txt,451,451,Solved,1
BPP_1000_1000_0.2_0.8_9.txt,501,501,Solved,1
